id,nom,arc_participation,arc_best_place,arc_worst_place,arc_avg_place
cHRPK0JXeWl3U2d5a3Y0T0xiSHBQQT09,ENABLE,4,1.0,6.0,2.5
Ymhld1Y4K1B0Ni81bEU2akFBK0MyZz09,PRIDE,4,1.0,7.0,3.3333333333333335
NnhGZ1B4bXkxSGtiYVFyMG9pN0cyQT09,YOUMZAIN,4,2.0,10.0,4.0
aGV3WlRQYWh4aHhuZmdWYVJ4M2dWZz09,SILJAN'S SAGA,4,1.0,12.0,6.25
eElISExrSmJ5bTJud3BsV0hIa09xdz09,SILVERWAVE,4,9.0,18.0,12.5
d2JMa2NYejhOVDh1OUMzNW9CT2c4UT09,TREVE,3,1.0,4.0,2.0
dThvdkVybk85bHlNd0FTd3J0eWROUT09,HONORIFIQUE,3,2.0,3.0,2.5
bDVMa1gxTS9QbEY5ZncyMWpCVnU4Zz09,NEW BAY,3,1.0,7.0,3.6666666666666665
WXNMTFRrS3h2Z3paQWNEb1RMTUh6Zz09,MILLKOM,3,1.0,9.0,3.6666666666666665
aXFKbGxtY2wzeEU3Zno4SFFSTVhhZz09,SARAFINA,3,1.0,7.0,3.6666666666666665
d29nU2FtRTVHbGN3NGl5S2JOUlljdz09,FLINTSHIRE,3,2.0,8.0,4.0
QzNZVWIrMnp1SmI5ZTFkMGd3NmlOdz09,SILVER POND,3,1.0,8.0,4.0
bTF0a1pWZWQ3N29CUVFXMTVEM3NBQT09,EGYPTBAND,3,2.0,8.0,4.333333333333333
ZWhsREtNSWVCN0FBVUlKcmhUR2szQT09,SWAIN,3,3.0,7.0,4.666666666666667
RWNDQk00cG02VnVyMzVRaHFmS3RtZz09,FAIR MIX,3,2.0,8.0,5.0
VHBBQW5GSkhiWkNXaER1cEFYd1Jadz09,POLICY MAKER,3,1.0,10.0,5.5
OWEvTkFId2VXV0hCOG9oaERMTXE1Zz09,GETAWAY,3,4.0,8.0,6.0
YWhNKzJ4SXd1QWl3MHo3Sm9QYjU0dz09,MEANDRE,3,6.0,10.0,8.0
WERKQUcxZHlmWnphSys3SjB4bXJSZz09,SPIRITJIM,3,1.0,16.0,9.666666666666666
Zk85ZCtxNkpUaUhtSm0xOVVwSTZBQT09,SAMANDO,2,1.0,1.0,1.0
bEhsakV6TzBxb1cxU3RkZ01mT2pxZz09,SUNRISE SONG,2,1.0,1.0,1.0
RXVXVUZDNTBmcW80a1lCNFBpa3Qwdz09,WORKFORCE,2,1.0,1.0,1.0
M28yQnU3bHkvTy9DYUROOUxKL0hCQT09,TESTOSTERONE,2,1.0,1.0,1.0
YWNmUDA5eEQ3dFgyNElBa3B0MlRJQT09,ZARKAVA,2,1.0,1.0,1.0
QUZJRXFPMDJrZGhUM2J2anJBbjlvdz09,HIGHLAND REEL,2,2.0,2.0,2.0
NXhNQ3U3NHhTQ1k4ZU9tSTc5Qmprdz09,HURRICANE RUN,2,1.0,3.0,2.0
NzJIVnlBNlFhRzlic3JDWmFTZ1M5dz09,BAGO,2,1.0,3.0,2.0
QmV0ckRkNXI0Q0JseWNnMDhsQVNxdz09,CHERRY MIX,2,2.0,2.0,2.0
T1FSUTdXMWFzaEhxc2lINnVXTFFHZz09,PILSUDSKI,2,2.0,2.0,2.0
V0swazNFZzMvaCtad3ZUNTdiNmRVUT09,ORFEVRE,2,2.0,2.0,2.0
SklKaW9ZV0k2dnlobHR2Wlk0Q1Uydz09,HERNANDO,2,2.0,2.0,2.0
VmpxdVlzR1R1VGNtdUxJOGVxL0VGZz09,SOTTSASS,2,1.0,3.0,2.0
eHZpS0hMSTB6OHFVZTlQMmZUTWY4dz09,PERSIAN KING,2,1.0,3.0,2.0
ZzZtNWwyQzk1TytwNHJlUGxLUzNDZz09,FOUNDATION SPIRIT,2,2.0,2.0,2.0
NGI3dlJia3phMkVScElneitxdUJrdz09,TOT OU TARD,2,2.0,2.0,2.0
L0tOWlRjUkdkbWttb3FXeXhpVktzZz09,NAKAYAMA FESTA,2,2.0,2.0,2.0
SzlTc1FMTk5YODJpTUtITG4rdUY2QT09,DREAM WELL,2,2.0,2.0,2.0
c2FDVXVlclNjNExrNk9ZSjJLaEgwUT09,CLOTH OF STARS,2,2.0,3.0,2.5
RG1DS2Y3R0tTdWJjNmk1ZWpuelpmQT09,WALDGEIST,2,1.0,4.0,2.5
alRCUjJscmNsR0xuQUFjV2d1cVpOZz09,MONTJEU,2,1.0,4.0,2.5
VHdMRTIwSU5ob1NRRkgzK2dSUHJ0dz09,CELTIC ARMS,2,3.0,3.0,3.0
YjZpZDB0a1NCSGZsSjViT0RnUXNSZz09,HIGH CHAPARRAL,2,3.0,3.0,3.0
MUFIbDcwdEM1TWVuQXBnckRKL3EvZz09,BEHKABAD,2,2.0,4.0,3.0
a2d4UWRmNmlEL3lKWEExeGZMY2ROZz09,LEGGERA,2,2.0,4.0,3.0
SXFsNEYvUmtRVERCV2RSeE93Skl6UT09,ORDER OF ST GEORGE,2,3.0,4.0,3.5
NVRMa3p3MjduelJRSUxRRU0vU2xQZz09,HELISSIO,2,1.0,6.0,3.5
ZUNocmNGWVFTME9hN24zRjFwQy9MZz09,OSCAR SCHINDLER,2,3.0,4.0,3.5
aURsenJ5KzdvSGhpOXhLT2xvN0NjZz09,CARNEGIE,2,1.0,6.0,3.5
b1FicmRzR2x5dFVEd2JrVi9ERW1nQT09,CROCO ROUGE,2,3.0,4.0,3.5
UTFsekZtRUQ4TnNRTW4rck0zU1Zwdz09,FRAGRANT MIX,2,1.0,6.0,3.5
TlVwdUJtc1N6SEFGZk1aTThYYVRGdz09,SOLDIER OF FORTUNE,2,3.0,5.0,4.0
R2JzOXpndkhFeWFsWVRHb3dHM0R6Zz09,WHITE MUZZLE,2,2.0,6.0,4.0
alFQYXlRZVR4cmdQZXM3ZVRNM1NSUT09,INTREPIDITY,2,4.0,4.0,4.0
cDlLZ3poRWZYOVZ0cVhSKzFSaHVSUT09,EZZOUD,2,4.0,4.0,4.0
Y2s5ZWxMbTd0SGo3TU1SejBhRUhHdz09,AQUARELLISTE,2,2.0,6.0,4.0
KzF6Y3V2TDE4YTUwS054TEJjWC83Zz09,TIGER HILL,2,3.0,5.0,4.0
RjBiUHlWMCs1OFJJb3NOd09HdytWdz09,FOUND,2,1.0,9.0,5.0
dldoMUVGaE40ZlJLN21YaWkwdXhUQT09,ST NICHOLAS ABBEY,2,5.0,5.0,5.0
TXBPQlhTdWpIdnE4amFzc3lvd1BtZz09,BRIGHT MOON,2,5.0,5.0,5.0
Q3Y2c2JyZ0IwdVhVYnhMRnk1UHVFZz09,STUDY OF MAN,2,1.0,9.0,5.0
Ri9OeUVIOXBCWmtlSnZLZ3htQm03UT09,BORGIA,2,3.0,7.0,5.0
UU0rT3pmTDFIZVN6MGg5Wm9ISnpFUT09,GAZELLE ROYALE,2,5.0,5.0,5.0
Vmo0cmJtL052cGU0aW4xUVVPNEV4dz09,GALIKOVA,2,1.0,9.0,5.0
UE5CN0FVb2pEckhpVU1NeWNFNHNDQT09,SHIROCCO,2,4.0,7.0,5.5
U3VRd1hQLzVTU3hVRW9iTkVCTVlkUT09,CAVALRYMAN,2,3.0,8.0,5.5
UE15eDlDeGYrMHBMcDRYTEJZaHk3dz09,FAME AND GLORY,2,5.0,6.0,5.5
dWFMZFVIYkVPaHBSMlNDM1BlbVNLQT09,MUBTAKER,2,2.0,9.0,5.5
Y0pQOFZiSnRDb0syczM2cDdvWjNNdz09,SHARETA,2,2.0,9.0,5.5
TVVVTlREMCtHTGlhVDY2eTVOQWgwZz09,LE DESTIN,2,6.0,6.0,6.0
dFhkeERHK0JNRWpQUnQzdTE3dmp4dz09,ONLY ROYALE,2,5.0,7.0,6.0
UWhuTjRaQjZpUGVHT1hLb0NjdVpTQT09,HIGHTORI,2,5.0,7.0,6.0
KzhDK2dKUjVJM0p2eUw1VFUvT0ZSQT09,LANDO,2,4.0,8.0,6.0
REdDazBNSHVPeDUxRzdXNElncFVBQT09,AVENIR CERTAIN,2,2.0,11.0,6.5
T0FSOXFzQ0VpbVNickZvcm15c0FvQT09,PRINCE GIBRALTAR,2,7.0,7.0,7.0
czU4dVB6aEQxV01OeGNYMFpuaW11Zz09,LEFT HAND,2,2.0,12.0,7.0
bU9FemMxZEZsMUdNdmF1SkFhM3BZZz09,ZARAK,2,5.0,10.0,7.5
YXVNNGJ2ejN5Tmh3emJqZ0xocEh3Zz09,PLUMATIC,2,2.0,13.0,7.5
RkdjY3JKQldKa3lmQjkxaTkxNGYxUT09,VISION D'ETAT,2,5.0,10.0,7.5
SVBpN2FvMnJyN1hZYkJ2dUNVRWxDUT09,MAGICAL,2,5.0,10.0,7.5
L1Z1bVhvZ3VMNlQ5eDdOYVJVRXU2dz09,ZAMBEZI SUN,2,8.0,8.0,8.0
Wjl1NWVXZGlWdlI4dUJwSndENFY2QT09,AL KAZEEM,2,6.0,10.0,8.0
T284Ny8xbGpaUUxSQXhJUDcrNTl4dz09,RULER OF THE WORLD,2,7.0,9.0,8.0
eW9wL1M0ajNpYjhGTkRXb2RXNWx4Zz09,BLACK SAM BELLAMY,2,6.0,10.0,8.0
TDZWWU5GekZ4dWRDVzVobkh4Mk0xUT09,ANABAA BLUE,2,7.0,9.0,8.0
cWNmWU43djZIbDhsSVhzQ3BrWlJ1UT09,WIENER WALZER,2,8.0,8.0,8.0
RWR5RWt3QWVRWFdnRitibDhxbGh0UT09,ONE FOOT IN HEAVEN,2,6.0,11.0,8.5
MFgydTJBQmZoaUdDTVZKaTdDUkFCUT09,WARRSAN,2,8.0,9.0,8.5
WWRNU2l1QUQ4YktjMkZQUFBJRysrdz09,DOLNIYA,2,5.0,13.0,9.0
Rm4yclZydUFyWTBBTFNaaDVPN09NUT09,VERT AMANDE,2,9.0,9.0,9.0
ZWd4UmkyYTlrK25ZTGRQcFhBWUZ2QT09,GOING SOMEWHERE,2,9.0,9.0,9.0
WlBBRkdSeEt6ekVWTUtnMzZKazlmZz09,POSIDONAS,2,9.0,9.0,9.0
Mlp1ejhKMHZENFhrUHlqanc5V3NFZz09,ECTOT,2,1.0,17.0,9.0
RlZKZW5yTVkxQ2VLUG1OSTlMMytGZz09,WAY TO PARIS,2,9.0,11.0,10.0
alJjOVppdmZJZ2RTaGZFMmVqZVZlUT09,HAYA LANDA,2,4.0,17.0,10.5
ak04VG9jcmlLQ3gxQ2l5ZExmMGdBUT09,PIRIKA,2,6.0,15.0,10.5
aVNwNVk4YjBqZis5Yjc4K1NKbHJOZz09,CAPRI,2,5.0,17.0,11.0
Z2I5elZrWUt2dW1KQ0lvb2lvVFhTdz09,TALISMANIC,2,11.0,13.0,12.0
ZGpkOS83OFFpWmJZWm1VOUdRQzk3dz09,IVANHOWE,2,6.0,18.0,12.0
a3ZsWE50QllNQ2p2M1hxM2pUQ2d2QT09,TAPESTRY,2,13.0,16.0,14.5
eUN1b2p2LzY1blY2Y2NKV2JVWk5YUT09,DANCIENNE,2,,,
SHpmdDVUam5PNDMyOTJuWDJBVUFidz09,GOLDEN HORN,1,1.0,1.0,1.0
c2hTVHkvbXJ6clRTR3UwTlZMRDJOUT09,DYLAN THOMAS,1,1.0,1.0,1.0
TFRBMCs2V2N4RXRvVEJJd20xY2loUT09,RAIL LINK,1,1.0,1.0,1.0
c3NOZGpYL21vTnJBVXo4NXJaZWdRdz09,SEA THE STARS,1,1.0,1.0,1.0
c3NrdkxkRTJ2bnpBU1Jkckt1M2VkQT09,SOLEMIA,1,1.0,1.0,1.0
QVBjY3U4T0hlMHhpcHpRQndEKzQwUT09,URBAN SEA,1,1.0,1.0,1.0
T29BOHFrSVdxK0RGdGYzejBxNnZ6dz09,PEINTRE CELEBRE,1,1.0,1.0,1.0
L0QxVDM5Z1RTRngwcVZQRitlVHkyUT09,SINNDAR,1,1.0,1.0,1.0
ckY1NENrK295WjZodi9ZOVFBWjhVZz09,DALAKHANI,1,1.0,1.0,1.0
Q09vZGtmR2t2T1Q5UHIvNldWVTNkZz09,MARIENBARD,1,1.0,1.0,1.0
d3ZkNDdhdEIwU291cEMydDdRc3NqQT09,LAMMTARRA,1,1.0,1.0,1.0
Vmx6VGluUndKMzd2TDZZTnJpWHIwQT09,DANEDREAM,1,1.0,1.0,1.0
dFdtYXAvbk1SMUxyOHI0L1R5U1NpQT09,SAKHEE,1,1.0,1.0,1.0
NS9GM3M5SEFXNjJrSjI0aUl2RzluQT09,SAGAMIX,1,1.0,1.0,1.0
NkRXM3c5TUloZ3BMSExvbkdyS2g4QT09,WESTERNER,1,2.0,2.0,2.0
MnlGN1A4ZHhhYWlLM3ZsVTBZaUhNdz09,SEA OF CLASS,1,2.0,2.0,2.0
OEtVY3N1ZmxHVTNwUTlQVWdDdXZDZz09,IN SWOOP,1,2.0,2.0,2.0
bks5ejRHSWhPa3o0R2pPY3MzR3lnQT09,SULAMANI,1,2.0,2.0,2.0
OWlHaU9CYlJPeXVITy84SHFDeWlvZz09,FREEDOM CRY,1,2.0,2.0,2.0
cEZDR25PdjRiTEk2OUlsVmgvS1VHQT09,EL CONDOR PASA,1,2.0,2.0,2.0
QU9BR0xQQzRVK3BVSjBVS0tHaWVZUT09,SAGARA,1,3.0,3.0,3.0
cTd4UlF5R2FGTnRpR0tlNjRWY3RDdz09,ULYSSES,1,3.0,3.0,3.0
eXB6YklZaWpoeitGVlN5Tko5MWdyQT09,MASTERSTROKE,1,3.0,3.0,3.0
Z3hBWVB1RWpmV20xa3MrcnVnVFFkUT09,OPERA HOUSE,1,3.0,3.0,3.0
Rm8xbnU4bFU3SkNHTmUvajc2c0xYUT09,INTELLO,1,3.0,3.0,3.0
T2ZmWGFFYXYxWWQ2LzBDdXY0WWR5QT09,TAGHROODA,1,3.0,3.0,3.0
ZXh0dk9yUXEzcEJtTXR4SWZTK1drdz09,VOLVORETA,1,3.0,3.0,3.0
R3kwbmR3ZnRKYlpjR2NuOG5OcmJ4UT09,APPLE TREE,1,3.0,3.0,3.0
VkNNTVc2bnJoWTg2dHVjMEFoWnU2dz09,OUIJA BOARD,1,3.0,3.0,3.0
aEI5WHVyaVVDWGtHZExZWjlOUnBZZz09,SNOW FAIRY,1,3.0,3.0,3.0
VG45RTdmYTlwV3U1ZnV6T0dLdDhaUT09,SAGACITY,1,3.0,3.0,3.0
MjlMSlBkbnpHN0NCNXZ3aklVbG5jQT09,IT'S GINO,1,3.0,3.0,3.0
K3JEdDhSdVhKdENiTUZtUzllY0JuQT09,BEST NAME,1,4.0,4.0,4.0
SXRnUEJUcVJTcjZpSkY2ZHJCZzZsQT09,CONDUIT,1,4.0,4.0,4.0
MHlnYUcrbnUvU0trTU1Gd1krQjhFQT09,GOLD TRIP,1,4.0,4.0,4.0
aER2UWw3NU5WUWlhNHZoRno1Y1FJdz09,JAPAN,1,4.0,4.0,4.0
UVFkMzhzblJXZ2pma04rVDRYTGV6dz09,KIZUNA,1,4.0,4.0,4.0
MmZuaHFKMHNuc0RzbHJpN1Z3QUhEZz09,KINGSTON HILL,1,4.0,4.0,4.0
NlJrb3dlZE1weW9WdEFNQjZEdmZudz09,DOYEN,1,4.0,4.0,4.0
YkZpSkE2Z29lWFVLdTZJTmZaSzJ5dz09,CALIFET,1,4.0,4.0,4.0
b0dKWDZVMkZSTlN0Z1B2VzNwTXBkUT09,ACROPOLIS,1,4.0,4.0,4.0
bHVNbFlaeFJTRWhPc3NLeksvSSswQT09,SO YOU THINK,1,4.0,4.0,4.0
Mjh1UWtDdXVuTnBveHBaZ0RWZ0FSZz09,GOLAN,1,4.0,4.0,4.0
ajVkellKNDFIQnFMQVVmVzVnSmt6dz09,ERUPT,1,5.0,5.0,5.0
N3labVdLZXlaZHA2YVhtb2RrUmFidz09,POSTPONED,1,5.0,5.0,5.0
M0FkVEhqWWFwdkMrTWw3VGtTa3VuUT09,BRAMETOT,1,5.0,5.0,5.0
ekhsYzRqakZGTE1oOTR6SjBlSmQ5Zz09,IRISH WELLS,1,5.0,5.0,5.0
ekZpcjZmZk0wQ3dudmlQTGpnc2M1dz09,DAR RE MI,1,5.0,5.0,5.0
VnlRVW1Ic29FNlUyWENoZlk2a3JDZz09,MOTIVATOR,1,5.0,5.0,5.0
eGZRRkMybVdVeEJBZnlVVnU1ZDczZz09,LUNA WELLS,1,5.0,5.0,5.0
YjIyaXo3a0RGVVNLMjZZVlFacjkyUT09,YELLOW AND GREEN,1,5.0,5.0,5.0
L21YajJPdkRTQkVURUtZSnozMm1HUT09,RAABIHAH,1,5.0,5.0,5.0
c0hTZWZ6bWIyRHhkMEhsK3NYOTdZdz09,PENGLAI PAVILION,1,5.0,5.0,5.0
RWUra25OV0hpbno0VndHZ2cwTktjZz09,PREDAPPIO,1,5.0,5.0,5.0
VDJ1VEd0bmJWWmw4Q2pBVTd1R0hCUT09,VINNIE ROE,1,5.0,5.0,5.0
QjZ0UVJQeU5nemVUcUkxMnBDZk1TUT09,ISLINGTON,1,5.0,5.0,5.0
UGROVTFmRkRDbjhORkYwbk5ObzdlQT09,PURE GRAIN,1,5.0,5.0,5.0
amMwaThOQUlmMFM0TXIra2RoVVVCUT09,NORTH LIGHT,1,5.0,5.0,5.0
WHdRd3MzcGk5RUtCU3paWFUxZ3F3UT09,MILAN,1,5.0,5.0,5.0
YXBUWDVLZ3ovVDlkU3BCRnpWK0tOdz09,CAITANO,1,5.0,5.0,5.0
SGJDenBYdWpaWXFERUJ6eWRBU1lNUT09,FREE EAGLE,1,6.0,6.0,6.0
cHFPQXFzVytvaGpaTXN5WTN2WjRTdz09,SADDEX,1,6.0,6.0,6.0
K0Z2WXU4MVRkUnBKTjhmRUVNYVRCdz09,DSCHINGIS SECRET,1,6.0,6.0,6.0
WlJ2TStIa2d5ODFaTDFqRk5sbG8xZz09,SIXTIES ICON,1,6.0,6.0,6.0
ZEwrQmZLa2NhOUQ4emlFVkdUZTlZUT09,SHAWANDA,1,6.0,6.0,6.0
TFZLdHZSZEpvVkVNSzlxeWM5dm4vZz09,GREAT HEAVENS,1,6.0,6.0,6.0
UFJyRjg3WkxsaVdXWDllTUtncnhXZz09,BOB'S RETURN,1,6.0,6.0,6.0
aWtjV3FPTU0yK3ZuSmJldXJCR042Zz09,SALOUEN,1,6.0,6.0,6.0
aVIvN05EZW12VkNJa3ZyN1dXTU80QT09,HARP STAR,1,6.0,6.0,6.0
Y0pKZlJPOWFCQkZqTmRpdkZ2Ky9OUT09,SAMUM,1,6.0,6.0,6.0
NDFzWTc1WThONWp3a3BwbjY4VEg0dz09,VALLEE ENCHANTEE,1,6.0,6.0,6.0
NFVobmo3Zm4zNFZ5VHhzOGFXWkJtUT09,MARINOUS,1,6.0,6.0,6.0
bjN0NkdZMm0xRk5xWHgralpGQmh6Zz09,LITTLE ROCK,1,6.0,6.0,6.0
dlFLNFhzN2c3WStrNWd3a090Zy9pQT09,SOFT LIGHT,1,6.0,6.0,6.0
S1V3bDJ3elR2M28vODRMckRuczVZQT09,GREEK DANCE,1,6.0,6.0,6.0
TUlnUHpYTm15RUo2Q2NVSjFqU0pDUT09,ASK,1,6.0,6.0,6.0
c2l4MEFnMXRsRHkvRnJLeVk2dXNCQT09,MANDESHA,1,7.0,7.0,7.0
TTFWM04rREc0aTFGcVl2Zyt5dVZJZz09,IQUITOS,1,7.0,7.0,7.0
THhiOWRPeDdkdHRkMFpuSkdhRDZGUT09,LA BOUM,1,7.0,7.0,7.0
bE9rbXV0dDVxcEtrSzMrUmo1dzBJQT09,STACELITA,1,7.0,7.0,7.0
MWdFM0xSdlRUanY2YU56bGdNb0N1UT09,SHAAMIT,1,7.0,7.0,7.0
TjEyUFdzSXRsMGdXaXRCcXZWN3gydz09,CAMELOT,1,7.0,7.0,7.0
U0FsaDZKaXQ1M04veHZjZ2g1S0JQQT09,MISIL,1,7.0,7.0,7.0
OTE4NWgvczJmSkVIR0ROUnNpa09EZz09,KEW GARDENS,1,7.0,7.0,7.0
WmxLeERDdTRtZTBTaVFOTnhzY0kwUT09,STRADIVARIUS,1,7.0,7.0,7.0
ejAwT1hiTXcwNk5VdEttdSs5R1lUdz09,DARING MISS,1,7.0,7.0,7.0
VnhJSU9ycWpRK2NlZ0hBWktFZG9rZz09,DAI JIN,1,7.0,7.0,7.0
THBkV2VycFhzbGI5emwrR1dwa1k0QT09,PARTIPRAL,1,7.0,7.0,7.0
cWo2SFE1QTN4MzFMcVdlMjN6cjUydz09,LATICE,1,7.0,7.0,7.0
MnRZSnpld2dENHZCQlpydS9RZkRZZz09,VICTOIRE PISA,1,7.0,7.0,7.0
RGpqVzFISThLazdkQm1zRVFKaDJuUT09,KISEKI,1,7.0,7.0,7.0
RXhxU0k1a0ZVWVVyT0RSRWYrcG5sUT09,HIGH RISE,1,7.0,7.0,7.0
NUd5ZTFPNUQwNmp4OGlsY0hwOVliQT09,DUKE OF MARMALADE,1,7.0,7.0,7.0
bDZjOTYzdnkvRUliV3dyKzYzMDZZZz09,SAVOIR VIVRE,1,8.0,8.0,8.0
TVhMSVg4TlJHU2EwZFVuVHFsRVVXUT09,IDAHO,1,8.0,8.0,8.0
R2VBaHVicytuVkNpN2pZYzNWdWlNZz09,LEEDS,1,8.0,8.0,8.0
UjRyVVZ3Zi9RSk54WEs0M21IRVB2Zz09,SEA MOON,1,8.0,8.0,8.0
OVg2WjhoZDJ4alM3VnRwbU9XR1I1Zz09,TALLOIRES,1,8.0,8.0,8.0
S0RNK2hRbnlXdWM1VE5ZNHAzdno1Zz09,NELSON,1,8.0,8.0,8.0
VEo0Z2ttM2xvSGhIdFV6aUVOUjBIUT09,DEIRDRE,1,8.0,8.0,8.0
RHo4V2NlSGlxNmVqWVhxZi9mVnpIUT09,QUE BELLE,1,8.0,8.0,8.0
RVl2a3lEc1FkYTlvdW1mV0FSRXdOUT09,JUST A WAY,1,8.0,8.0,8.0
MW5QQ214MmVTQVFBVG1JWkVaYkthZz09,RUSSIAN HOPE,1,8.0,8.0,8.0
Nyt6Z0J5ei96T21VMFdEc3F5RUsyZz09,BOLLIN ERIC,1,8.0,8.0,8.0
RkY3Uzg1TCt1TDkwTDVMWUM2a2VkZz09,GUNBOAT DIPLOMACY,1,8.0,8.0,8.0
OTYrL3Vpbmo4S3lIRGt4SFdBVHpyUT09,SILVERSKAYA,1,8.0,8.0,8.0
bEZ1Zko4L2lMSG40aHRaa3owaVB4Zz09,NAGANO GOLD,1,8.0,8.0,8.0
Mks0bm96Y3ZwNyt2SUp4WE45V1l2Zz09,DRAGON DANCER,1,9.0,9.0,9.0
ZlVKV1p1aVFreVFka3pCOWVHc3Jsdz09,HARZAND,1,9.0,9.0,9.0
d2huMXJ6SFNpbkR6aXNzUUlnZ2tlUT09,WINTER,1,9.0,9.0,9.0
OUdvYWhXcTdneHpmSGVNc3ZaMERxZz09,MAGADAN,1,9.0,9.0,9.0
SWlKZFJ5a3FkSGdDcHdmQVo4RmowQT09,LEONILA,1,9.0,9.0,9.0
QUJyRWxweHNWOUJFZGovZmd3ZmVGZz09,HESIODE,1,9.0,9.0,9.0
ZXdFYVpzSTA1aG9xWko4U0tNTUpNUT09,ANGE GABRIEL,1,9.0,9.0,9.0
aE1odW1mRzZGcXRhN3NyZTZ5VXZkUT09,FALBRAV,1,9.0,9.0,9.0
RTI1djZ1UDBmOFdmL3Npc3VCKzYxZz09,CARLING,1,9.0,9.0,9.0
dVd3OUVvWCtrdnFxcVVyMWRWNHNmdz09,LIANG KAY,1,9.0,9.0,9.0
bUZEU1hQSjJkbXFqNDBtcGhSSVFydz09,FRENCH KING,1,9.0,9.0,9.0
aUtYaVhKMkJzQzFEblB5Q0NsU09hZz09,CIMA DE TRIOMPHE,1,9.0,9.0,9.0
MGVYS2YwbTVFUHpuMmlSejNvOUNYQT09,AUTHORIZED,1,10.0,10.0,10.0
TnQrMC85ZWdnMFJtZ0ZRbEZyLzJUQT09,VEDEVANI,1,10.0,10.0,10.0
K2tUZEFqcU5ZREVYZ0tvMlNLUXo0dz09,SCORPION,1,10.0,10.0,10.0
VUpUUWx4a3QyTmpiVVZzT0JoK3Q4QT09,PENTIRE,1,10.0,10.0,10.0
bCtPVWJoQTlRMFNRSG8xd01DdGpuQT09,BAYRIR,1,10.0,10.0,10.0
eVh6UmRFeUhzVlVZWkxUcDN0WEh6dz09,MARKET BOOSTER,1,10.0,10.0,10.0
czliWEdqRDNROWtwMmtHMThuN3JEdz09,ROYAL JULIUS,1,10.0,10.0,10.0
WSt4QlI4dW1zYWF3VHEyeXhVNjBwUT09,BUSY FLIGHT,1,10.0,10.0,10.0
VnR6UGVHK3NuYkkyTGNGMlpFQTkvQT09,RAYPOUR,1,10.0,10.0,10.0
ZlFKRTluczZqT3pRdEdVOTZTVFFQZz09,KING'S THEATRE,1,10.0,10.0,10.0
TE5RWXhVWGZtZDRIQU5hcGFCaVFrUT09,BALANCHINE,1,10.0,10.0,10.0
VUUzclVzRngwQko4UTZaUmRlWVg4QT09,VALIXIR,1,10.0,10.0,10.0
R1hVbXF5bW9rT2ZlK3YxSGU1NmlnZz09,HIRUNO D'AMOUR,1,10.0,10.0,10.0
SUVEMTFjeEQ4bTA4cEV4MEJpV2ZuUT09,FOREIGN AFFAIRS,1,10.0,10.0,10.0
OEVXa3VKb1gwRzVtenBOdkFVdjJBZz09,GHAIYYATH,1,10.0,10.0,10.0
czMzdVMvOTdNaTU4V1cvaHFUeU5kZz09,MEISHO SAMSON,1,10.0,10.0,10.0
Y29qVCtTMmJzQXhZYzdvR1A5aVpUQT09,MANATEE,1,11.0,11.0,11.0
aE9ndDRLT1ZtMjZFQkJQb0x6MDZGUT09,CHACHNAK,1,11.0,11.0,11.0
a1hqWDF1YXFCdVFhNm45MjNSMzB5QT09,SAHAWAR,1,11.0,11.0,11.0
bytINmx4MVZBT3Z1cGlVTTEzYUlTQT09,BLAST ONEPIECE,1,11.0,11.0,11.0
NUp0OVJCUU5CVENhQUczcVJ4Y2JpZz09,DOHA DREAM,1,12.0,12.0,12.0
Mm9SblZqMzJiYkUyK3EwNkdVTkJ1QT09,TIBERIAN,1,12.0,12.0,12.0
SW1mT05IeUpoYkVjSGl3M3BWbW9Tdz09,LEADING LIGHT,1,12.0,12.0,12.0
cTI2WHFvOXhGY0pXUmJCSDBpRWgyQT09,FIEREMENT,1,12.0,12.0,12.0
WWxFUyt2Qmc4djI4VE9PM3FlRTAxQT09,JOSHUA TREE,1,13.0,13.0,13.0
U3ErcmtqUjhsRDdPS0FheXdpNlBVQT09,FRINE,1,14.0,14.0,14.0
eGFJU09vRmZhSTNoWmhCam95UkNWUT09,MAKAHIKI,1,14.0,14.0,14.0
NHZoWlVHMUxmNmFIeUdTa09jbDB5dz09,SEVENTH HEAVEN,1,14.0,14.0,14.0
MGhOQitWN0dBWE1aYWNXbXNQemNKZz09,PATASCOY,1,14.0,14.0,14.0
YzBpaVBQcnZ4Nko1WmRudDg5eUVOUT09,OCOVANGO,1,14.0,14.0,14.0
MlZBWmg3bVdCRmdqQzIxQ0lELzdIUT09,GOLD SHIP,1,14.0,14.0,14.0
Y1puWTl6ZGpLY2Fvd3UyTmMwQVhlZz09,EAGLE TOP,1,15.0,15.0,15.0
Rk1Hd2ZZNXgza0VvaHg5S01kZjBkUT09,MIGWAR,1,15.0,15.0,15.0
WFRSdmloSlRtRmJXNGtORzR4ckFRQT09,SATONO DIAMOND,1,15.0,15.0,15.0
dytmNjY1aXBDZzhnc1R2U2VlTk42dz09,DEFOE,1,15.0,15.0,15.0
eTNtTHY4SXAxczc5ajZOTVp0OWxMZz09,CHICQUITA,1,15.0,15.0,15.0
eGEzek1uazFKVHQvbHIvWTJPMzlRUT09,THE GREY GATSBY,1,16.0,16.0,16.0
cnphcHp4eGdSNHFJOVBFYk05MmZBZz09,SATONO NOBLESSE,1,16.0,16.0,16.0
d3cyTC9aMW9MbnFkUk9JVUpYVzhyQT09,HUNTING HORN,1,16.0,16.0,16.0
RWZHOFk2dm1RMytaUCtzTU4xZ0Q3QT09,VERY NICE NAME,1,16.0,16.0,16.0
ZkZBbmwrWCt6TklKTHgzOCs5bnd5Zz09,SHAHAH,1,17.0,17.0,17.0
RWQ1TlhMdGFJMUhUS0dhQksxc3M1QT09,CLINCHER,1,17.0,17.0,17.0
ZkZSOXRjWEVteXM3QXNBb1A2WUtZUT09,NEUFBOSC,1,18.0,18.0,18.0
WEtWMjBnZEtPSmV1SnAyOVg1dkpSUT09,LOUIS D'OR,1,19.0,19.0,19.0
c0U5QS90bmdJdFNCV3d6SWhEKzlRUT09,FREE PORT LUX,1,19.0,19.0,19.0
NmlmTFY0WGZ6bTB0MGI1SkxLa2hwZz09,MONTVIRON,1,20.0,20.0,20.0
OUFyT1lLKzMxNVBUVG5oSk4xME9JUT09,SONG OF HIAWATHA,1,,,
QkdLOENhdzBPbllkcm50WWtyVW13Zz09,YELLOWSTONE,1,,,
YW1OcVc4TjVIS251TndRQU52YUpwZz09,DEEP IMPACT,1,,,
SlFKWldCajFReWxLNG1wbnNYbldDZz09,THE BOGBERRY,1,,,
TWNvYXlyZytKS1pqaGpVbG01bE1LQT09,STEELE TANGO,1,,,
aElqYUloS2ZkRzRIVFZXUmpBRTlRUT09,TULLAMORE,1,,,
WTh4VFBlSHE5RWZCZEh2OFFWRmxGUT09,HOT SIX,1,,,
T21FMkpQRDZnRzYvZXRZRHR5VUFCdz09,TANGASPEED,1,,,
d0VXamJZZGlFTjVNY2pXbFRYRWRJUT09,CARTHAGE,1,,,
MlN2ZHRiU1VFcFllandZYmh1SFF1dz09,SET SAIL,1,,,
UTBLamNvYSs0QnZrWHJESXc2WDVkZz09,GRAND DUCAL,1,,,
clRYN3ZBc0RQb2JoTEdUSHJZamthUT09,NORSE DANCER,1,,,
enhhcm8wMHljS0QrQ1pZSDVoUzNYUT09,VOLTMETER,1,,,
V0pnQWFmbjdyM2hGREtoWmk5UnpXdz09,WINDYA,1,,,
WXJuYlN5MGZ6clFyZmhvQjJ0RklVUT09,TAMURE,1,,,
VUEzZ2xMNUZZd0ZBb2dvU2VHOWtDZz09,CLASSIC CLICHE,1,,,
cE5pUUoxSitwdGM5STNUR3VmUGV5UT09,RADEVORE,1,,,
bEVjQ24rSEsvSENHckljazNxc2Q5Zz09,DARAZARI,1,,,
MHNITFFMYS9OR2g5Vkt2RHl6OHpPQT09,ZAGREB,1,,,
dUJXR1p5ci8wNnNDazZ5R0NxengyUT09,POLARIS FLIGHT,1,,,
VzlEbGlTN0hBd3ZiMTdDMnJwS05TZz09,MIKHAIL GLINKA,1,,,
QkhLaXpvdlBPbTdCT1MzK1pKWUhwdz09,ROBIN HOOD,1,,,
OVpZYW9WQ1g1cHY5RGhsUGxFSGpqQT09,AVENTINO,1,,,
Y1NPME5DajJaSnVhQjgwczVJZlNRQT09,KESAMPOUR,1,,,
d2krK3hvYUhLdlRLZjZMTzRZK2FnUT09,ERNEST HEMINGWAY,1,,,
YXJKMFBUYzhRSkE5UnhrLzlFNjVnQT09,SAONOIS,1,,,
Z1NpdDJNU085QVJsNGFTNEJCampOZz09,ALWAYS FRIENDLY,1,,,
U05CRWlMR0VRUStmRTk1QldwRjFDUT09,ARMIGER,1,,,
ZHAvNEJLUVBYTG0rdFRIZzR5QnZSdz09,BADOLATO,1,,,
THRoZUJPek96MWVHSmhscGVSWUYxZz09,DARIYOUN,1,,,
eElsRDdPZm9sSnlWMm04OFZpVWxwdz09,GARDEN OF HEAVEN,1,,,
UHVSSUNTdnUreXRTb2RQMVFmSyt3QT09,PLATINI,1,,,
cG9yMjJwcktlSks4SkprUk9adHJxZz09,SHEMAKA,1,,,
Q3ZYa212Wmh1MmVkOGtGRUJCZ0EyUT09,USER FRIENDLY,1,,,
a01MV1dLUWRObXZaQXlmZS9mZGpSQT09,WEMYSS BIGHT,1,,,
bW1QcVNNQ1YvdHBrWEUyanJuYmRJQT09,STEWARD,1,,,
NzRJWHlKM2c2Q2N0RitqNU1UQyszZz09,NOTHIN'LEICA DANE,1,,,
MGV3bEM3OXF1SVRUeWloSlhCRTRsUT09,YOKOHAMA,1,,,
RHNZanF6WGpyWi9QcGJER2VERWJnUT09,MY EMMA,1,,,
K25VT0dkK1preHVuYWlMNGpha3BZdz09,EBADIYLA,1,,,
TjJRdjZld1RGQWRxTWpubmxFeTd5dz09,QUEEN MAUD,1,,,
ZC83a3A2aGhuamwySzFzc3BXdG5Pdz09,BIG TOBIN,1,,,
MWFpNGd0NUlONzVmNFJXTnZtUWZNQT09,BROADWAY FLYER,1,,,
K3o3Y1FXOGprcU8zL3RsRi8rUDU5Zz09,MUCH BETTER,1,,,
bUlBamI5VHo0ajdiR2cvMGVUc2M4Zz09,RICHARD OF YORK,1,,,
Q1QwZzNuaU9RSFFwdENWR2RlR1R2dz09,SIERRA MADRE,1,,,
MVR3S3I5dlArdUFoeU5HUy92cnI3dz09,TRULY A DREAM,1,,,
dW05aEZtVHNwbEVzSkNsblZ0UWFDdz09,FIRST CHARTER,1,,,
OEhmVHZTSFBtZ3hoeFBRSktGWTNoQT09,DIYAPOUR,1,,,
cTBPNGc4VW10WnRzT3FYNld2RGNmUT09,KRIS KIN,1,,,
ZlA4aUpVd3Q1TitUaCtpellFMEdndz09,BOREAL,1,,,
UUpzcTgxS05zWSs3Mi9vUVVoR252dz09,SENSIBLE,1,,,
TWZ4T3dBcGptelhUbktJTkNjSS9Qdz09,MANHATTAN CAFE,1,,,
VDJXUjNCTXkwZTlOL0liQU5JV0padz09,ASIAN HEIGHTS,1,,,
S0Iza3YvSXpueEtNOWpPWjZPZGFUdz09,ANA MARIE,1,,,
c2p5TFNQcW5Hc0dyeVZQcWhoZVB4Zz09,STRATEGIC CHOICE,1,,,
aEg4VDB3RUYzRlJpT3BHaDR0d1NPZz09,EL SEMBRADOR,1,,,
bFZ2Y2I2NXRMcXk0ZDRtQWhaUlpGdz09,LUSO,1,,,
NWU3UHRoSzVvOW5nSExYb1NTbkxVUT09,EL TENOR,1,,,
YnpYWDJsQVM2RSswb0UvTHFKVTVpZz09,EXECUTE,1,,,
WG9sVXNvd0VkOWpyQkxVWXV3TVlzUT09,MAMOOL,1,,,
UlJ6SXpEQmRNV2JaMTFYMUR4NEZDZz09,IMPERIAL DANCER,1,,,
T21PQ0x0TzdNUEdMTHZ2OEJ2QU5PUT09,TAP DANCE CITY,1,,,
ajJjK0p0ODcvYUI5UkhBZkRLSGZVUT09,BLUE CANARI,1,,,
ZVd6ZVNDVXZCSWdmVnB0U3NLSVFvQT09,GREY SWALLOW,1,,,
M1ZYWVMzZ092SC9aUEV4Rm9yaTNkUT09,PROSPECT PARK,1,,,
N3pWTlNoMTFVRXd3R3hiVHV4SjVEdz09,TIMOS,1,,,
ME03Q3ZUVFNjN09uSjc2anZVOUdqdz09,DUNCAN,1,,,
R1pOYmw0WDNHVEN5Vk1ZcXpJMVozUT09,PLUMANIA,1,,,
OUJEVm4yNXZYaDdFZFEvY1JudlZiUT09,CAPE BLANCO,1,,,
eTRZem96TFdpWjd0SXNHWU92R1h5Zz09,LOPE DE VEGA,1,,,
dVl6cnIxd1ZTSlg0TVZJK0g4QnVKZz09,MIDAS TOUCH,1,,,
eEhRbUt5dzMvaHNCVGVUM01xL1JMQT09,PLANTEUR,1,,,
TjA5WmVBelpYQnRiSXhBS0Fyck1GUT09,TREASURE BEACH,1,,,
NjZwRGF3YmhNc2pKbjZ0RTlTSC9IZz09,MASKED MARVEL,1,,,
YkRwb2FOSTN4RktyWFJ3K1dLckVCZz09,RELIABLE MAN,1,,,
KzdsQ3UySnp2cUQremRBRFkzeWtWQT09,CHIMES AT MIDNIGHT,1,,,
bXRyQWFlNHVYbEVFK1FCSms3QWdtQT09,ANZILLERO,1,,,
NC9RNFdUenRDdDlWeldIV1JBK0twZz09,HOLDING COURT,1,,,
d0Z1Y0VKZ3pMTEV4ZXdzTG1tem94QT09,IDAHO QUEST,1,,,
bWdOTHR3eHZLODVDRHh2VUdOYU5GQT09,SADDLER'S CREEK,1,,,
MDJkV1FKMlNyNnd2dDl0QWdISjB5dz09,DIAMILINA,1,,,
K2wvMS8vK3RBcThtYW55RVQ5ckVDUT09,DAYLAMI,1,,,
cWczYkxoRXhVS0JtamoxOE9xM0FPQT09,ALBARAN,1,,,
TE5HN1AwZGpoU05FNlhZS1RwMEN2UT09,FANTASTIC LIGHT,1,,,
ZTVNYng4K3JFMHQrYVZrTmFDdFl3dz09,GENGHIS KHAN,1,,,
cit6d2drLzlXUjZlWjJpQ2pTemJwUT09,DARYABA,1,,,
YUdaZEZBU0JGeXJxZlBNSkMycmY0dz09,FLAMINGO ROAD,1,,,
eko4SkZmckJnYkRIcDlrdlUxZEQzdz09,CERULEAN SKY,1,,,
MFdUQ2dKK2VRN1NEN1ZZVDFmMkpXUT09,HAPPY VALENTINE,1,,,
MlNxdkxLaTV6dm5WcWF2QnNpWHBrUT09,LIMPID,1,,,
WU53WFJRTlpydk1XOTBPR2pUNzVPZz09,SEA WAVE,1,,,
Q2RLVEl6SWJacGVWNHVicG5nUmUvQT09,COURTEOUS,1,,,
ZnhnRjBWWnlzdXI0alJhcEllNGMyQT09,ZAINTA,1,,,
RytjT25OdVpEVlhBbHFFYzBUdXAyQT09,SCHIAPARELLI,1,,,
OHRGVnJJcVBuaExzMGxtQld4ckRJQT09,PAPAL BULL,1,,,
VERWUENCaGRhQUNZY1drMjdFNEJtZz09,RED ROCK CANYON,1,,,
cE5mVGNibzZ2UDF3NjV2cGZ1a1VvUT09,KAMSIN,1,,,
bXN4Y3dmQ1FiOFpPUEU5TU1ZV2xRZz09,BLUE BRESIL,1,,,
SCtLRU5VVkVkK1ZGMjVBamZTWTZFUT09,MELEAGROS,0,,,
dVloNTQvczdqZUlRWWxqZjI2Tksxdz09,SOVEREIGN,0,,,
bkl3RXJaS3dIdXk0OTdjZWFpby93dz09,MOGUL,0,,,
akRHUjRXMk50TFVOcXRFZ3ZYUVU0dz09,SERPENTINE,0,,,
WnJNU21TZ1VWeGkwQm1VaERpa2VKdz09,NOVELLIST,0,,,
cldpOTRyUFpIeTNTdlNFZzJGTXNPZz09,FONTANESI,0,,,
SDl5SnR4Rmd6V3oyV0dFNVVTMkcxQT09,POUVOIR ABSOLU,0,,,
