Place,Cheval,N°,Père/Mère,Écart au précédent,Couleurs,Propriétaire,Entraîneur,Jockey,Poids,Gain,Prim. prop.,Prim. elev.,Suppl.,Œil.,Écurie.,Éleveurs,Année
1,d2JMa2NYejhOVDh1OUMzNW9CT2c4UT09,08,Par: MOTIVATOR  et TREVISE (ANABAA),(Corde:03),,AL SHAQAB RACING,MME C. HEAD,THIERRY  JARNET,58 kg,2.857.000,,135.000,,,1,HARAS DU QUESNAY,2014
2,d29nU2FtRTVHbGN3NGl5S2JOUlljdz09,01,Par: DANSILI  et DANCE ROUTINE (SADLER'S WELLS),2.L (Corde:04),,SUC. KHALID  ABDULLAH,A. FABRE (S),MAXIME  GUYON,"59,5kg",1.143.000,,,,,,JUDDMONTE FARMS IRELAND,2014
3,T2ZmWGFFYXYxWWQ2LzBDdXY0WWR5QT09,18,Par: SEA THE STARS  et EZIMA (SADLER'S WELLS),5/4 (Corde:15),,SHADWELL FRANCE,J. GOSDEN,PAUL  HANAGAN,"54,5kg",571.500,,,,,,SHADWELL ESTATE CO. LTD,2014
4,MmZuaHFKMHNuc0RzbHJpN1Z3QUhEZz09,14,Par: MASTERCRAFTSMAN  et AUDACIEUSE (RAINBOW QUEST),3/4 (Corde:20),,P.D.  SMITH,R. VARIAN,ANDREA  ATZENI,56 kg,285.500,,,,,,RIDGECOURT STUD,2014
5,WWRNU2l1QUQ4YktjMkZQUFBJRysrdz09,17,Par: AZAMOUR  et DALTAMA (INDIAN RIDGE),ENC (Corde:05),,S.A.   AGA KHAN,A.DE ROYER DUPRE,CHRISTOPHE  SOUMILLON,"54,5kg",143.000,,6.750,,,,S.A.  AGA KHAN,2014
6,aVIvN05EZW12VkNJa3ZyN1dXTU80QT09,19,Par: DEEP IMPACT  et HISTORIC STAR (FALBRAV),ENC (Corde:12),,CARROT FARM,H. MATSUDA,YUGA  KAWADA,"54,5kg",,,,,,,NORTHERN FARM,2014
7,T0FSOXFzQ0VpbVNickZvcm15c0FvQT09,13,Par: ROCK OF GIBRALTAR  et PRINCESS SOFIA (PENNEKAMP),T (Corde:09),,ECURIE LA VALLEE MARTIGNY EARL,JC. ROUGET-(S),JEAN-BERNARD  EYQUEM,56 kg,,,,,,,JF. GRIBOMONT,2014
8,RVl2a3lEc1FkYTlvdW1mV0FSRXdOUT09,07,Par: HEART'S CRY  et SIBYL (WILD AGAIN),CTT (Corde:14),,AKATSUKI  YAMATOYA,N. SUGAI,YUICHI  FUKUNAGA,"59,5kg",,,,,,,SHADAI CORPORATION INC,2014
9,T284Ny8xbGpaUUxSQXhJUDcrNTl4dz09,02,Par: GALILEO  et LOVE ME TRUE (KINGMAMBO),3/4 (Corde:06),,AL SHAQAB/MAGNIER/TABOR/SMITH,AP. O'BRIEN,LANFRANCO  DETTORI,"59,5kg",,,,,,1,SOUTHERN BLOODSTOCK,2014
10,Wjl1NWVXZGlWdlI4dUJwSndENFY2QT09,03,Par: DUBAWI  et KAZEEM (DARSHAAN),NEZ (Corde:07),,DANIEL JOHN  DEER,RJ. CHARLTON,JAMES WILLIAM  DOYLE,"59,5kg",,,,,,,"DJ. DEER,MME DJ. DEER",2014
11,REdDazBNSHVPeDUxRzdXNElncFVBQT09,16,Par: LE HAVRE  et PUGGY (MARK OF ESTEEM),3/4 (Corde:01),,A.CARO/G.AUGUSTIN-NORMAND,JC. ROUGET-(S),CHRISTOPHE-PATRICE  LEMAIRE,"54,5kg",,,,,,,MME E. RIBARD,2014
12,aGV3WlRQYWh4aHhuZmdWYVJ4M2dWZz09,10,Par: SAGAMIX  et HUMORISTE (SAINT CYRIEN),NEZ (Corde:16),,E. PALLUAT DE BESSET / E. TASSIN,JP. GAUVIN,PIERRE-CHARLES  BOUDOT,58 kg,,,,,,,SUC. A. OUVRY,2014
13,a3ZsWE50QllNQ2p2M1hxM2pUQ2d2QT09,20,Par: GALILEO  et RUMPLESTILTSKIN (DANEHILL),1.L (Corde:08),,MAGNIER/TABOR/SMITH/FLAXMAN S.,AP. O'BRIEN,RYAN-LEE  MOORE,"54,5kg",,,,S,,,"ORPENDALE,SUC. S. NIARCHOS",2014
14,MlZBWmg3bVdCRmdqQzIxQ0lELzdIUT09,06,Par: STAY GOLD  et POINT FLAG (MEJIRO MCQUEEN),T (Corde:02),,KOBAYASHI EIICHI HOLDINGS LLC.,N. SUGAI,NORIHIRO  YOKOYAMA,"59,5kg",,,,,,,E. KOBAYASHI,2014
15,eTNtTHY4SXAxczc5ajZOTVp0OWxMZz09,09,Par: MONTJEU  et PRUDENZIA (DANSILI),1.5 (Corde:18),,D.SMITH/MME J.MAGNIER/M.TABOR,AP. O'BRIEN,JOSEPH PATRICK  O'BRIEN,58 kg,,,,,,,MONCEAUX / SKYMARC,2014
16,WERKQUcxZHlmWnphSys3SjB4bXJSZz09,05,Par: GALILEO  et HIDDEN SILVER (ANABAA),NEZ (Corde:13),,HSPIRIT,P. BARY (S),STEPHANE  PASQUIER,"59,5kg",,,,,,,"HARAS DES SABLONNETS,COMTE H.DE TALHOUET-ROY,  BLOODSTOCK AMARVILLAS",2014
17,Mlp1ejhKMHZENFhrUHlqanc5V3NFZz09,11,Par: HURRICANE RUN  et TONNARA (LINAMIX),(Corde:10),,AL SHAQAB RACING,E. LELLOUCHE,GREGORY  BENOIST,56 kg,,,,,,1,MONCEAUX / SKYMARC,2014
18,ZGpkOS83OFFpWmJZWm1VOUdRQzk3dz09,04,Par: SOLDIER HOLLOW  et INDIGO GIRL (STERNKOENIG),(Corde:19),,GESTUT SCHLENDERHAN,JP. CARVALHO,WILLIAM  BUICK,"59,5kg",,,,,,,GESTUT SCHLENDERHAN,2014
19,c0U5QS90bmdJdFNCV3d6SWhEKzlRUT09,15,Par: OASIS DREAM  et ROYAL HIGHNESS (MONSUN),(Corde:17),,OLIVIER  THOMAS,FRE. HEAD (S),MICKAEL  BARZALONA,56 kg,,,,,,,ECURIE DES MONCEAUX,2014
20,NmlmTFY0WGZ6bTB0MGI1SkxLa2hwZz09,12,Par: LE HAVRE  et MANITA (PEINTRE CELEBRE),(Corde:11),,GERARD  AUGUSTIN-NORMAND,E. LELLOUCHE,CYRILLE  STEFAN,56 kg,,,,,,,FRANKLIN FINANCE S.A.,2014
1,c3NOZGpYL21vTnJBVXo4NXJaZWdRdz09,18,Par: CAPE CROSS  et URBAN SEA (MISWAKI),(Corde:06),,CHRISTOPHER  TSUI,J. OXX,MR MICHAEL J.  KINANE,56 kg,2.285.600,,,,,,SUNDERLAND HOLDING INC.,2009
2,NnhGZ1B4bXkxSGtiYVFyMG9pN0cyQT09,01,Par: SINNDAR  et SADIMA (SADLER'S WELLS),2.L (Corde:01),,JABER  ABDULLAH,MR. CHANNON,KIEREN-FRANCIS  FALLON,"59,5kg",914.400,,,,,,F. DUNNE,2009
3,U3VRd1hQLzVTU3hVRW9iTkVCTVlkUT09,16,Par: HALLING  et SILVERSWORD (HIGHEST HONOR),T (Corde:19),,DARLEY SNC,A. FABRE,LANFRANCO  DETTORI,56 kg,457.200,,,S,,,DARLEY STUD MANAGEMENT CO. LTD,2009
4,SXRnUEJUcVJTcjZpSkY2ZHJCZzZsQT09,02,Par: DALAKHANI  et WELL HEAD (SADLER'S WELLS),T (Corde:12),,BALLYMACOLL STUD FARM LTD,SIR MR. STOUTE,RYAN-LEE  MOORE,"59,5kg",228.400,,,,,,BALLYMACOLL STUD FARM LTD,2009
5,ekZpcjZmZk0wQ3dudmlQTGpnc2M1dz09,10,Par: SINGSPIEL  et DARARA (TOP VILLE),1.L (Corde:02),,LORD   LLOYD WEBBER,J. GOSDEN,JIMMY  FORTUNE,58 kg,114.400,,,,,,WATERSHIP DOWN STUD,2009
6,UE15eDlDeGYrMHBMcDRYTEJZaHk3dz09,15,Par: MONTJEU  et GRYADA (SHIRLEY HEIGHTS),1.L (Corde:10),,D.SMITH/MME J.MAGNIER/M.TABOR,AP. O'BRIEN,JOHN-PATRICK  MURTAGH,56 kg,,,,,,1,"PTARMIGAN BLOODSTOCK LTD,MLLE K. RAUSING",2009
7,THhiOWRPeDdkdHRkMFpuSkdhRDZGUT09,12,Par: MONSUN  et LA BOUCHE (IN THE WINGS),1/2 (Corde:08),,EMMANUEL  TRUSSARDI,ROB. COLLET (S),THIERRY  JARNET,58 kg,,,,,,,GESTUT KARLSHOF,2009
7,bE9rbXV0dDVxcEtrSzMrUmo1dzBJQT09,19,Par: MONSUN  et SOIGNEE (DASHING BLADE),1/2 (Corde:16),,M.SCHWARTZ/ECURIE MONASTIC,JC. ROUGET-(S),CHRISTOPHE  SOUMILLON,"54,5kg",,,,S,,,JPJ. DUBOIS,2009
9,OUdvYWhXcTdneHpmSGVNc3ZaMERxZz09,04,Par: HIGH CHAPARRAL  et MOLASSES (MACHIAVELLIAN),3/4 (Corde:17),,ECURIE WILDENSTEIN,E. LELLOUCHE,ANTHONY  CRASTUS,"59,5kg",,,,,,,KILCARN STUD,2009
10,RkdjY3JKQldKa3lmQjkxaTkxNGYxUT09,03,Par: CHICHICASTENANGO  et UBERABA (GARDE ROYALE),1/2 (Corde:09),,JACQUES  DETRE,E. LIBAUD,OLIVIER  PESLIER,"59,5kg",,,,,,,SUC. G. GILLES,2009
--,SlFKWldCajFReWxLNG1wbnNYbldDZz09,05,Par: HAWK WING  et LAHINCH (DANEHILL DANCER),(Corde:18),,SERGEY  EFROS,A.DE ROYER DUPRE,MAGOMET A.  KAPPUSHEV,"59,5kg",,,,,,,MARCH THOROUGHBREDS,2009
--,TWNvYXlyZytKS1pqaGpVbG01bE1LQT09,06,Par: OKAWANGO  et WALTZING AROUND (ELA MANA MOU),(Corde:07),,THE THIRTY ACRE RACING PARTNER,RA. TEAL,DARRYLL-PAUL  HOLLAND,"59,5kg",,,,,,,T. ZWIESLER,2009
--,OWEvTkFId2VXV0hCOG9oaERMTXE1Zz09,07,Par: MONSUN  et GUERNICA (UNFUWAIN),(Corde:03),,BARON GEORG VON ULLMANN,J. HIRSCHBERGER,STEPHANE  PASQUIER,"59,5kg",,,,,,,BARON G.VON ULLMANN,2009
--,aElqYUloS2ZkRzRIVFZXUmpBRTlRUT09,08,Par: THEATRICAL  et BUNGALOW (LORD AVIE),(Corde:13),,YOKO CZ S.R.O.,Z. KOPLIK,VACLAV  JANACEK,"59,5kg",,,,,,,"HL. VANIER,MME N. VANIER,  THEATRICAL SYNDICATE",2009
--,WTh4VFBlSHE5RWZCZEh2OFFWRmxGUT09,09,Par: BUROOJ  et BABYSIX (WITH APPROVAL),(Corde:04),,ESTRELA ENERGIA STABLES,G. DUARTE,TIAGO JOSUE  PEREIRA,59 kg,,,,,,,HARAS J.B. BARROS,2009
--,T21FMkpQRDZnRzYvZXRZRHR5VUFCdz09,11,Par: VERTICAL SPEED  et FITANGA (FIJAR TANGO),(Corde:11),,R.PIRES/MME L.GAGNEUX,ROB. LAPLANCHE,IORITZ  MENDIZABAL,58 kg,,,,,,,MME L. GAGNEUX,2009
--,d0VXamJZZGlFTjVNY2pXbFRYRWRJUT09,13,Par: PEINTRE CELEBRE  et BEHKARA (KRIS),(Corde:15),,S.A.   AGA KHAN,A.DE ROYER DUPRE,GERALD  MOSSE,56 kg,,,,,,,S.A.  AGA KHAN,2009
--,MlN2ZHRiU1VFcFllandZYmh1SFF1dz09,14,Par: DANEHILL DANCER  et AHDAAB (RAHY),(Corde:14),,D.SMITH/M.TABOR/MME J.MAGNIER,AP. O'BRIEN,SEAN M.  LEVEY,56 kg,,,,,,1,"LYNCH-BAGES LTD,  SAMAC LTD",2009
--,UTBLamNvYSs0QnZrWHJESXc2WDVkZz09,17,Par: DANEHILL DANCER  et MOOD SWINGS (SHIRLEY HEIGHTS),(Corde:05),,MME J. MAGNIER/M.TABOR/D.SMITH,AP. O'BRIEN,SUC. PATRICK JOSEPH  SMULLEN,56 kg,,,,,,1,"A. STROUD, JF. HANLY",2009
1,RG1DS2Y3R0tTdWJjNmk1ZWpuelpmQT09,02,Par: GALILEO  et WALDLERCHE (MONSUN),(Corde:03),,GESTUT AMMERLAND/NEWSELLS PARK,A. FABRE (S),PIERRE-CHARLES  BOUDOT,"59,5kg",2.857.000,,,,,,THE WALDLERCHE PARTNERSHIP,2019
2,cHRPK0JXeWl3U2d5a3Y0T0xiSHBQQT09,08,Par: NATHANIEL  et CONCENTRIC (SADLER'S WELLS),7/4 (Corde:09),,SUC. KHALID  ABDULLAH,J. GOSDEN,LANFRANCO  DETTORI,58 kg,1.143.000,,,,,,JUDDMONTE FARMS IRELAND,2019
3,VmpxdVlzR1R1VGNtdUxJOGVxL0VGZz09,12,Par: SIYOUNI  et STARLET'S SISTER (GALILEO),7/4 (Corde:01),,WHITE BIRCH FARM,JC. ROUGET (S),CRISTIAN  DEMURO,"56,5kg",571.500,,27.000,,,,ECURIE DES MONCEAUX,2019
4,aER2UWw3NU5WUWlhNHZoRno1Y1FJdz09,10,Par: GALILEO  et SHASTYE (DANEHILL),1/2 (Corde:10),,D.SMITH/MME J.MAGNIER/M.TABOR,AP. O'BRIEN,RYAN-LEE  MOORE,"56,5kg",285.500,,,,,,NEWSELLS PARK STUD,2019
5,SVBpN2FvMnJyN1hZYkJ2dUNVRWxDUT09,09,Par: GALILEO  et HALFWAY TO HEAVEN (PIVOTAL),6.L (Corde:08),,D.SMITH/MME J.MAGNIER/M.TABOR,AP. O'BRIEN,DONNACHA AIDAN  O'BRIEN,58 kg,143.000,,,,,,"ORPENDALE,  CHELSTON (IRELAND),  WYNATT",2019
6,dlFLNFhzN2c3WStrNWd3a090Zy9pQT09,11,Par: AUTHORIZED  et LIGHT SABER (KENDOR),3.5 (Corde:06),,CLAUDIO  MARZOCCO,JC. ROUGET (S),YUTAKA  TAKE,"56,5kg",,,,S,,,"SARL  JEDBURGH STUD,MME I. CORBANI",2019
7,RGpqVzFISThLazdkQm1zRVFKaDJuUT09,04,Par: RULERSHIP  et BLITZ FINALE (DEEP IMPACT),8.L (Corde:07),,MME TATSUE  ISHIKAWA,K. SUMII,CHRISTOPHE  SOUMILLON,"59,5kg",,,,,,,SHIMOKOBE FARM,2019
8,bEZ1Zko4L2lMSG40aHRaa3owaVB4Zz09,07,Par: SIXTIES ICON  et NEVER ENOUGH (MONSUN),4.5 (Corde:11),,SYNDIKAT V3J,V. LUKA,MICKAEL  BARZALONA,"59,5kg",,,,,,,"J. KNIGHT, EJ. CANTILLON",2019
9,bUZEU1hQSjJkbXFqNDBtcGhSSVFydz09,01,Par: FRENCH FIFTEEN  et MARINA PICCOLA (HALLING),4.5 (Corde:05),,S.A. CHEIKH ABDULLAH BIN KHALIFA  AL THA,HA. PANTALL,OLIVIER  PESLIER,"59,5kg",,,,,,,UMM QARN MANAGEMENT CO. LTD,2019
10,OEVXa3VKb1gwRzVtenBOdkFVdjJBZz09,03,Par: DUBAWI  et NIGHTIME (GALILEO),2.5 (Corde:12),,GODOLPHIN,C. APPLEBY,WILLIAM  BUICK,"59,5kg",,,,,,,SPRINGBANK WAY STUD,2019
11,bytINmx4MVZBT3Z1cGlVTTEzYUlTQT09,05,Par: HARBINGER  et TSURUMARU ONEPIECE (KING KAMEHAMEHA),NEZ (Corde:04),,SILK RACING CO. LTD,M. OTAKE,YUGA  KAWADA,"59,5kg",,,,,,,NORTHERN FARM,2019
12,cTI2WHFvOXhGY0pXUmJCSDBpRWgyQT09,06,Par: DEEP IMPACT  et LUNE D'OR (GREEN TUNE),15L (Corde:02),,SUNDAY RACING CO. LTD,T. TEZUKA,CHRISTOPHE-PATRICE  LEMAIRE,"59,5kg",,,,,,,NORTHERN RACING,2019
1,cHRPK0JXeWl3U2d5a3Y0T0xiSHBQQT09,17,Par: NATHANIEL  et CONCENTRIC (SADLER'S WELLS),(Corde:02),,SUC. KHALID  ABDULLAH,J. GOSDEN,LANFRANCO  DETTORI,55 kg,2.857.000,,,S,,,JUDDMONTE FARMS IRELAND,2017
2,c2FDVXVlclNjNExrNk9ZSjJLaEgwUT09,05,Par: SEA THE STARS  et STRAWBERRY FLEDGE (KINGMAMBO),2.5 (Corde:03),,GODOLPHIN SNC,A. FABRE (S),MICKAEL  BARZALONA,"59,5kg",1.143.000,,,,,,P. ANASTASIOU,2017
3,cTd4UlF5R2FGTnRpR0tlNjRWY3RDdz09,04,Par: GALILEO  et LIGHT SHIFT (KINGMAMBO),5/4 (Corde:01),,FLAXMAN ST. IRE/CHEVELEY P.S.,SIR MR. STOUTE,JAMES VINCENT  CROWLEY,"59,5kg",571.500,,,,,,FLAXMAN STABLES IRELAND L.T.D,2017
4,SXFsNEYvUmtRVERCV2RSeE93Skl6UT09,12,Par: GALILEO  et ANOTHER STORM (GONE WEST),1.5 (Corde:09),,TABOR/SMITH/MAGNIER/WILLIAMS,AP. O'BRIEN,DONNACHA AIDAN  O'BRIEN,"59,5kg",285.500,,,,,2,PAGET BLOODSTOCK,2017
5,M0FkVEhqWWFwdkMrTWw3VGtTa3VuUT09,14,Par: RAJSAMAN  et MORNING LIGHT (LAW SOCIETY),5/4 (Corde:04),,AL SHAQAB/G. AUGUSTIN-NORMAND,JC. ROUGET (S),CRISTIAN  DEMURO,"56,5kg",143.000,,,,,1,H. CARDEMIL,2017
6,K0Z2WXU4MVRkUnBKTjhmRUVNYVRCdz09,08,Par: SOLDIER HOLLOW  et DIVYA (PLATINI),1/2 (Corde:10),,HORST  PUDWILL,M. KLUG,ADRIE DE VRIES,"59,5kg",,,,,,,GESTUT PARK WIEDINGEN,2017
7,TTFWM04rREc0aTFGcVl2Zyt5dVZJZz09,11,Par: ADLERFLUG  et IRIKA (AREION),T (Corde:06),,STALL MULLIGAN,HJ. GROSCHEL,ANDRASCH  STARKE,"59,5kg",,,,,,,MME E. BUHMANN,2017
8,TVhMSVg4TlJHU2EwZFVuVHFsRVVXUT09,07,Par: GALILEO  et HVEGER (DANEHILL),NEZ (Corde:07),,M.TABOR/D.SMITH/MME J.MAGNIER,AP. O'BRIEN,JAMES-ANTHONY  HEFFERNAN,"59,5kg",,,,,,2,HVEGER SYNDICATE,2017
9,d2huMXJ6SFNpbkR6aXNzUUlnZ2tlUT09,18,Par: GALILEO  et LADDIES POKER TWO (CHOISIR),ENC (Corde:08),,MME J. MAGNIER/M.TABOR/D.SMITH,AP. O'BRIEN,RYAN-LEE  MOORE,55 kg,,,,,,,LADDIES POKER TWO SYNDICATE,2017
10,bU9FemMxZEZsMUdNdmF1SkFhM3BZZz09,01,Par: DUBAWI  et ZARKAVA (ZAMINDAR),3/4 (Corde:18),,S.A.   AGA KHAN,A.DE ROYER DUPRE,CHRISTOPHE  SOUMILLON,"59,5kg",,,,,,,S.A.  AGA KHAN,2017
11,RWR5RWt3QWVRWFdnRitibDhxbGh0UT09,03,Par: FASTNET ROCK  et PRIDE (PEINTRE CELEBRE),ENC (Corde:11),,FAIR SALINIA LTD,A.DE ROYER DUPRE,JAMES WILLIAM  DOYLE,"59,5kg",,,,,,,CRAIGAVON AGRO LTD,2017
12,NUp0OVJCUU5CVENhQUczcVJ4Y2JpZz09,02,Par: SHAMARDAL  et CRYSTAL REEF (KING'S BEST),ENC (Corde:12),,AL SHAQAB RACING,A. FABRE (S),GREGORY  BENOIST,"59,5kg",,,,,,1,ECURIE HARAS BOUQUETOT SAS,2017
13,YXVNNGJ2ejN5Tmh3emJqZ0xocEh3Zz09,16,Par: DUBAWI  et PLUMANIA (ANABAA),1.5 (Corde:14),,WERTHEIMER & FRERE,A. FABRE (S),MAXIME  GUYON,"56,5kg",,,,,,,WERTHEIMER & FRERE,2017
14,NHZoWlVHMUxmNmFIeUdTa09jbDB5dz09,13,Par: GALILEO  et LA TRAVIATA (JOHANNESBURG),1/2 (Corde:17),,D.SMITH/MME J.MAGNIER/M.TABOR,AP. O'BRIEN,SUC. PATRICK JOSEPH  SMULLEN,58 kg,,,,,,4,LA TRAVIATA SYNDICATE,2017
15,WFRSdmloSlRtRmJXNGtORzR4ckFRQT09,09,Par: DEEP IMPACT  et MALPENSA (ORPEN),T (Corde:13),,HAJIME  SATOMI,Y. IKEE,CHRISTOPHE-PATRICE  LEMAIRE,"59,5kg",,,,,,3,NORTHERN RACING,2017
16,cnphcHp4eGdSNHFJOVBFYk05MmZBZz09,10,Par: DEEP IMPACT  et CRY WITH JOY (TONY BIN),1/2 (Corde:05),,HAJIME  SATOMI,Y. IKEE,YUGA  KAWADA,"59,5kg",,,,,,3,MEJIRO STUD,2017
17,aVNwNVk4YjBqZis5Yjc4K1NKbHJOZz09,15,Par: GALILEO  et DIALAFARA (ANABAA),(Corde:15),,D.SMITH/MME J.MAGNIER/M.TABOR,AP. O'BRIEN,WAYNE-MARTIN  LORDAN,"56,5kg",,,,,,4,"LYNCH-BAGES LTD,  CAMAS PARK STUD",2017
18,eElISExrSmJ5bTJud3BsV0hIa09xdz09,06,Par: SILVER FROST  et MISS BIO (RIVER MIST),(Corde:16),,MARTIN S. SCHWARTZ RACING,P. BARY (S),PIERRE-CHARLES  BOUDOT,"59,5kg",,,,,,,"MLLE ML. COLLET, J. COLLET,MME M. COLLET",2017
1,RjBiUHlWMCs1OFJJb3NOd09HdytWdz09,10,Par: GALILEO  et RED EVIE (INTIKHAB),(Corde:12),,M.TABOR/D.SMITH/MME J.MAGNIER,AP. O'BRIEN,RYAN-LEE  MOORE,58 kg,2.857.000,,,,,,"RON CON LTD,  WYNATT,  CHELSTON (IRELAND)",2016
2,QUZJRXFPMDJrZGhUM2J2anJBbjlvdz09,04,Par: GALILEO  et HVEGER (DANEHILL),7/4 (Corde:11),,D.SMITH/MME J.MAGNIER/M.TABOR,AP. O'BRIEN,JAMES-ANTHONY  HEFFERNAN,"59,5kg",1.143.000,,,,,,HVEGER SYNDICATE,2016
3,SXFsNEYvUmtRVERCV2RSeE93Skl6UT09,08,Par: GALILEO  et ANOTHER STORM (GONE WEST),1.5 (Corde:16),,WILLIAMS/MAGNIER/TABOR/SMITH,AP. O'BRIEN,LANFRANCO  DETTORI,"59,5kg",571.500,,,,,,PAGET BLOODSTOCK,2016
4,aGV3WlRQYWh4aHhuZmdWYVJ4M2dWZz09,09,Par: SAGAMIX  et HUMORISTE (SAINT CYRIEN),3/4 (Corde:03),,E. PALLUAT DE BESSET / E. TASSIN,JP. GAUVIN,PIERRE-CHARLES  BOUDOT,58 kg,285.500,,13.500,,,,SUC. A. OUVRY,2016
5,N3labVdLZXlaZHA2YVhtb2RrUmFidz09,02,Par: DUBAWI  et EVER RIGG (DUBAI DESTINATION),2.5 (Corde:07),,CHEIK MOHAMMED OBAID  AL MAKTOUM,R. VARIAN,ANDREA  ATZENI,"59,5kg",143.000,,,,,,ST. ALBANS BLOODSTOCK LIMITED,2016
6,RWR5RWt3QWVRWFdnRitibDhxbGh0UT09,05,Par: FASTNET ROCK  et PRIDE (PEINTRE CELEBRE),NEZ (Corde:09),,FAIR SALINIA LTD,A.DE ROYER DUPRE,CRISTIAN  DEMURO,"59,5kg",,,,,,,CRAIGAVON AGRO LTD,2016
7,bDVMa1gxTS9QbEY5ZncyMWpCVnU4Zz09,01,Par: DUBAWI  et CINNAMON BAY (ZAMINDAR),CTE (Corde:08),,SUC. KHALID  ABDULLAH,A. FABRE (S),VINCENT  CHEMINAUD,"59,5kg",,,,,,,JUDDMONTE FARMS IRELAND,2016
8,bDZjOTYzdnkvRUliV3dyKzYzMDZZZz09,15,Par: ADLERFLUG  et SOUDAINE (MONSUN),1.5 (Corde:10),,STALL ULLMANN,JP. CARVALHO,FREDERIK  TYLICKI,56 kg,,,,,,,STALL ULLMANN,2016
9,ZlVKV1p1aVFreVFka3pCOWVHc3Jsdz09,11,Par: SEA THE STARS  et HAZARIYA (XAAR),7/4 (Corde:06),,H.H.   AGA KHAN,DK. WELD,SUC. PATRICK JOSEPH  SMULLEN,56 kg,,,,,,1,S.A.  AGA KHAN,2016
10,TnQrMC85ZWdnMFJtZ0ZRbEZyLzJUQT09,12,Par: DUBAWI  et VADAWINA (UNFUWAIN),2.L (Corde:01),,H.H.   AGA KHAN,A.DE ROYER DUPRE,ALEXIS  BADEL,56 kg,,,,,,1,HARAS DE S.A. AGA KHAN SCEA,2016
11,Z2I5elZrWUt2dW1KQ0lvb2lvVFhTdz09,13,Par: MEDAGLIA D'ORO  et MAGIC MISSION (MACHIAVELLIAN),7.L (Corde:05),,DARLEY SNC,A. FABRE (S),MICKAEL  BARZALONA,56 kg,,,,,,,DARLEY STUD MANAGEMENT CO. LTD,2016
12,czU4dVB6aEQxV01OeGNYMFpuaW11Zz09,16,Par: DUBAWI  et BALLADEUSE (SINGSPIEL),1.L (Corde:15),,WERTHEIMER & FRERE,C. LAFFON-PARIAS,MAXIME  GUYON,"54,5kg",,,,,,,WERTHEIMER & FRERE,2016
13,eElISExrSmJ5bTJud3BsV0hIa09xdz09,07,Par: SILVER FROST  et MISS BIO (RIVER MIST),3/4 (Corde:04),,HSPIRIT,P. BARY (S),CHRISTOPHE  SOUMILLON,"59,5kg",,,,,,,"MLLE ML. COLLET, J. COLLET,MME M. COLLET",2016
14,eGFJU09vRmZhSTNoWmhCam95UkNWUT09,14,Par: DEEP IMPACT  et WIKIWIKI (FRENCH DEPUTY),3.L (Corde:14),,KANEKO MAKOTO HOLDINGS CO. LTD,Y. TOMOMICHI,CHRISTOPHE-PATRICE  LEMAIRE,56 kg,,,,,,,KANEKO MAKOTO HOLDINGS INC.,2016
15,Rk1Hd2ZZNXgza0VvaHg5S01kZjBkUT09,03,Par: SEA THE STARS  et KATYUSHA (KINGMAMBO),5/4 (Corde:13),,S.A. CHEIKH ABDULLAH BIN KHALIFA  AL THA,FRE. HEAD (S),OLIVIER  PESLIER,"59,5kg",,,,,,,V. TYMOSHENKO,2016
16,eGEzek1uazFKVHQvbHIvWTJPMzlRUT09,06,Par: MASTERCRAFTSMAN  et MARIE VISON (ENTREPRENEUR),5/4 (Corde:02),,FRANCIS JOSEPH  GILLESPIE,KA. RYAN,JAMES WILLIAM  DOYLE,"59,5kg",,,,,,,M. PARRISH,2016
1,YWNmUDA5eEQ3dFgyNElBa3B0MlRJQT09,16,Par: ZAMINDAR  et ZARKASHA (KAHYASI),(Corde:01),,S.A.   AGA KHAN,A.DE ROYER DUPRE,CHRISTOPHE  SOUMILLON,"54,5kg",2.285.600,,,,,,S.A.  AGA KHAN,2008
2,NnhGZ1B4bXkxSGtiYVFyMG9pN0cyQT09,01,Par: SINNDAR  et SADIMA (SADLER'S WELLS),2.L (Corde:03),,JABER  ABDULLAH,MR. CHANNON,RICHARD-JAMES  HILLS,"59,5kg",914.400,,,,,,F. DUNNE,2008
3,TlVwdUJtc1N6SEFGZk1aTThYYVRGdz09,06,Par: GALILEO  et AFFIANCED (ERINS ISLE),1/2 (Corde:09),,MME J.MAGNIER/D.SMITH/M.TABOR,AP. O'BRIEN,JAMES-ANTHONY  HEFFERNAN,"59,5kg",342.800,,,,,1,JS. BOLGER,2008
3,MjlMSlBkbnpHN0NCNXZ3aklVbG5jQT09,09,Par: PERUGINO  et IMELDA (LOMITAS),1/2 (Corde:02),,STALL 5 STARS,P. VOVCENKO,MR THIERRY  THULLIEZ,"59,5kg",342.800,,,,,,MME B. NUTTELMANN,2008
5,RkdjY3JKQldKa3lmQjkxaTkxNGYxUT09,12,Par: CHICHICASTENANGO  et UBERABA (GARDE ROYALE),1.L (Corde:08),,JACQUES  DETRE,E. LIBAUD,IORITZ  MENDIZABAL,56 kg,114.400,,4.404,,,,SUC. G. GILLES,2008
6,TUlnUHpYTm15RUo2Q2NVSjFqU0pDUT09,03,Par: SADLER'S WELLS  et REQUEST (RAINBOW QUEST),ENC (Corde:15),,PATRICK  FAHEY,SIR MR. STOUTE,RYAN-LEE  MOORE,"59,5kg",,,,,,,SIDE HILL STUD,2008
7,NUd5ZTFPNUQwNmp4OGlsY0hwOVliQT09,07,Par: DANEHILL  et LOVE ME TRUE (KINGMAMBO),T (Corde:14),,MME JOHN MAGNIER/MICHAEL TABOR,AP. O'BRIEN,JOHN-PATRICK  MURTAGH,"59,5kg",,,,,,1,SOUTHERN BLOODSTOCK,2008
8,OWEvTkFId2VXV0hCOG9oaERMTXE1Zz09,11,Par: MONSUN  et GUERNICA (UNFUWAIN),1.L (Corde:07),,BARON GEORG VON ULLMANN,A. FABRE,OLIVIER  PESLIER,"59,5kg",,,,,,,BARON G.VON ULLMANN,2008
9,aUtYaVhKMkJzQzFEblB5Q0NsU09hZz09,15,Par: GALILEO  et SOPRAN LONDA (DANEHILL),1.L (Corde:16),,TERUYA  YOSHIDA,B. GRIZZETTI,DARIO  VARGIU,56 kg,,,,,,,SOFIM SRL,2008
10,czMzdVMvOTdNaTU4V1cvaHFUeU5kZz09,05,Par: OPERA HOUSE  et MY VIVIEN (DANCING BRAVE),CTT (Corde:04),,YOSHIO  MATSUMOTO,S. TAKAHASHI,YUTAKA  TAKE,"59,5kg",,,,,,,K. HAYASHI,2008
--,L1Z1bVhvZ3VMNlQ5eDdOYVJVRXU2dz09,02,Par: DANSILI  et IMBABALA (ZAFONIC),(Corde:11),,SUC. KHALID  ABDULLAH,P. BARY (S),STEPHANE  PASQUIER,"59,5kg",,,,,,,JUDDMONTE FARMS IRELAND,2008
--,RytjT25OdVpEVlhBbHFFYzBUdXAyQT09,04,Par: MONSUN  et SACARINA (OLD VIC),(Corde:10),,GODOLPHIN,S. BIN SUROOR,LANFRANCO  DETTORI,"59,5kg",,,,,,,GESTUT KARLSHOF,2008
--,OHRGVnJJcVBuaExzMGxtQld4ckRJQT09,08,Par: MONTJEU  et MIALUNA (ZAFONIC),(Corde:05),,PAPAL BULL SYNDICATE,SIR MR. STOUTE,JIMMY  FORTUNE,"59,5kg",,,,,,,"BH. SIMPSON, CFD. SIMPSON",2008
--,VERWUENCaGRhQUNZY1drMjdFNEJtZz09,10,Par: ROCK OF GIBRALTAR  et IMAGINE (SADLER'S WELLS),(Corde:13),,TABOR/MAGNIER/SMITH/NAGLE,AP. O'BRIEN,COLM  O'DONOGHUE,"59,5kg",,,,,,1,"BEAVERSTONE,  TOWER BLOODSTOCK",2008
--,cE5mVGNibzZ2UDF3NjV2cGZ1a1VvUT09,13,Par: SAMUM  et KAPITOL (WINGED LOVE),(Corde:12),,STALL BLANKENESE,P. SCHIERGEN,JOHAN  VICTOIRE,56 kg,,,,S,,,GESTUT KARLSHOF,2008
--,bXN4Y3dmQ1FiOFpPUEU5TU1ZV2xRZz09,14,Par: SMADOUN  et MISS RECIF (EXIT TO NOWHERE),(Corde:06),,SUC. FREDDY  TONDELIER,L. LARRIGADE,MR WILLIAM  MONGIL,56 kg,,,,,,,JL. PARIENTE,2008
1,d2JMa2NYejhOVDh1OUMzNW9CT2c4UT09,18,Par: MOTIVATOR  et TREVISE (ANABAA),(Corde:15),,CHEIK JOAAN BIN HAMAD  AL THANI,MME C. HEAD,THIERRY  JARNET,"54,5kg",2.742.720,,87.995,S,,,HARAS DU QUESNAY,2013
2,V0swazNFZzMvaCtad3ZUNTdiNmRVUT09,06,Par: STAY GOLD  et ORIENTAL ART (MEJIRO MCQUEEN),5.L (Corde:08),,SUNDAY RACING CO. LTD,Y. IKEE,CHRISTOPHE  SOUMILLON,"59,5kg",1.097.280,,,,,,SHADAI CORPORATION INC,2013
3,Rm8xbnU4bFU3SkNHTmUvajc2c0xYUT09,17,Par: GALILEO  et IMPRESSIONNANTE (DANEHILL),ENC (Corde:09),,WERTHEIMER & FRERE,A. FABRE (S),OLIVIER  PESLIER,56 kg,548.640,,17.602,,,,WERTHEIMER & FRERE,2013
4,UVFkMzhzblJXZ2pma04rVDRYTGV6dz09,14,Par: DEEP IMPACT  et CATEQUIL (STORM CAT),2.L (Corde:11),,SHINJI  MAEDA,S. SASAKI,YUTAKA  TAKE,56 kg,274.080,,,,,,NORTH HILLS CO. LTD,2013
5,c0hTZWZ6bWIyRHhkMEhsK3NYOTdZdz09,13,Par: MONSUN  et MAIDEN TOWER (GROOM DANCER),2.L (Corde:10),,DARLEY SNC,A. FABRE (S),MICKAEL  BARZALONA,56 kg,137.280,,,,,,DARLEY STUD MANAGEMENT CO. LTD,2013
6,Wjl1NWVXZGlWdlI4dUJwSndENFY2QT09,03,Par: DUBAWI  et KAZEEM (DARSHAAN),2.L (Corde:18),,DANIEL JOHN  DEER,RJ. CHARLTON,JAMES WILLIAM  DOYLE,"59,5kg",,,,,,,"DJ. DEER,MME DJ. DEER",2013
7,T284Ny8xbGpaUUxSQXhJUDcrNTl4dz09,15,Par: GALILEO  et LOVE ME TRUE (KINGMAMBO),CTT (Corde:06),,MME J. MAGNIER/M.TABOR/D.SMITH,AP. O'BRIEN,RYAN-LEE  MOORE,56 kg,,,,,,1,SOUTHERN BLOODSTOCK,2013
8,d29nU2FtRTVHbGN3NGl5S2JOUlljdz09,10,Par: DANSILI  et DANCE ROUTINE (SADLER'S WELLS),3/4 (Corde:07),,SUC. KHALID  ABDULLAH,A. FABRE (S),MAXIME  GUYON,56 kg,,,,,,,JUDDMONTE FARMS IRELAND,2013
9,ZWd4UmkyYTlrK25ZTGRQcFhBWUZ2QT09,07,Par: SULAMANI  et ANGEL STAR (SPECIAL NASH),NEZ (Corde:04),,BENJAMIN  STEINBRUCH,D. SMAGA,GREGORY  BENOIST,59 kg,,,,,,,HARAS PHILLIPSON,2013
10,YWhNKzJ4SXd1QWl3MHo3Sm9QYjU0dz09,05,Par: SLICKLY  et PENNE (SEVRES ROSE),CTE (Corde:02),,RAMZAN  KADYROV,A. SHAVUYEV,UMBERTO  RISPOLI,"59,5kg",,,,S,,,FAMILLE ROTHSCHILD,2013
11,a1hqWDF1YXFCdVFhNm45MjNSMzB5QT09,16,Par: DARK ANGEL  et SAARYEH (ROYAL ACADEMY),(Corde:16),,SIMON  SPRINGER,C. FERLAND (S),MR THIERRY  THULLIEZ,56 kg,,,,,,,HARAS DE BEAUVOIR,2013
12,SW1mT05IeUpoYkVjSGl3M3BWbW9Tdz09,11,Par: MONTJEU  et DANCE PARADE (GONE WEST),(Corde:05),,D.SMITH/MME J.MAGNIER/M.TABOR,AP. O'BRIEN,GERALD  MOSSE,56 kg,,,,S,,1,LYNCH-BAGES LTD,2013
13,WWxFUyt2Qmc4djI4VE9PM3FlRTAxQT09,04,Par: MONTJEU  et MADEIRA MIST (GRAND LODGE),(Corde:14),,K.K. AL NABOODA/K. ALBAHOU,EAL. DUNLOP,RICHARD  HUGHES,"59,5kg",,,,,,,"CASTLEMARTIN STUD,  ECURIE SKYMARC FARM",2013
14,YzBpaVBQcnZ4Nko1WmRudDg5eUVOUT09,12,Par: MONSUN  et CRYSTAL MAZE (GONE WEST),(Corde:13),,PRCE A.  FAISAL,A. FABRE (S),STEPHANE  PASQUIER,56 kg,,,,,,,WATERSHIP DOWN STUD,2013
15,ak04VG9jcmlLQ3gxQ2l5ZExmMGdBUT09,09,Par: MONSUN  et PAITA (INTIKHAB),(Corde:03),,TERUYA  YOSHIDA,A. FABRE (S),PIERRE-CHARLES  BOUDOT,58 kg,,,,,,,SHADAI FARM,2013
16,RWZHOFk2dm1RMytaUCtzTU4xZ0Q3QT09,01,Par: WHIPPER  et NAMONA (HALLING),(Corde:01),,S.A. CHEIKH ABDULLAH BIN KHALIFA  AL THA,A.DE MIEULLE,PIERANTONIO  CONVERTINO,"59,5kg",,,,,,,R. BOUCRET,2013
17,alJjOVppdmZJZ2RTaGZFMmVqZVZlUT09,08,Par: LANDO  et HAYA SAMMA (PIVOTAL),(Corde:17),,MME ODETTE  FAU,MME L. AUDON,FRANCK  BLONDEL,58 kg,,,,,,,MME O. FAU,2013
NP,WnJNU21TZ1VWeGkwQm1VaERpa2VKdz09,02,CERTIFICAT VETERINAIRE,,,,,,,,,,,,,,2013
1,VmpxdVlzR1R1VGNtdUxJOGVxL0VGZz09,07,Par: SIYOUNI  et STARLET'S SISTER (GALILEO),(Corde:04),,WHITE BIRCH FARM,JC. ROUGET (S),CRISTIAN  DEMURO,"59,5kg",1.926.760,,91.044,,,,ECURIE DES MONCEAUX,2020
2,OEtVY3N1ZmxHVTNwUTlQVWdDdXZDZz09,12,Par: ADLERFLUG  et IOTA (TIGER HILL),ENC (Corde:01),,GESTUT SCHLENDERHAN,FH. GRAFFARD (S),RONAN  THOMAS,"56,5kg",770.839,,,,,,STALL ULLMANN,2020
3,eHZpS0hMSTB6OHFVZTlQMmZUTWY4dz09,01,Par: KINGMAN  et PRETTY PLEASE (DYLAN THOMAS),7/4 (Corde:07),,BALLYMORE/GODOLPHIN SNC,A. FABRE (S),PIERRE-CHARLES  BOUDOT,"59,5kg",385.419,,18.209,,,,DAYTON INVESTMENTS LTD,2020
4,MHlnYUcrbnUvU0trTU1Gd1krQjhFQT09,10,Par: OUTSTRIP  et SARVANA (DUBAI DESTINATION),T (Corde:09),,ECURIE JEAN-LOUIS BOUCHARD,F. CHAPPET,STEPHANE  PASQUIER,"56,5kg",192.541,,9.104,,,,M. MONFORT,2020
5,L21YajJPdkRTQkVURUtZSnozMm1HUT09,15,Par: SEA THE STARS  et GARMOOSHA (KINGMAMBO),2.L (Corde:02),,SHADWELL FRANCE,JC. ROUGET (S),MAXIME  GUYON,55 kg,96.439,,,,,,SHADWELL FARM,2020
6,cHRPK0JXeWl3U2d5a3Y0T0xiSHBQQT09,08,Par: NATHANIEL  et CONCENTRIC (SADLER'S WELLS),2.L (Corde:05),,SUC. KHALID  ABDULLAH,J. GOSDEN,LANFRANCO  DETTORI,58 kg,,,,,,,JUDDMONTE FARMS IRELAND,2020
7,WmxLeERDdTRtZTBTaVFOTnhzY0kwUT09,06,Par: SEA THE STARS  et PRIVATE LIFE (BERING),1/2 (Corde:14),,BJORN E.  NIELSEN,J. GOSDEN,OLIVIER  PESLIER,"59,5kg",,,,,,,BE. NIELSEN,2020
8,VEo0Z2ttM2xvSGhIdFV6aUVOUjBIUT09,09,Par: HARBINGER  et REIZEND (SPECIAL WEEK),2.5 (Corde:12),,TOJI  MORITA,M. HASHIDA,JAMES PETER  SPENCER,58 kg,,,,,,,NORTHERN FARM,2020
9,RlZKZW5yTVkxQ2VLUG1OSTlMMytGZz09,03,Par: CHAMPS ELYSEES  et GREY WAY (COZZENE),NEZ (Corde:06),,PAOLO  FERRARIO,A. MARCIALIS,IORITZ  MENDIZABAL,"59,5kg",,,,,,,GRUNDY BLOODSTOCK LTD,2020
10,czliWEdqRDNROWtwMmtHMThuN3JEdz09,02,Par: ROYAL APPLAUSE  et HFLAH (DUBAWI),3/4 (Corde:08),,JEAN-JACQUES  BIARESE,J. REYNIER,SHANE  FOLEY,"59,5kg",,,,,,,OLD CARHUE STUD,2020
11,aE9ndDRLT1ZtMjZFQkJQb0x6MDZGUT09,11,Par: KINGMAN  et TAMAZIRTE (DANEHILL DANCER),20L (Corde:13),,ECURIE LA VALLEE MARTIGNY EARL,F. VERMEULEN (S),TONY  PICCONE,"56,5kg",,,,,,,"ECURIE LA VALLEE MARTIGNY EARL,  ECURIE DU LOUP",2020
NP,aER2UWw3NU5WUWlhNHZoRno1Y1FJdz09,04,CAS DE FORCE MAJEURE,,,,,,,,,,,,,,2020
NP,dVloNTQvczdqZUlRWWxqZjI2Tksxdz09,05,CAS DE FORCE MAJEURE,,,,,,,,,,,,,,2020
NP,bkl3RXJaS3dIdXk0OTdjZWFpby93dz09,13,CAS DE FORCE MAJEURE,,,,,,,,,,,,,,2020
NP,akRHUjRXMk50TFVOcXRFZ3ZYUVU0dz09,14,CAS DE FORCE MAJEURE,,,,,,,,,,,,,,2020
1,cHRPK0JXeWl3U2d5a3Y0T0xiSHBQQT09,10,Par: NATHANIEL  et CONCENTRIC (SADLER'S WELLS),(Corde:06),,SUC. KHALID  ABDULLAH,J. GOSDEN,LANFRANCO  DETTORI,58 kg,2.857.000,,,,,,JUDDMONTE FARMS IRELAND,2018
2,MnlGN1A4ZHhhYWlLM3ZsVTBZaUhNdz09,19,Par: SEA THE STARS  et HOLY MOON (HERNANDO),CTE (Corde:15),,SUNDERLAND HOLDING INC.,WJ. HAGGAS,JAMES WILLIAM  DOYLE,55 kg,1.143.000,,,S,,,RAZZA DEL VELINO SRL,2018
3,c2FDVXVlclNjNExrNk9ZSjJLaEgwUT09,06,Par: SEA THE STARS  et STRAWBERRY FLEDGE (KINGMAMBO),3/4 (Corde:09),,GODOLPHIN SNC,A. FABRE (S),VINCENT  CHEMINAUD,"59,5kg",571.500,,,,,2,P. ANASTASIOU,2018
4,RG1DS2Y3R0tTdWJjNmk1ZWpuelpmQT09,05,Par: GALILEO  et WALDLERCHE (MONSUN),3/4 (Corde:13),,GESTUT AMMERLAND/NEWSELLS PARK,A. FABRE (S),PIERRE-CHARLES  BOUDOT,"59,5kg",285.500,,,,,,THE WALDLERCHE PARTNERSHIP,2018
5,aVNwNVk4YjBqZis5Yjc4K1NKbHJOZz09,03,Par: GALILEO  et DIALAFARA (ANABAA),1.5 (Corde:04),,D.SMITH/MME J.MAGNIER/M.TABOR,AP. O'BRIEN,DONNACHA AIDAN  O'BRIEN,"59,5kg",143.000,,,,,1,"LYNCH-BAGES LTD,  CAMAS PARK STUD",2018
6,aWtjV3FPTU0yK3ZuSmJldXJCR042Zz09,02,Par: CANFORD CLIFFS  et GALI GAL (GALILEO),1/2 (Corde:07),,HIRAN  BALASURIYA,S. KIRK,OISIN  MURPHY,"59,5kg",,,,,,,SILVERCON EDGERODGE LTD,2018
7,OTE4NWgvczJmSkVIR0ROUnNpa09EZz09,13,Par: GALILEO  et CHELSEA ROSE (DESERT KING),ENC (Corde:14),,D.SMITH/MME J.MAGNIER/M.TABOR,AP. O'BRIEN,RYAN-LEE  MOORE,"56,5kg",,,,,,1,BARRONSTOWN STUD,2018
8,S0RNK2hRbnlXdWM1VE5ZNHAzdno1Zz09,17,Par: FRANKEL  et MOONSTONE (DALAKHANI),ENC (Corde:03),,MME J. MAGNIER/M.TABOR/D.SMITH,AP. O'BRIEN,MICHAEL CHRISTOPHER  HUSSEY,"56,5kg",,,,,,3,"ORPENDALE,  CHELSTON (IRELAND),  WYNATT",2018
9,Q3Y2c2JyZ0IwdVhVYnhMRnk1UHVFZz09,14,Par: DEEP IMPACT  et SECOND HAPPINESS (STORM CAT),CTE (Corde:19),,FLAXMAN STABLES IRELAND L.T.D,P. BARY (S),STEPHANE  PASQUIER,"56,5kg",,,,,,,FLAXMAN STABLES IRELAND L.T.D,2018
10,SVBpN2FvMnJyN1hZYkJ2dUNVRWxDUT09,18,Par: GALILEO  et HALFWAY TO HEAVEN (PIVOTAL),3/4 (Corde:16),,D.SMITH/MME J.MAGNIER/M.TABOR,AP. O'BRIEN,WAYNE-MARTIN  LORDAN,55 kg,,,,,,1,"ORPENDALE,  CHELSTON (IRELAND),  WYNATT",2018
11,RlZKZW5yTVkxQ2VLUG1OSTlMMytGZz09,04,Par: CHAMPS ELYSEES  et GREY WAY (COZZENE),1/2 (Corde:10),,PAOLO  FERRARIO,A. MARCIALIS,GERALD  MOSSE,"59,5kg",,,,,,,GRUNDY BLOODSTOCK LTD,2018
12,Mm9SblZqMzJiYkUyK3EwNkdVTkJ1QT09,08,Par: TIBERIUS CAESAR  et TOAMASINA (MARJU),3/4 (Corde:05),,H.DU LOGIS/H. VOLZ/S. FALK/ATB,A. COUETIL (S),WILLIAM  BUICK,"59,5kg",,,,,,,"EARL  HARAS DU LOGIS, J. INCE, S. FALK, HEL. VOLZ",2018
13,Z2I5elZrWUt2dW1KQ0lvb2lvVFhTdz09,07,Par: MEDAGLIA D'ORO  et MAGIC MISSION (MACHIAVELLIAN),4.5 (Corde:08),,GODOLPHIN SNC,A. FABRE (S),MICKAEL  BARZALONA,"59,5kg",,,,,,2,DARLEY STUD MANAGEMENT CO. LTD,2018
14,MGhOQitWN0dBWE1aYWNXbXNQemNKZz09,12,Par: WOOTTON BASSETT  et NOBLE WORLD (WINGED LOVE),CTE (Corde:02),,SUC. ROBERTO  COCHETEUX TIERNO,X. THOMAS DEMEAULTE,OLIVIER  PESLIER,"56,5kg",,,,,,,MME B. MOSER,2018
15,dytmNjY1aXBDZzhnc1R2U2VlTk42dz09,01,Par: DALAKHANI  et DULKASHE (PIVOTAL),1/2 (Corde:18),,CHEIK MOHAMMED OBAID  AL MAKTOUM,R. VARIAN,ANDREA  ATZENI,"59,5kg",,,,,,,DARLEY STUD MANAGEMENT CO. LTD,2018
16,d3cyTC9aMW9MbnFkUk9JVUpYVzhyQT09,16,Par: CAMELOT  et MORA BAI (INDIAN RIDGE),4.5 (Corde:12),,MME J. MAGNIER/M.TABOR/D.SMITH,AP. O'BRIEN,JAMES-ANTHONY  HEFFERNAN,"56,5kg",,,,,,3,"LYNCH-BAGES LTD,  RHINESTONE BLOODSTOCK",2018
17,RWQ1TlhMdGFJMUhUS0dhQksxc3M1QT09,09,Par: DEEP SKY  et THE FATES (BRIAN'S TIME),(Corde:01),,KOJI  MAEDA,H. MIYAMOTO,YUTAKA  TAKE,"59,5kg",,,,,,,HIRAYAMA BOKUJO,2018
18,ZkZSOXRjWEVteXM3QXNBb1A2WUtZUT09,11,Par: MASTERCRAFTSMAN  et NONSUCH WAY (VERGLAS),(Corde:11),,GERARD  AUGUSTIN-NORMAND,MME P. BRANDT,CRISTIAN  DEMURO,"56,5kg",,,,,,,FRANKLIN FINANCE S.A.,2018
19,WEtWMjBnZEtPSmV1SnAyOVg1dkpSUT09,15,Par: INTELLO  et SOUDANAISE (PEINTRE CELEBRE),(Corde:17),,CAMILLE  GARNIER,T. CASTANHEIRA (S),ANTOINE  HAMELIN,"56,5kg",,,,,,,DAYTON INVESTMENTS LTD,2018
1,RXVXVUZDNTBmcW80a1lCNFBpa3Qwdz09,13,Par: KING'S BEST  et SOVIET MOON (SADLER'S WELLS),(Corde:08),,SUC. KHALID  ABDULLAH,SIR MR. STOUTE,RYAN-LEE  MOORE,56 kg,2.285.600,,,,,,JUDDMONTE FARMS IRELAND,2010
2,L0tOWlRjUkdkbWttb3FXeXhpVktzZz09,07,Par: STAY GOLD  et DEAR WINK (TIGHT SPOT),T (Corde:10),,SHINICHI  IZUMI,Y. NINOMIYA,MASAYOSHI  EBINA,"59,5kg",914.400,,,,,,ARAI BOKUJO,2010
3,aXFKbGxtY2wzeEU3Zno4SFFSTVhhZz09,20,Par: REFUSE TO BEND  et SANARIYA (DARSHAAN),2.5 (Corde:03),,S.A.   AGA KHAN,A.DE ROYER DUPRE,GERALD  MOSSE,"54,5kg",457.200,,17.602,,,3,S.A.  AGA KHAN,2010
4,MUFIbDcwdEM1TWVuQXBnckRKL3EvZz09,14,Par: CAPE CROSS  et BEHKARA (KRIS),1.5 (Corde:09),,S.A.   AGA KHAN,JC. ROUGET-(S),CHRISTOPHE-PATRICE  LEMAIRE,56 kg,228.400,,8.793,,,3,S.A.  AGA KHAN,2010
5,UE15eDlDeGYrMHBMcDRYTEJZaHk3dz09,03,Par: MONTJEU  et GRYADA (SHIRLEY HEIGHTS),1.L (Corde:01),,D.SMITH/MME J.MAGNIER/M.TABOR,AP. O'BRIEN,JOHN-PATRICK  MURTAGH,"59,5kg",114.400,,,,,1,"PTARMIGAN BLOODSTOCK LTD,MLLE K. RAUSING",2010
6,NFVobmo3Zm4zNFZ5VHhzOGFXWkJtUT09,02,Par: NUMEROUS  et MARENDE (PANORAMIC),1.L (Corde:17),,SAEED NASSER  AL ROMAITHI,FRE. HEAD (S),MR DAVY  BONILLA,"59,5kg",,,,S,,,"D. ELIAS DE PROENCA, J. ELIAS DE PROENCA,MLLE V. ELIAS DE PROENCA",2010
7,MnRZSnpld2dENHZCQlpydS9RZkRZZz09,19,Par: NEO UNIVERSE  et WHITEWATER AFFAIR (MACHIAVELLIAN),T (Corde:05),,Y. ICHIKAWA/T. YOSHIDA,K. SUMII,YUTAKA  TAKE,56 kg,,,,,,,SHADAI FARM,2010
8,U3VRd1hQLzVTU3hVRW9iTkVCTVlkUT09,06,Par: HALLING  et SILVERSWORD (HIGHEST HONOR),1.L (Corde:04),,GODOLPHIN,S. BIN SUROOR,LANFRANCO  DETTORI,"59,5kg",,,,,,,DARLEY STUD MANAGEMENT CO. LTD,2010
9,dVd3OUVvWCtrdnFxcVVyMWRWNHNmdz09,10,Par: DAI JIN  et LINTON BAY (FUNAMBULE),4.L (Corde:20),,STALL EMINA,U. OSTMANN,STEPHANE  PASQUIER,"59,5kg",,,,,,,MME IE. ZIMMERMANN,2010
10,NnhGZ1B4bXkxSGtiYVFyMG9pN0cyQT09,01,Par: SINNDAR  et SADIMA (SADLER'S WELLS),(Corde:12),,JABER  ABDULLAH,MR. CHANNON,RICHARD  HUGHES,"59,5kg",,,,,,,F. DUNNE,2010
--,SDl5SnR4Rmd6V3oyV0dFNVVTMkcxQT09,04,Par: SADLER'S WELLS  et PINE CHIP (NUREYEV),(Corde:02),,ECURIE WILDENSTEIN,E. LELLOUCHE,SAMUEL  FARGEAT,"59,5kg",,,,,,2,DAYTON INVESTMENTS LTD,2010
--,cWNmWU43djZIbDhsSVhzQ3BrWlJ1UT09,05,Par: DYNAFORMER  et WALZERKOENIGIN (KINGMAMBO),(Corde:06),,GESTUT SCHLENDERHAN,J. HIRSCHBERGER,TOM P.  QUEALLY,"59,5kg",,,,,,,GESTUT SCHLENDERHAN,2010
--,N3pWTlNoMTFVRXd3R3hiVHV4SjVEdz09,08,Par: SHOLOKHOV  et TRICLARIA (SURUMU),(Corde:14),,SUC.  DE MORATALLA,T. DOUMEN (S),KIEREN-FRANCIS  FALLON,"59,5kg",,,,,,,GESTUT ETZEAN,2010
--,ME03Q3ZUVFNjN09uSjc2anZVOUdqdz09,09,Par: DALAKHANI  et DOLORES (DANEHILL),(Corde:16),,NORMANDIE STUD LIMITED,J. GOSDEN,WILLIAM  BUICK,"59,5kg",,,,,,,NORMANDIE STUD LIMITED,2010
--,R1pOYmw0WDNHVEN5Vk1ZcXpJMVozUT09,12,Par: ANABAA  et FEATHERQUEST (RAINBOW QUEST),(Corde:15),,WERTHEIMER & FRERE,A. FABRE,OLIVIER  PESLIER,58 kg,,,,,,,WERTHEIMER & FRERE,2010
--,OUJEVm4yNXZYaDdFZFEvY1JudlZiUT09,15,Par: GALILEO  et LAUREL DELIGHT (PRESIDIUM),(Corde:11),,D.SMITH/MME J.MAGNIER/M.TABOR,AP. O'BRIEN,CHRISTOPHE  SOUMILLON,56 kg,,,,,,1,"J. RONAN,  DES VERE HUNT FARM LTD",2010
--,eTRZem96TFdpWjd0SXNHWU92R1h5Zz09,17,Par: SHAMARDAL  et LADY VETTORI (VETTORI),(Corde:13),,GESTUT AMMERLAND,A. FABRE,MAXIME  GUYON,56 kg,,,,S,,,GESTUT AMMERLAND,2010
--,dVl6cnIxd1ZTSlg0TVZJK0g4QnVKZz09,18,Par: GALILEO  et APPROACH (DARSHAAN),(Corde:18),,MAGNIER/TABOR/SMITH/DENFORD,AP. O'BRIEN,JAMES-ANTHONY  HEFFERNAN,56 kg,,,,,,1,BELGRAVE BLOODSTOCK,2010
DI,eEhRbUt5dzMvaHNCVGVUM01xL1JMQT09,16,Par: DANEHILL DANCER  et PLANTE RARE (GIANT'S CAUSEWAY),2.L (Corde:07),,ECURIE WILDENSTEIN,E. LELLOUCHE,ANTHONY  CRASTUS,56 kg,,,,,,2,DAYTON INVESTMENTS LTD,2010
NP,aElqYUloS2ZkRzRIVFZXUmpBRTlRUT09,11,CERTIFICAT VETERINAIRE,,,,,,,,,,,,,,2010
1,Vmx6VGluUndKMzd2TDZZTnJpWHIwQT09,15,Par: LOMITAS  et DANEDROP (DANEHILL),(Corde:02),,GESTUT B. EBERSTEIN/T. YOSHIDA,P. SCHIERGEN,ANDRASCH  STARKE,"54,5kg",2.285.600,,,S,,,GESTUT BRUMMERHOF,2011
2,Y0pQOFZiSnRDb0syczM2cDdvWjNNdz09,13,Par: SINNDAR  et SHAWARA (BARATHEA),5.L (Corde:09),,S.A.   AGA KHAN,A.DE ROYER DUPRE,THIERRY  JARNET,"54,5kg",914.400,,35.204,,,2,S.A.  AGA KHAN,2011
3,aEI5WHVyaVVDWGtHZExZWjlOUnBZZz09,08,Par: INTIKHAB  et WOODLAND DREAM (CHARNWOOD FOREST),ENC (Corde:11),,ANAMOINE LIMITED,EAL. DUNLOP,LANFRANCO  DETTORI,58 kg,457.200,,,,,,WINDFLOWER OVERSEAS HOLD. INC,2011
4,bHVNbFlaeFJTRWhPc3NLeksvSSswQT09,06,Par: HIGH CHAPARRAL  et TRIASSIC (TIGHTS),1/2 (Corde:14),,SMITH/MME MAGNIER/TABOR/& CO,AP. O'BRIEN,JAMES-ANTHONY  HEFFERNAN,"59,5kg",228.400,,,,,1,"PIPER FARM LTD, MJ. MORAN",2011
5,dldoMUVGaE40ZlJLN21YaWkwdXhUQT09,02,Par: MONTJEU  et LEAPING WATER (SURE BLADE),CTE (Corde:06),,D.SMITH/MME J.MAGNIER/M.TABOR,AP. O'BRIEN,JOSEPH PATRICK  O'BRIEN,"59,5kg",114.400,,,,,1,"BARTON BLOODSTOCK,  VILLIERS SYNDICATE",2011
6,YWhNKzJ4SXd1QWl3MHo3Sm9QYjU0dz09,10,Par: SLICKLY  et PENNE (SEVRES ROSE),CTE (Corde:10),,FAMILLE ROTHSCHILD,A. FABRE,MAXIME  GUYON,56 kg,,,,S,,,FAMILLE ROTHSCHILD,2011
7,aXFKbGxtY2wzeEU3Zno4SFFSTVhhZz09,07,Par: REFUSE TO BEND  et SANARIYA (DARSHAAN),CTE (Corde:13),,S.A.   AGA KHAN,A.DE ROYER DUPRE,CHRISTOPHE-PATRICE  LEMAIRE,58 kg,,,,,,2,S.A.  AGA KHAN,2011
8,QzNZVWIrMnp1SmI5ZTFkMGd3NmlOdz09,03,Par: ACT ONE  et SILVER FAME (QUEST FOR FAME),3/4 (Corde:15),,SAEED NASSER  AL ROMAITHI,C. LAFFON-PARIAS,MR THIERRY  THULLIEZ,"59,5kg",,,,,,,HARAS DU QUESNAY,2011
9,Vmo0cmJtL052cGU0aW4xUVVPNEV4dz09,16,Par: GALILEO  et BORN GOLD (BLUSHING GROOM),4.L (Corde:04),,WERTHEIMER & FRERE,FRE. HEAD (S),OLIVIER  PESLIER,"54,5kg",,,,,,,WERTHEIMER & FRERE,2011
10,R1hVbXF5bW9rT2ZlK3YxSGU1NmlnZz09,04,Par: MANHATTAN CAFE  et SHARE ELEGANCE (LAMMTARRA),3/4 (Corde:01),,MASAFUMI  HIRUKAWA,M. KON,SHINJI  FUJITA,"59,5kg",,,,,,,HASHIMOTO BOKUJO,2011
--,RXVXVUZDNTBmcW80a1lCNFBpa3Qwdz09,01,Par: KING'S BEST  et SOVIET MOON (SADLER'S WELLS),(Corde:08),,SUC. KHALID  ABDULLAH,SIR MR. STOUTE,RYAN-LEE  MOORE,"59,5kg",,,,,,,JUDDMONTE FARMS IRELAND,2011
--,L0tOWlRjUkdkbWttb3FXeXhpVktzZz09,05,Par: STAY GOLD  et DEAR WINK (TIGHT SPOT),(Corde:16),,SHINICHI  IZUMI,Y. NINOMIYA,MASAYOSHI  EBINA,"59,5kg",,,,,,,ARAI BOKUJO,2011
--,TjA5WmVBelpYQnRiSXhBS0Fyck1GUT09,09,Par: GALILEO  et HONORINE (MARK OF ESTEEM),(Corde:12),,D.SMITH/MME J.MAGNIER/M.TABOR,AP. O'BRIEN,COLM  O'DONOGHUE,56 kg,,,,,,1,ASHLEY HOUSE STUD,2011
--,NjZwRGF3YmhNc2pKbjZ0RTlTSC9IZz09,11,Par: MONTJEU  et WALDMARK (MARK OF ESTEEM),(Corde:05),,BJORN E.  NIELSEN,J. GOSDEN,WILLIAM  BUICK,56 kg,,,,S,,,NEWSELLS PARK STUD,2011
--,YkRwb2FOSTN4RktyWFJ3K1dLckVCZz09,12,Par: DALAKHANI  et ON FAIR STAGE (SADLER'S WELLS),(Corde:07),,PRIDE RACING CLUB,A.DE ROYER DUPRE,GERALD  MOSSE,56 kg,,,,,,,FAIR SALINIA LTD,2011
--,M28yQnU3bHkvTy9DYUROOUxKL0hCQT09,14,Par: DANSILI  et EPOPEE (SADLER'S WELLS),(Corde:03),,ECURIE LA BOETIE,P. BARY (S),STEPHANE  PASQUIER,"54,5kg",,,,,,,SCEA  LA POTERIE,2011
1,c3NrdkxkRTJ2bnpBU1Jkckt1M2VkQT09,10,Par: POLIGLOTE  et BROOKLYN'S DANCE (SHIRLEY HEIGHTS),(Corde:06),,WERTHEIMER & FRERE,C. LAFFON-PARIAS,OLIVIER  PESLIER,58 kg,2.285.600,,87.995,,,,WERTHEIMER & FRERE,2012
2,V0swazNFZzMvaCtad3ZUNTdiNmRVUT09,06,Par: STAY GOLD  et ORIENTAL ART (MEJIRO MCQUEEN),ENC (Corde:18),,SUNDAY RACING CO. LTD,Y. IKEE,CHRISTOPHE  SOUMILLON,"59,5kg",914.400,,,,,,SHADAI CORPORATION INC,2012
3,eXB6YklZaWpoeitGVlN5Tko5MWdyQT09,14,Par: MONSUN  et MELIKAH (LAMMTARRA),7.L (Corde:17),,DARLEY SNC,A. FABRE,MICKAEL  BARZALONA,56 kg,457.200,,,,,,DARLEY STUD MANAGEMENT CO. LTD,2012
4,alJjOVppdmZJZ2RTaGZFMmVqZVZlUT09,09,Par: LANDO  et HAYA SAMMA (PIVOTAL),1.L (Corde:01),,MME ODETTE  FAU,MME L. AUDON,FRANCK  BLONDEL,58 kg,228.400,,8.793,,,,MME O. FAU,2012
5,YjIyaXo3a0RGVVNLMjZZVlFacjkyUT09,17,Par: MONSUN  et GREEN SWALLOW (GREEN TUNE),1/2 (Corde:03),,S.A. CHEIKH ABDULLAH BIN KHALIFA  AL THA,N. CLEMENT (S),MR THIERRY  THULLIEZ,"54,5kg",114.400,,,,,,NEWSELLS PARK STUD,2012
6,TFZLdHZSZEpvVkVNSzlxeWM5dm4vZz09,18,Par: GALILEO  et MAGNIFICIENT STYLE (SILVER HAWK),2.5 (Corde:07),,SUC. LADY  ROTHSCHILD,J. GOSDEN,WILLIAM  BUICK,"54,5kg",,,,S,,,KINCORTH INVESTMENTS INC,2012
7,TjEyUFdzSXRsMGdXaXRCcXZWN3gydz09,13,Par: MONTJEU  et TARFAH (KINGMAMBO),1.L (Corde:05),,D.SMITH/M.TABOR/MME J.MAGNIER,AP. O'BRIEN,LANFRANCO  DETTORI,56 kg,,,,,,1,CHEIK A. AL KHALIFA,2012
8,UjRyVVZ3Zi9RSk54WEs0M21IRVB2Zz09,01,Par: BEAT HOLLOW  et EVA LUNA (ALLEGED),NEZ (Corde:16),,SUC. KHALID  ABDULLAH,SIR MR. STOUTE,RYAN-LEE  MOORE,"59,5kg",,,,,,,JUDDMONTE FARMS IRELAND,2012
9,Y0pQOFZiSnRDb0syczM2cDdvWjNNdz09,08,Par: SINNDAR  et SHAWARA (BARATHEA),T (Corde:11),,S.A.   AGA KHAN,A.DE ROYER DUPRE,CHRISTOPHE-PATRICE  LEMAIRE,58 kg,,,,,,2,S.A.  AGA KHAN,2012
10,bCtPVWJoQTlRMFNRSG8xd01DdGpuQT09,11,Par: MEDICEAN  et BALANKIYA (DARSHAAN),2.5 (Corde:14),,S.A.   AGA KHAN,A.DE ROYER DUPRE,GERALD  MOSSE,56 kg,,,,S,,2,S.A.  AGA KHAN,2012
--,dldoMUVGaE40ZlJLN21YaWkwdXhUQT09,02,Par: MONTJEU  et LEAPING WATER (SURE BLADE),(Corde:10),,D.SMITH/MME J.MAGNIER/M.TABOR,AP. O'BRIEN,JOSEPH PATRICK  O'BRIEN,"59,5kg",,,,,,1,"BARTON BLOODSTOCK,  VILLIERS SYNDICATE",2012
--,YWhNKzJ4SXd1QWl3MHo3Sm9QYjU0dz09,03,Par: SLICKLY  et PENNE (SEVRES ROSE),(Corde:13),,FAMILLE ROTHSCHILD,A. FABRE,MAXIME  GUYON,"59,5kg",,,,,,,FAMILLE ROTHSCHILD,2012
--,VzlEbGlTN0hBd3ZiMTdDMnJwS05TZz09,04,Par: GALILEO  et LADY KARR (MARK OF ESTEEM),(Corde:09),,RAMZAN  KADYROV,A. SHAVUYEV,MIRCO  DEMURO,"59,5kg",,,,,,,PAULYN LIMITED,2012
--,QkhLaXpvdlBPbTdCT1MzK1pKWUhwdz09,05,Par: GALILEO  et BANQUISE (LAST TYCOON),(Corde:12),,MME J. MAGNIER/M.TABOR/D.SMITH,AP. O'BRIEN,JAMES-ANTHONY  HEFFERNAN,"59,5kg",,,,,,1,LYNCH-BAGES LTD,2012
--,OVpZYW9WQ1g1cHY5RGhsUGxFSGpqQT09,07,Par: JUNGLE POCKET  et ASSAM HILL (SUNDAY SILENCE),(Corde:08),,MME KAZUKO  YOSHIDA,Y. IKEE,ANTHONY  CRASTUS,"59,5kg",,,,,,,SHADAI CORPORATION INC,2012
--,Y1NPME5DajJaSnVhQjgwczVJZlNRQT09,12,Par: KING'S BEST  et KASATANA (HERNANDO),(Corde:15),,S.A.   AGA KHAN,M. DELZANGLES,GREGORY  BENOIST,56 kg,,,,,,2,S.A.  AGA KHAN,2012
--,d2krK3hvYUhLdlRLZjZMTzRZK2FnUT09,15,Par: GALILEO  et CASSYDORA (DARSHAAN),(Corde:04),,MME J. MAGNIER/M.TABOR/D.SMITH,AP. O'BRIEN,COLM  O'DONOGHUE,56 kg,,,,,,1,BARRONSTOWN STUD,2012
--,YXJKMFBUYzhRSkE5UnhrLzlFNjVnQT09,16,Par: CHICHICASTENANGO  et SAONOISE (HOMME DE LOI),(Corde:02),,PASCAL  TREYVE,JP. GAUVIN,ANTOINE  HAMELIN,56 kg,,,,S,,,EARL  HARAS DE NONANT LE PIN,2012
1,SHpmdDVUam5PNDMyOTJuWDJBVUFidz09,16,Par: CAPE CROSS  et FLECHE D'OR (DUBAI DESTINATION),(Corde:14),,ANTHONY  OPPENHEIMER,J. GOSDEN,LANFRANCO  DETTORI,56 kg,2.857.000,,,S,,,HASCOMBE AND VALIANT STUDS,2015
2,d29nU2FtRTVHbGN3NGl5S2JOUlljdz09,01,Par: DANSILI  et DANCE ROUTINE (SADLER'S WELLS),2.L (Corde:11),,SUC. KHALID  ABDULLAH,A. FABRE (S),MAXIME  GUYON,"59,5kg",1.143.000,,,,,1,JUDDMONTE FARMS IRELAND,2015
3,bDVMa1gxTS9QbEY5ZncyMWpCVnU4Zz09,13,Par: DUBAWI  et CINNAMON BAY (ZAMINDAR),ENC (Corde:05),,SUC. KHALID  ABDULLAH,A. FABRE (S),VINCENT  CHEMINAUD,56 kg,571.500,,,,,1,JUDDMONTE FARMS IRELAND,2015
4,d2JMa2NYejhOVDh1OUMzNW9CT2c4UT09,09,Par: MOTIVATOR  et TREVISE (ANABAA),NEZ (Corde:08),,AL SHAQAB RACING,MME C. HEAD,THIERRY  JARNET,58 kg,285.500,,13.500,,,2,HARAS DU QUESNAY,2015
5,ajVkellKNDFIQnFMQVVmVzVnSmt6dz09,15,Par: DUBAWI  et MARE NOSTRUM (CAERLEON),1.5 (Corde:04),,FAMILLE  NIARCHOS,FH. GRAFFARD (S),STEPHANE  PASQUIER,56 kg,143.000,,6.750,,,,SUC. S. NIARCHOS,2015
6,SGJDenBYdWpaWXFERUJ6eWRBU1lNUT09,07,Par: HIGH CHAPARRAL  et POLISHED GEM (DANEHILL),ENC (Corde:12),,MOYGLARE STUD FARM LTD,DK. WELD,SUC. PATRICK JOSEPH  SMULLEN,"59,5kg",,,,,,,MOYGLARE STUD FARM LTD,2015
7,T0FSOXFzQ0VpbVNickZvcm15c0FvQT09,05,Par: ROCK OF GIBRALTAR  et PRINCESS SOFIA (PENNEKAMP),CTE (Corde:10),,JEAN-FRANCOIS  GRIBOMONT,JC. ROUGET (S),FABRICE  VERON,"59,5kg",,,,,,,JF. GRIBOMONT,2015
8,aGV3WlRQYWh4aHhuZmdWYVJ4M2dWZz09,11,Par: SAGAMIX  et HUMORISTE (SAINT CYRIEN),CTE (Corde:07),,E. PALLUAT DE BESSET / E. TASSIN,JP. GAUVIN,PIERRE-CHARLES  BOUDOT,58 kg,,,,,,,SUC. A. OUVRY,2015
9,RjBiUHlWMCs1OFJJb3NOd09HdytWdz09,18,Par: GALILEO  et RED EVIE (INTIKHAB),1/2 (Corde:15),,M.TABOR/D.SMITH/MME J.MAGNIER,AP. O'BRIEN,RYAN-LEE  MOORE,"54,5kg",,,,,,,"RON CON LTD,  WYNATT,  CHELSTON (IRELAND)",2015
10,eElISExrSmJ5bTJud3BsV0hIa09xdz09,14,Par: SILVER FROST  et MISS BIO (RIVER MIST),T (Corde:17),,HSPIRIT,A. COUETIL (S),JAMES WILLIAM  DOYLE,56 kg,,,,,,,"MLLE ML. COLLET, J. COLLET,MME M. COLLET",2015
11,Y29qVCtTMmJzQXhZYzdvR1A5aVpUQT09,03,Par: MONSUN  et GALATEE (GALILEO),2.L (Corde:01),,DARLEY SNC,A. FABRE (S),MICKAEL  BARZALONA,"59,5kg",,,,,,,DARLEY STUD MANAGEMENT CO. LTD,2015
12,WERKQUcxZHlmWnphSys3SjB4bXJSZz09,06,Par: GALILEO  et HIDDEN SILVER (ANABAA),3/4 (Corde:18),,TING KONG  CHENG,A. COUETIL (S),ANDREA  ATZENI,"59,5kg",,,,S,,,"HARAS DES SABLONNETS,COMTE H.DE TALHOUET-ROY,  BLOODSTOCK AMARVILLAS",2015
13,WWRNU2l1QUQ4YktjMkZQUFBJRysrdz09,08,Par: AZAMOUR  et DALTAMA (INDIAN RIDGE),4.L (Corde:13),,S.A.   AGA KHAN,A.DE ROYER DUPRE,CHRISTOPHE  SOUMILLON,58 kg,,,,,,,S.A.  AGA KHAN,2015
14,U3ErcmtqUjhsRDdPS0FheXdpNlBVQT09,10,Par: HIGH CHAPARRAL  et CASTALIA (CARDOUN),3/4 (Corde:06),,DUC  D' ALBURQUERQUE,C. LAFFON-PARIAS,OLIVIER  PESLIER,58 kg,,,,,,,DUC D' ALBURQUERQUE,2015
15,Y1puWTl6ZGpLY2Fvd3UyTmMwQVhlZz09,02,Par: PIVOTAL  et GULL WING (IN THE WINGS),ENC (Corde:03),,LADY   BAMFORD,J. GOSDEN,WILLIAM  BUICK,"59,5kg",,,,,,,LADY  BAMFORD,2015
16,a3ZsWE50QllNQ2p2M1hxM2pUQ2d2QT09,12,Par: GALILEO  et RUMPLESTILTSKIN (DANEHILL),15L (Corde:09),,MAGNIER/TABOR/SMITH/FLAXMAN S.,AP. O'BRIEN,JOSEPH PATRICK  O'BRIEN,58 kg,,,,,,,"ORPENDALE,SUC. S. NIARCHOS",2015
17,ZkZBbmwrWCt6TklKTHgzOCs5bnd5Zz09,17,Par: MOTIVATOR  et ELEGANT BEAUTY (OLDEN TIMES),(Corde:02),,AL SHAQAB RACING,MME C. HEAD,GREGORY  BENOIST,"54,5kg",,,,S,,2,THE KATHRYN STUD,2015
NP,SCtLRU5VVkVkK1ZGMjVBamZTWTZFUT09,04,CERTIFICAT VETERINAIRE,,,,,,,,,,,,,,2015
