,fg_id,NomCheval,Annee,Specialite,NbrCourses,NbrVictoires,NbrPlaces,AllocVict,AllocPlc,AllocTotale,AllocPrimeProp,PrimeEleveur,VictPart,PlcPart,MoyenneGainAnnee
0,RVl2a3lEc1FkYTlvdW1mV0FSRXdOUT09,JUST A WAY               ,2014,P/,1,0,0,0,0,0,0,0,0,0,0
1,RVl2a3lEc1FkYTlvdW1mV0FSRXdOUT09,JUST A WAY               ,2013,P/,0,0,0,0,0,0,0,0,0,0,0
2,RVl2a3lEc1FkYTlvdW1mV0FSRXdOUT09,JUST A WAY               ,2012,P/,0,0,0,0,0,0,0,0,0,0,0
3,RVl2a3lEc1FkYTlvdW1mV0FSRXdOUT09,JUST A WAY               ,2011,P/,0,0,0,0,0,0,0,0,0,0,0
4,T2ZmWGFFYXYxWWQ2LzBDdXY0WWR5QT09,TAGHROODA                ,2014,P/,1,0,1,0,571500,571500,571500,0,0,1,571500
5,T2ZmWGFFYXYxWWQ2LzBDdXY0WWR5QT09,TAGHROODA                ,2013,P/,0,0,0,0,0,0,0,0,0,0,0
6,bE9rbXV0dDVxcEtrSzMrUmo1dzBJQT09,STACELITA                ,2011,P/,1,0,1,0,12000,12000,17760,2486,0,1,12000
7,bE9rbXV0dDVxcEtrSzMrUmo1dzBJQT09,STACELITA                ,2010,P/,4,2,2,182850,82855,265705,393243,55052,"0,5","0,5",66426
8,bE9rbXV0dDVxcEtrSzMrUmo1dzBJQT09,STACELITA                ,2009,P/,6,5,0,806390,0,806390,1314414,184015,"0,83",0,134398
9,bE9rbXV0dDVxcEtrSzMrUmo1dzBJQT09,STACELITA                ,2008,P/,1,1,0,6500,0,6500,11375,1592,1,0,6500
10,bytINmx4MVZBT3Z1cGlVTTEzYUlTQT09,BLAST ONEPIECE           ,2019,P/,1,0,0,0,0,0,0,0,0,0,0
11,bytINmx4MVZBT3Z1cGlVTTEzYUlTQT09,BLAST ONEPIECE           ,2018,P/,0,0,0,0,0,0,0,0,0,0,0
12,bytINmx4MVZBT3Z1cGlVTTEzYUlTQT09,BLAST ONEPIECE           ,2017,P/,0,0,0,0,0,0,0,0,0,0,0
13,SXFsNEYvUmtRVERCV2RSeE93Skl6UT09,ORDER OF ST GEORGE       ,2018,P/,0,0,0,0,0,0,0,0,0,0,0
14,SXFsNEYvUmtRVERCV2RSeE93Skl6UT09,ORDER OF ST GEORGE       ,2017,P/,1,0,1,0,285500,285500,285500,0,0,1,285500
15,SXFsNEYvUmtRVERCV2RSeE93Skl6UT09,ORDER OF ST GEORGE       ,2016,P/,1,0,1,0,571500,571500,571500,0,0,1,571500
16,SXFsNEYvUmtRVERCV2RSeE93Skl6UT09,ORDER OF ST GEORGE       ,2015,P/,0,0,0,0,0,0,0,0,0,0,0
17,SXFsNEYvUmtRVERCV2RSeE93Skl6UT09,ORDER OF ST GEORGE       ,2014,P/,0,0,0,0,0,0,0,0,0,0,0
18,YWNmUDA5eEQ3dFgyNElBa3B0MlRJQT09,ZARKAVA                  ,2008,P/,5,5,0,3182700,0,3182700,3182700,0,1,0,636540
19,YWNmUDA5eEQ3dFgyNElBa3B0MlRJQT09,ZARKAVA                  ,2007,P/,2,2,0,181920,0,181920,181920,0,1,0,90960
20,WWxFUyt2Qmc4djI4VE9PM3FlRTAxQT09,JOSHUA TREE              ,2014,P/,1,0,1,0,8580,8580,8580,0,0,1,8580
21,WWxFUyt2Qmc4djI4VE9PM3FlRTAxQT09,JOSHUA TREE              ,2013,P/,3,0,1,0,28600,28600,28600,0,0,"0,33",9533
22,WWxFUyt2Qmc4djI4VE9PM3FlRTAxQT09,JOSHUA TREE              ,2012,P/,3,1,2,74100,22750,96850,96850,0,"0,33","0,67",32283
23,WWxFUyt2Qmc4djI4VE9PM3FlRTAxQT09,JOSHUA TREE              ,2011,P/,0,0,0,0,0,0,0,0,0,0,0
24,WWxFUyt2Qmc4djI4VE9PM3FlRTAxQT09,JOSHUA TREE              ,2010,P/,0,0,0,0,0,0,0,0,0,0,0
25,WWxFUyt2Qmc4djI4VE9PM3FlRTAxQT09,JOSHUA TREE              ,2009,P/,0,0,0,0,0,0,0,0,0,0,0
26,cnphcHp4eGdSNHFJOVBFYk05MmZBZz09,SATONO NOBLESSE          ,2017,P/,2,0,0,0,0,0,0,0,0,0,0
27,cnphcHp4eGdSNHFJOVBFYk05MmZBZz09,SATONO NOBLESSE          ,2016,P/,0,0,0,0,0,0,0,0,0,0,0
28,cnphcHp4eGdSNHFJOVBFYk05MmZBZz09,SATONO NOBLESSE          ,2015,P/,0,0,0,0,0,0,0,0,0,0,0
29,cnphcHp4eGdSNHFJOVBFYk05MmZBZz09,SATONO NOBLESSE          ,2014,P/,0,0,0,0,0,0,0,0,0,0,0
30,cnphcHp4eGdSNHFJOVBFYk05MmZBZz09,SATONO NOBLESSE          ,2013,P/,0,0,0,0,0,0,0,0,0,0,0
31,cnphcHp4eGdSNHFJOVBFYk05MmZBZz09,SATONO NOBLESSE          ,2012,P/,0,0,0,0,0,0,0,0,0,0,0
32,MHlnYUcrbnUvU0trTU1Gd1krQjhFQT09,GOLD TRIP                ,2021,P/,1,0,1,0,4550,4550,6392,543,0,1,4550
33,MHlnYUcrbnUvU0trTU1Gd1krQjhFQT09,GOLD TRIP                ,2020,P/,5,1,3,57684,244783,302467,347254,22253,"0,2","0,6",60493
34,MHlnYUcrbnUvU0trTU1Gd1krQjhFQT09,GOLD TRIP                ,2019,P/,2,0,2,0,6760,6760,10619,1061,0,1,3380
35,N3labVdLZXlaZHA2YVhtb2RrUmFidz09,POSTPONED                ,2016,P/,1,0,1,0,143000,143000,143000,0,0,1,143000
36,N3labVdLZXlaZHA2YVhtb2RrUmFidz09,POSTPONED                ,2015,P/,1,1,0,74100,0,74100,74100,0,1,0,74100
37,N3labVdLZXlaZHA2YVhtb2RrUmFidz09,POSTPONED                ,2014,P/,0,0,0,0,0,0,0,0,0,0,0
38,N3labVdLZXlaZHA2YVhtb2RrUmFidz09,POSTPONED                ,2013,P/,0,0,0,0,0,0,0,0,0,0,0
39,OHRGVnJJcVBuaExzMGxtQld4ckRJQT09,PAPAL BULL               ,2008,P/,1,0,0,0,0,0,0,0,0,0,0
40,OHRGVnJJcVBuaExzMGxtQld4ckRJQT09,PAPAL BULL               ,2007,P/,0,0,0,0,0,0,0,0,0,0,0
41,OHRGVnJJcVBuaExzMGxtQld4ckRJQT09,PAPAL BULL               ,2006,P/,1,0,1,0,4550,4550,4550,0,0,1,4550
42,OHRGVnJJcVBuaExzMGxtQld4ckRJQT09,PAPAL BULL               ,2005,P/,0,0,0,0,0,0,0,0,0,0,0
43,UTBLamNvYSs0QnZrWHJESXc2WDVkZz09,GRAND DUCAL              ,2009,P/,1,0,0,0,0,0,0,0,0,0,0
44,UTBLamNvYSs0QnZrWHJESXc2WDVkZz09,GRAND DUCAL              ,2008,P/,0,0,0,0,0,0,0,0,0,0,0
45,RG1DS2Y3R0tTdWJjNmk1ZWpuelpmQT09,WALDGEIST                ,2019,P/,3,3,0,3102520,0,3102520,3102520,0,1,0,1034173
46,RG1DS2Y3R0tTdWJjNmk1ZWpuelpmQT09,WALDGEIST                ,2018,P/,6,4,2,416760,290050,706810,706810,0,"0,67","0,33",117801
47,RG1DS2Y3R0tTdWJjNmk1ZWpuelpmQT09,WALDGEIST                ,2017,P/,2,0,2,0,371500,371500,371500,0,0,1,185750
48,RG1DS2Y3R0tTdWJjNmk1ZWpuelpmQT09,WALDGEIST                ,2016,P/,3,2,1,156350,12000,168350,168350,0,"0,67","0,33",56116
49,dVd3OUVvWCtrdnFxcVVyMWRWNHNmdz09,LIANG KAY                ,2011,P/,2,0,2,0,14400,14400,14400,0,0,1,7200
50,dVd3OUVvWCtrdnFxcVVyMWRWNHNmdz09,LIANG KAY                ,2010,P/,2,0,1,0,12000,12000,12000,0,0,"0,5",6000
51,dVd3OUVvWCtrdnFxcVVyMWRWNHNmdz09,LIANG KAY                ,2009,P/,0,0,0,0,0,0,0,0,0,0,0
52,dVd3OUVvWCtrdnFxcVVyMWRWNHNmdz09,LIANG KAY                ,2008,P/,1,0,1,0,4550,4550,4550,0,0,1,4550
53,dVd3OUVvWCtrdnFxcVVyMWRWNHNmdz09,LIANG KAY                ,2007,P/,0,0,0,0,0,0,0,0,0,0,0
54,OEtVY3N1ZmxHVTNwUTlQVWdDdXZDZz09,IN SWOOP                 ,2020,P/,4,1,3,10150,873980,884130,884130,0,"0,25","0,75",221032
55,RWZHOFk2dm1RMytaUCtzTU4xZ0Q3QT09,VERY NICE NAME           ,2014,P/,0,0,0,0,0,0,0,0,0,0,0
56,RWZHOFk2dm1RMytaUCtzTU4xZ0Q3QT09,VERY NICE NAME           ,2013,P/,3,0,2,0,42600,42600,69864,9780,0,"0,67",14200
57,RWZHOFk2dm1RMytaUCtzTU4xZ0Q3QT09,VERY NICE NAME           ,2012,P/,3,0,3,0,17250,17250,28117,3935,0,1,5750
58,RWZHOFk2dm1RMytaUCtzTU4xZ0Q3QT09,VERY NICE NAME           ,2011,P/,3,1,2,12000,10200,22200,38850,5438,"0,33","0,67",7400
59,Mlp1ejhKMHZENFhrUHlqanc5V3NFZz09,ECTOT                    ,2016,P/,0,0,0,0,0,0,0,0,0,0,0
60,Mlp1ejhKMHZENFhrUHlqanc5V3NFZz09,ECTOT                    ,2015,P/,2,0,1,0,12000,12000,19802,2772,0,"0,5",6000
61,Mlp1ejhKMHZENFhrUHlqanc5V3NFZz09,ECTOT                    ,2014,P/,3,2,0,114100,0,114100,187124,26197,"0,67",0,38033
62,Mlp1ejhKMHZENFhrUHlqanc5V3NFZz09,ECTOT                    ,2013,P/,5,4,1,255850,4800,260650,388426,54379,"0,8","0,2",52130
63,dytmNjY1aXBDZzhnc1R2U2VlTk42dz09,DEFOE                    ,2020,P/,0,0,0,0,0,0,0,0,0,0,0
64,dytmNjY1aXBDZzhnc1R2U2VlTk42dz09,DEFOE                    ,2019,P/,0,0,0,0,0,0,0,0,0,0,0
65,dytmNjY1aXBDZzhnc1R2U2VlTk42dz09,DEFOE                    ,2018,P/,1,0,0,0,0,0,0,0,0,0,0
66,dytmNjY1aXBDZzhnc1R2U2VlTk42dz09,DEFOE                    ,2017,P/,0,0,0,0,0,0,0,0,0,0,0
67,dytmNjY1aXBDZzhnc1R2U2VlTk42dz09,DEFOE                    ,2016,P/,0,0,0,0,0,0,0,0,0,0,0
68,RWR5RWt3QWVRWFdnRitibDhxbGh0UT09,ONE FOOT IN HEAVEN       ,2020,P/,1,0,1,0,496,496,652,84,0,1,496
69,RWR5RWt3QWVRWFdnRitibDhxbGh0UT09,ONE FOOT IN HEAVEN       ,2019,P/,6,1,5,14000,28760,42760,56997,0,"0,17","0,83",7126
70,RWR5RWt3QWVRWFdnRitibDhxbGh0UT09,ONE FOOT IN HEAVEN       ,2018,P/,0,0,0,0,0,0,0,0,0,0,0
71,RWR5RWt3QWVRWFdnRitibDhxbGh0UT09,ONE FOOT IN HEAVEN       ,2017,P/,4,0,2,0,29650,29650,42885,6003,0,"0,5",7412
72,RWR5RWt3QWVRWFdnRitibDhxbGh0UT09,ONE FOOT IN HEAVEN       ,2016,P/,8,4,2,214200,12850,227050,366824,51353,"0,5","0,25",28381
73,RWR5RWt3QWVRWFdnRitibDhxbGh0UT09,ONE FOOT IN HEAVEN       ,2015,P/,3,2,0,25500,0,25500,42078,5890,"0,67",0,8500
74,ZGpkOS83OFFpWmJZWm1VOUdRQzk3dz09,IVANHOWE                 ,2014,P/,2,0,0,0,0,0,0,0,0,0,0
75,ZGpkOS83OFFpWmJZWm1VOUdRQzk3dz09,IVANHOWE                 ,2013,P/,0,0,0,0,0,0,0,0,0,0,0
76,ZGpkOS83OFFpWmJZWm1VOUdRQzk3dz09,IVANHOWE                 ,2012,P/,0,0,0,0,0,0,0,0,0,0,0
77,eTNtTHY4SXAxczc5ajZOTVp0OWxMZz09,CHICQUITA                ,2014,P/,1,0,0,0,0,0,0,0,0,0,0
78,eTNtTHY4SXAxczc5ajZOTVp0OWxMZz09,CHICQUITA                ,2013,P/,2,0,1,0,228600,228600,374904,52486,0,"0,5",114300
79,eTNtTHY4SXAxczc5ajZOTVp0OWxMZz09,CHICQUITA                ,2012,P/,1,0,1,0,3600,3600,6300,882,0,1,3600
80,aE9ndDRLT1ZtMjZFQkJQb0x6MDZGUT09,CHACHNAK                 ,2020,P/,6,2,2,63000,17700,80700,124278,10562,"0,33","0,33",13450
81,aE9ndDRLT1ZtMjZFQkJQb0x6MDZGUT09,CHACHNAK                 ,2019,P/,4,2,0,22500,0,22500,35345,3533,"0,5",0,5625
82,R1hVbXF5bW9rT2ZlK3YxSGU1NmlnZz09,HIRUNO D'AMOUR           ,2011,P/,2,0,1,0,28600,28600,28600,0,0,"0,5",14300
83,R1hVbXF5bW9rT2ZlK3YxSGU1NmlnZz09,HIRUNO D'AMOUR           ,2010,P/,0,0,0,0,0,0,0,0,0,0,0
84,R1hVbXF5bW9rT2ZlK3YxSGU1NmlnZz09,HIRUNO D'AMOUR           ,2009,P/,0,0,0,0,0,0,0,0,0,0,0
85,OEVXa3VKb1gwRzVtenBOdkFVdjJBZz09,GHAIYYATH                ,2020,P/,0,0,0,0,0,0,0,0,0,0,0
86,OEVXa3VKb1gwRzVtenBOdkFVdjJBZz09,GHAIYYATH                ,2019,P/,3,1,1,74100,34290,108390,108390,0,"0,33","0,33",36130
87,OEVXa3VKb1gwRzVtenBOdkFVdjJBZz09,GHAIYYATH                ,2018,P/,1,1,0,40000,0,40000,40000,0,1,0,40000
88,OEVXa3VKb1gwRzVtenBOdkFVdjJBZz09,GHAIYYATH                ,2017,P/,0,0,0,0,0,0,0,0,0,0,0
89,YWhNKzJ4SXd1QWl3MHo3Sm9QYjU0dz09,MEANDRE                  ,2016,P/,4,0,3,0,22500,22500,31805,4451,0,"0,75",5625
90,YWhNKzJ4SXd1QWl3MHo3Sm9QYjU0dz09,MEANDRE                  ,2015,P/,1,0,1,0,4550,4550,6537,915,0,1,4550
91,YWhNKzJ4SXd1QWl3MHo3Sm9QYjU0dz09,MEANDRE                  ,2014,P/,0,0,0,0,0,0,0,0,0,0,0
92,YWhNKzJ4SXd1QWl3MHo3Sm9QYjU0dz09,MEANDRE                  ,2013,P/,2,0,1,0,5000,5000,7150,1001,0,"0,5",2500
93,YWhNKzJ4SXd1QWl3MHo3Sm9QYjU0dz09,MEANDRE                  ,2012,P/,4,1,2,228560,44600,273160,404276,84896,"0,25","0,5",68290
94,YWhNKzJ4SXd1QWl3MHo3Sm9QYjU0dz09,MEANDRE                  ,2011,P/,7,3,3,387340,40200,427540,696890,146345,"0,43","0,43",61077
95,YWhNKzJ4SXd1QWl3MHo3Sm9QYjU0dz09,MEANDRE                  ,2010,P/,4,0,2,0,5050,5050,8837,1855,0,"0,5",1262
96,SGJDenBYdWpaWXFERUJ6eWRBU1lNUT09,FREE EAGLE               ,2015,P/,1,0,0,0,0,0,0,0,0,0,0
97,SGJDenBYdWpaWXFERUJ6eWRBU1lNUT09,FREE EAGLE               ,2014,P/,0,0,0,0,0,0,0,0,0,0,0
98,SGJDenBYdWpaWXFERUJ6eWRBU1lNUT09,FREE EAGLE               ,2013,P/,0,0,0,0,0,0,0,0,0,0,0
99,alJjOVppdmZJZ2RTaGZFMmVqZVZlUT09,HAYA LANDA               ,2013,P/,8,0,4,0,94870,94870,135663,18991,0,"0,5",11858
100,alJjOVppdmZJZ2RTaGZFMmVqZVZlUT09,HAYA LANDA               ,2012,P/,6,0,5,0,260100,260100,275316,15359,0,"0,83",43350
101,alJjOVppdmZJZ2RTaGZFMmVqZVZlUT09,HAYA LANDA               ,2011,P/,9,1,4,17000,75585,92585,150913,21125,"0,11","0,44",10287
102,T0FSOXFzQ0VpbVNickZvcm15c0FvQT09,PRINCE GIBRALTAR         ,2015,P/,3,0,1,0,28600,28600,47195,6607,0,"0,33",9533
103,T0FSOXFzQ0VpbVNickZvcm15c0FvQT09,PRINCE GIBRALTAR         ,2014,P/,5,1,3,74100,350610,424710,696524,85147,"0,2","0,6",84942
104,T0FSOXFzQ0VpbVNickZvcm15c0FvQT09,PRINCE GIBRALTAR         ,2013,P/,3,2,1,154850,3600,158450,259858,36379,"0,67","0,33",52816
105,eGFJU09vRmZhSTNoWmhCam95UkNWUT09,MAKAHIKI                 ,2016,P/,2,1,0,74100,0,74100,74100,0,"0,5",0,37050
106,eGFJU09vRmZhSTNoWmhCam95UkNWUT09,MAKAHIKI                 ,2015,P/,0,0,0,0,0,0,0,0,0,0,0
107,RWQ1TlhMdGFJMUhUS0dhQksxc3M1QT09,CLINCHER                 ,2018,P/,2,0,0,0,0,0,0,0,0,0,0
108,RWQ1TlhMdGFJMUhUS0dhQksxc3M1QT09,CLINCHER                 ,2017,P/,0,0,0,0,0,0,0,0,0,0,0
109,eElISExrSmJ5bTJud3BsV0hIa09xdz09,SILVERWAVE               ,2019,P/,10,3,5,47500,53600,101100,134768,6792,"0,3","0,5",10110
110,eElISExrSmJ5bTJud3BsV0hIa09xdz09,SILVERWAVE               ,2018,P/,0,0,0,0,0,0,0,0,0,0,0
111,eElISExrSmJ5bTJud3BsV0hIa09xdz09,SILVERWAVE               ,2017,P/,5,1,3,74100,130280,204380,295619,41385,"0,2","0,6",40876
112,eElISExrSmJ5bTJud3BsV0hIa09xdz09,SILVERWAVE               ,2016,P/,6,2,2,302660,97155,399815,645946,135646,"0,33","0,33",66635
113,eElISExrSmJ5bTJud3BsV0hIa09xdz09,SILVERWAVE               ,2015,P/,6,2,2,53500,62860,116360,192014,40321,"0,33","0,33",19393
114,eElISExrSmJ5bTJud3BsV0hIa09xdz09,SILVERWAVE               ,2014,P/,2,2,0,18000,0,18000,29520,6199,1,0,9000
115,Vmx6VGluUndKMzd2TDZZTnJpWHIwQT09,DANEDREAM                ,2012,P/,1,0,1,0,22840,22840,22840,0,0,1,22840
116,Vmx6VGluUndKMzd2TDZZTnJpWHIwQT09,DANEDREAM                ,2011,P/,2,1,1,2285600,5250,2290850,2290850,0,"0,5","0,5",1145425
117,Vmx6VGluUndKMzd2TDZZTnJpWHIwQT09,DANEDREAM                ,2010,P/,3,1,1,6000,18300,24300,24300,0,"0,33","0,33",8100
118,czliWEdqRDNROWtwMmtHMThuN3JEdz09,ROYAL JULIUS             ,2020,P/,4,0,2,0,12651,12651,12651,0,0,"0,5",3162
119,czliWEdqRDNROWtwMmtHMThuN3JEdz09,ROYAL JULIUS             ,2019,P/,4,0,4,0,30000,30000,30000,0,0,1,7500
120,czliWEdqRDNROWtwMmtHMThuN3JEdz09,ROYAL JULIUS             ,2018,P/,5,0,3,0,46800,46800,46800,0,0,"0,6",9360
121,czliWEdqRDNROWtwMmtHMThuN3JEdz09,ROYAL JULIUS             ,2017,P/,5,2,0,36000,0,36000,36000,0,"0,4",0,7200
122,czliWEdqRDNROWtwMmtHMThuN3JEdz09,ROYAL JULIUS             ,2016,P/,7,1,4,13500,29250,42750,42750,0,"0,14","0,57",6107
123,czliWEdqRDNROWtwMmtHMThuN3JEdz09,ROYAL JULIUS             ,2015,P/,3,1,2,12500,11800,24300,24300,0,"0,33","0,67",8100
124,a3ZsWE50QllNQ2p2M1hxM2pUQ2d2QT09,TAPESTRY                 ,2015,P/,1,0,0,0,0,0,0,0,0,0,0
125,a3ZsWE50QllNQ2p2M1hxM2pUQ2d2QT09,TAPESTRY                 ,2014,P/,1,0,0,0,0,0,0,0,0,0,0
126,a3ZsWE50QllNQ2p2M1hxM2pUQ2d2QT09,TAPESTRY                 ,2013,P/,0,0,0,0,0,0,0,0,0,0,0
127,c3NrdkxkRTJ2bnpBU1Jkckt1M2VkQT09,SOLEMIA                  ,2012,P/,6,3,3,2385700,65105,2450805,2530103,122223,"0,5","0,5",408467
128,c3NrdkxkRTJ2bnpBU1Jkckt1M2VkQT09,SOLEMIA                  ,2011,P/,5,1,4,27500,46850,74350,121190,16964,"0,2","0,8",14870
129,c3NrdkxkRTJ2bnpBU1Jkckt1M2VkQT09,SOLEMIA                  ,2010,P/,2,1,0,17000,0,17000,29750,4165,"0,5",0,8500
130,MUFIbDcwdEM1TWVuQXBnckRKL3EvZz09,BEHKABAD                 ,2011,P/,1,0,1,0,28600,28600,42328,5925,0,1,28600
131,MUFIbDcwdEM1TWVuQXBnckRKL3EvZz09,BEHKABAD                 ,2010,P/,6,3,3,456940,322300,779240,1126268,134493,"0,5","0,5",129873
132,MUFIbDcwdEM1TWVuQXBnckRKL3EvZz09,BEHKABAD                 ,2009,P/,3,3,0,64000,0,64000,112000,15680,1,0,21333
133,eHZpS0hMSTB6OHFVZTlQMmZUTWY4dz09,PERSIAN KING             ,2020,P/,6,3,3,327441,432027,759468,855469,58161,"0,5","0,5",126578
134,eHZpS0hMSTB6OHFVZTlQMmZUTWY4dz09,PERSIAN KING             ,2019,P/,3,2,1,382840,342900,725740,911714,91170,"0,67","0,33",241913
135,eHZpS0hMSTB6OHFVZTlQMmZUTWY4dz09,PERSIAN KING             ,2018,P/,3,2,1,35500,5400,40900,64322,6431,"0,67","0,33",13633
136,VEo0Z2ttM2xvSGhIdFV6aUVOUjBIUT09,DEIRDRE                  ,2020,P/,1,0,0,0,0,0,0,0,0,0,0
137,VEo0Z2ttM2xvSGhIdFV6aUVOUjBIUT09,DEIRDRE                  ,2019,P/,0,0,0,0,0,0,0,0,0,0,0
138,VEo0Z2ttM2xvSGhIdFV6aUVOUjBIUT09,DEIRDRE                  ,2018,P/,0,0,0,0,0,0,0,0,0,0,0
139,VEo0Z2ttM2xvSGhIdFV6aUVOUjBIUT09,DEIRDRE                  ,2017,P/,0,0,0,0,0,0,0,0,0,0,0
140,VEo0Z2ttM2xvSGhIdFV6aUVOUjBIUT09,DEIRDRE                  ,2016,P/,0,0,0,0,0,0,0,0,0,0,0
141,OUdvYWhXcTdneHpmSGVNc3ZaMERxZz09,MAGADAN                  ,2009,P/,5,2,2,66000,25090,91090,91090,0,"0,4","0,4",18218
142,OUdvYWhXcTdneHpmSGVNc3ZaMERxZz09,MAGADAN                  ,2008,P/,4,1,1,11000,68580,79580,79580,0,"0,25","0,25",19895
143,Q3Y2c2JyZ0IwdVhVYnhMRnk1UHVFZz09,STUDY OF MAN             ,2019,P/,4,0,3,0,137730,137730,137730,0,0,"0,75",34432
144,Q3Y2c2JyZ0IwdVhVYnhMRnk1UHVFZz09,STUDY OF MAN             ,2018,P/,5,2,2,931200,58000,989200,989200,0,"0,4","0,4",197840
145,Q3Y2c2JyZ0IwdVhVYnhMRnk1UHVFZz09,STUDY OF MAN             ,2017,P/,1,1,0,13500,0,13500,13500,0,1,0,13500
146,Z3M2ZFhJZVBwRDBGOTd5a3lVZVJ6QT09,CAPRI                    ,2017,O/,2,2,0,22560,0,22560,22560,3384,1,0,11280
147,Z3M2ZFhJZVBwRDBGOTd5a3lVZVJ6QT09,CAPRI                    ,2016,O/,4,0,3,0,15120,15120,15120,2268,0,"0,75",3780
148,Mm9SblZqMzJiYkUyK3EwNkdVTkJ1QT09,TIBERIAN                 ,2019,P/,5,0,0,0,0,0,0,0,0,0,0
149,Mm9SblZqMzJiYkUyK3EwNkdVTkJ1QT09,TIBERIAN                 ,2018,P/,5,0,3,0,31000,31000,41355,5789,0,"0,6",6200
150,Mm9SblZqMzJiYkUyK3EwNkdVTkJ1QT09,TIBERIAN                 ,2017,P/,5,4,0,220000,0,220000,318213,44546,"0,8",0,44000
151,Mm9SblZqMzJiYkUyK3EwNkdVTkJ1QT09,TIBERIAN                 ,2016,P/,4,0,4,0,57400,57400,92734,19473,0,1,14350
152,Mm9SblZqMzJiYkUyK3EwNkdVTkJ1QT09,TIBERIAN                 ,2015,P/,6,2,3,18500,50700,69200,109964,22960,"0,33","0,5",11533
153,TlVwdUJtc1N6SEFGZk1aTThYYVRGdz09,SOLDIER OF FORTUNE       ,2008,P/,2,0,2,0,434240,434240,434240,0,0,1,217120
154,TlVwdUJtc1N6SEFGZk1aTThYYVRGdz09,SOLDIER OF FORTUNE       ,2007,P/,3,2,1,148200,57200,205400,205400,0,"0,67","0,33",68466
155,TlVwdUJtc1N6SEFGZk1aTThYYVRGdz09,SOLDIER OF FORTUNE       ,2006,P/,1,0,1,0,57150,57150,57150,0,0,1,57150
156,SW1mT05IeUpoYkVjSGl3M3BWbW9Tdz09,LEADING LIGHT            ,2014,P/,0,0,0,0,0,0,0,0,0,0,0
157,SW1mT05IeUpoYkVjSGl3M3BWbW9Tdz09,LEADING LIGHT            ,2013,P/,1,0,0,0,0,0,0,0,0,0,0
158,SW1mT05IeUpoYkVjSGl3M3BWbW9Tdz09,LEADING LIGHT            ,2012,P/,0,0,0,0,0,0,0,0,0,0,0
159,anptcjdXV2c4dE9DbE1QSGtmQ3Z2Zz09,MIGWAR                   ,2019,P/,0,0,0,0,0,0,0,0,0,0,0
160,anptcjdXV2c4dE9DbE1QSGtmQ3Z2Zz09,MIGWAR                   ,2017,P/,0,0,0,0,0,0,0,0,0,0,0
161,d29nU2FtRTVHbGN3NGl5S2JOUlljdz09,FLINTSHIRE               ,2015,P/,3,0,3,0,1244440,1244440,1244440,0,0,1,414813
162,d29nU2FtRTVHbGN3NGl5S2JOUlljdz09,FLINTSHIRE               ,2014,P/,3,0,3,0,1194440,1194440,1194440,0,0,1,398146
163,d29nU2FtRTVHbGN3NGl5S2JOUlljdz09,FLINTSHIRE               ,2013,P/,6,3,2,395340,15900,411240,411240,0,"0,5","0,33",68540
164,T284Ny8xbGpaUUxSQXhJUDcrNTl4dz09,RULER OF THE WORLD       ,2014,P/,2,1,0,74100,0,74100,74100,0,"0,5",0,37050
165,T284Ny8xbGpaUUxSQXhJUDcrNTl4dz09,RULER OF THE WORLD       ,2013,P/,2,0,1,0,28600,28600,28600,0,0,"0,5",14300
166,d3cyTC9aMW9MbnFkUk9JVUpYVzhyQT09,HUNTING HORN             ,2020,P/,0,0,0,0,0,0,0,0,0,0,0
167,d3cyTC9aMW9MbnFkUk9JVUpYVzhyQT09,HUNTING HORN             ,2019,P/,0,0,0,0,0,0,0,0,0,0,0
168,d3cyTC9aMW9MbnFkUk9JVUpYVzhyQT09,HUNTING HORN             ,2018,P/,3,0,1,0,28600,28600,28600,0,0,"0,33",9533
169,d3cyTC9aMW9MbnFkUk9JVUpYVzhyQT09,HUNTING HORN             ,2017,P/,0,0,0,0,0,0,0,0,0,0,0
170,TVhMSVg4TlJHU2EwZFVuVHFsRVVXUT09,IDAHO                    ,2018,P/,0,0,0,0,0,0,0,0,0,0,0
171,TVhMSVg4TlJHU2EwZFVuVHFsRVVXUT09,IDAHO                    ,2017,P/,1,0,0,0,0,0,0,0,0,0,0
172,TVhMSVg4TlJHU2EwZFVuVHFsRVVXUT09,IDAHO                    ,2016,P/,0,0,0,0,0,0,0,0,0,0,0
173,TVhMSVg4TlJHU2EwZFVuVHFsRVVXUT09,IDAHO                    ,2015,P/,1,0,1,0,14275,14275,14275,0,0,1,14275
174,MnRZSnpld2dENHZCQlpydS9RZkRZZz09,VICTOIRE PISA            ,2011,P/,0,0,0,0,0,0,0,0,0,0,0
175,MnRZSnpld2dENHZCQlpydS9RZkRZZz09,VICTOIRE PISA            ,2010,P/,2,0,1,0,9100,9100,9100,0,0,"0,5",4550
176,MnRZSnpld2dENHZCQlpydS9RZkRZZz09,VICTOIRE PISA            ,2009,P/,0,0,0,0,0,0,0,0,0,0,0
177,MmZuaHFKMHNuc0RzbHJpN1Z3QUhEZz09,KINGSTON HILL            ,2014,P/,1,0,1,0,285500,285500,285500,0,0,1,285500
178,MmZuaHFKMHNuc0RzbHJpN1Z3QUhEZz09,KINGSTON HILL            ,2013,P/,0,0,0,0,0,0,0,0,0,0,0
179,c0hTZWZ6bWIyRHhkMEhsK3NYOTdZdz09,PENGLAI PAVILION         ,2017,P/,0,0,0,0,0,0,0,0,0,0,0
180,c0hTZWZ6bWIyRHhkMEhsK3NYOTdZdz09,PENGLAI PAVILION         ,2016,O/,0,0,0,0,0,0,0,0,0,0,0
181,c0hTZWZ6bWIyRHhkMEhsK3NYOTdZdz09,PENGLAI PAVILION         ,2016,P/,1,0,0,0,0,0,0,0,0,0,0
182,c0hTZWZ6bWIyRHhkMEhsK3NYOTdZdz09,PENGLAI PAVILION         ,2015,O/,0,0,0,0,0,0,0,0,0,0,0
183,c0hTZWZ6bWIyRHhkMEhsK3NYOTdZdz09,PENGLAI PAVILION         ,2014,P/,0,0,0,0,0,0,0,0,0,0,0
184,c0hTZWZ6bWIyRHhkMEhsK3NYOTdZdz09,PENGLAI PAVILION         ,2013,P/,7,3,3,58000,188080,246080,246080,0,"0,43","0,43",35154
185,c0hTZWZ6bWIyRHhkMEhsK3NYOTdZdz09,PENGLAI PAVILION         ,2012,P/,1,1,0,12000,0,12000,12000,0,1,0,12000
186,ekZpcjZmZk0wQ3dudmlQTGpnc2M1dz09,DAR RE MI                ,2010,P/,0,0,0,0,0,0,0,0,0,0,0
187,ekZpcjZmZk0wQ3dudmlQTGpnc2M1dz09,DAR RE MI                ,2009,P/,2,0,2,0,122980,122980,122980,0,0,1,61490
188,ekZpcjZmZk0wQ3dudmlQTGpnc2M1dz09,DAR RE MI                ,2008,P/,4,1,3,40000,95880,135880,135880,0,"0,25","0,75",33970
189,ekZpcjZmZk0wQ3dudmlQTGpnc2M1dz09,DAR RE MI                ,2007,P/,0,0,0,0,0,0,0,0,0,0,0
190,aEI5WHVyaVVDWGtHZExZWjlOUnBZZz09,SNOW FAIRY               ,2012,P/,1,0,0,0,0,0,0,0,0,0,0
191,aEI5WHVyaVVDWGtHZExZWjlOUnBZZz09,SNOW FAIRY               ,2011,P/,1,0,1,0,457200,457200,457200,0,0,1,457200
192,aEI5WHVyaVVDWGtHZExZWjlOUnBZZz09,SNOW FAIRY               ,2010,P/,0,0,0,0,0,0,0,0,0,0,0
193,aEI5WHVyaVVDWGtHZExZWjlOUnBZZz09,SNOW FAIRY               ,2009,P/,0,0,0,0,0,0,0,0,0,0,0
194,MjlMSlBkbnpHN0NCNXZ3aklVbG5jQT09,IT'S GINO                ,2008,P/,2,1,1,26000,342800,368800,368800,0,"0,5","0,5",184400
195,MjlMSlBkbnpHN0NCNXZ3aklVbG5jQT09,IT'S GINO                ,2007,P/,1,1,0,10500,0,10500,10500,0,1,0,10500
196,MjlMSlBkbnpHN0NCNXZ3aklVbG5jQT09,IT'S GINO                ,2005,P/,0,0,0,0,0,0,0,0,0,0,0
197,dlFLNFhzN2c3WStrNWd3a090Zy9pQT09,SOFT LIGHT               ,2021,P/,1,0,1,0,1600,1600,2248,292,0,1,1600
198,dlFLNFhzN2c3WStrNWd3a090Zy9pQT09,SOFT LIGHT               ,2020,P/,5,0,4,0,41787,41787,58709,7630,0,"0,8",8357
199,dlFLNFhzN2c3WStrNWd3a090Zy9pQT09,SOFT LIGHT               ,2019,P/,7,0,6,0,110460,110460,167810,25170,0,"0,86",15780
200,dlFLNFhzN2c3WStrNWd3a090Zy9pQT09,SOFT LIGHT               ,2018,P/,1,1,0,9000,0,9000,14154,2123,1,0,9000
201,eXB6YklZaWpoeitGVlN5Tko5MWdyQT09,MASTERSTROKE             ,2013,P/,0,0,0,0,0,0,0,0,0,0,0
202,eXB6YklZaWpoeitGVlN5Tko5MWdyQT09,MASTERSTROKE             ,2012,P/,6,3,3,158500,501800,660300,660300,0,"0,5","0,5",110050
203,eXB6YklZaWpoeitGVlN5Tko5MWdyQT09,MASTERSTROKE             ,2011,P/,1,1,0,12000,0,12000,12000,0,1,0,12000
204,OWEvTkFId2VXV0hCOG9oaERMTXE1Zz09,GETAWAY                  ,2010,P/,0,0,0,0,0,0,0,0,0,0,0
205,OWEvTkFId2VXV0hCOG9oaERMTXE1Zz09,GETAWAY                  ,2009,P/,1,0,0,0,0,0,0,0,0,0,0
206,OWEvTkFId2VXV0hCOG9oaERMTXE1Zz09,GETAWAY                  ,2008,P/,4,1,1,114000,11440,125440,125440,0,"0,25","0,25",31360
207,OWEvTkFId2VXV0hCOG9oaERMTXE1Zz09,GETAWAY                  ,2007,P/,3,1,2,74100,130200,204300,204300,0,"0,33","0,67",68100
208,OWEvTkFId2VXV0hCOG9oaERMTXE1Zz09,GETAWAY                  ,2006,P/,6,4,2,94500,17450,111950,111950,0,"0,67","0,33",18658
209,OTE4NWgvczJmSkVIR0ROUnNpa09EZz09,KEW GARDENS              ,2019,P/,0,0,0,0,0,0,0,0,0,0,0
210,OTE4NWgvczJmSkVIR0ROUnNpa09EZz09,KEW GARDENS              ,2018,P/,2,1,0,342840,0,342840,342840,0,"0,5",0,171420
211,OTE4NWgvczJmSkVIR0ROUnNpa09EZz09,KEW GARDENS              ,2017,P/,0,0,0,0,0,0,0,0,0,0,0
212,TUlnUHpYTm15RUo2Q2NVSjFqU0pDUT09,ASK                      ,2010,P/,0,0,0,0,0,0,0,0,0,0,0
213,TUlnUHpYTm15RUo2Q2NVSjFqU0pDUT09,ASK                      ,2009,P/,1,1,0,142850,0,142850,142850,0,1,0,142850
214,TUlnUHpYTm15RUo2Q2NVSjFqU0pDUT09,ASK                      ,2008,P/,1,0,0,0,0,0,0,0,0,0,0
215,TUlnUHpYTm15RUo2Q2NVSjFqU0pDUT09,ASK                      ,2007,P/,0,0,0,0,0,0,0,0,0,0,0
216,TUlnUHpYTm15RUo2Q2NVSjFqU0pDUT09,ASK                      ,2006,P/,0,0,0,0,0,0,0,0,0,0,0
217,Rm8xbnU4bFU3SkNHTmUvajc2c0xYUT09,INTELLO                  ,2013,P/,6,3,3,937100,680085,1617185,2301053,262938,"0,5","0,5",269530
218,Rm8xbnU4bFU3SkNHTmUvajc2c0xYUT09,INTELLO                  ,2012,P/,2,2,0,29000,0,29000,50750,7105,1,0,14500
219,ZkZSOXRjWEVteXM3QXNBb1A2WUtZUT09,NEUFBOSC                 ,2021,P/,0,0,0,0,0,0,0,0,0,0,0
220,ZkZSOXRjWEVteXM3QXNBb1A2WUtZUT09,NEUFBOSC                 ,2020,P/,0,0,0,0,0,0,0,0,0,0,0
221,ZkZSOXRjWEVteXM3QXNBb1A2WUtZUT09,NEUFBOSC                 ,2019,P/,0,0,0,0,0,0,0,0,0,0,0
222,ZkZSOXRjWEVteXM3QXNBb1A2WUtZUT09,NEUFBOSC                 ,2018,P/,8,3,3,80000,156510,236510,326135,32609,"0,38","0,38",29563
223,NUp0OVJCUU5CVENhQUczcVJ4Y2JpZz09,DOHA DREAM               ,2018,P/,3,0,1,0,16000,16000,22872,3202,0,"0,33",5333
224,NUp0OVJCUU5CVENhQUczcVJ4Y2JpZz09,DOHA DREAM               ,2017,P/,5,0,3,0,64550,64550,107439,15040,0,"0,6",12910
225,NUp0OVJCUU5CVENhQUczcVJ4Y2JpZz09,DOHA DREAM               ,2016,P/,7,5,2,198500,24650,223150,360522,50471,"0,71","0,29",31878
226,NUp0OVJCUU5CVENhQUczcVJ4Y2JpZz09,DOHA DREAM               ,2015,P/,3,0,1,0,6800,6800,11221,1570,0,"0,33",2266
227,bCtPVWJoQTlRMFNRSG8xd01DdGpuQT09,BAYRIR                   ,2016,P/,0,0,0,0,0,0,0,0,0,0,0
228,bCtPVWJoQTlRMFNRSG8xd01DdGpuQT09,BAYRIR                   ,2015,P/,0,0,0,0,0,0,0,0,0,0,0
229,bCtPVWJoQTlRMFNRSG8xd01DdGpuQT09,BAYRIR                   ,2014,P/,0,0,0,0,0,0,0,0,0,0,0
230,bCtPVWJoQTlRMFNRSG8xd01DdGpuQT09,BAYRIR                   ,2013,P/,0,0,0,0,0,0,0,0,0,0,0
231,bCtPVWJoQTlRMFNRSG8xd01DdGpuQT09,BAYRIR                   ,2012,P/,6,3,2,113600,34100,147700,240751,33703,"0,5","0,33",24616
232,aElqYUloS2ZkRzRIVFZXUmpBRTlRUT09,TULLAMORE                ,2010,P/,0,0,0,0,0,0,0,0,0,0,0
233,aElqYUloS2ZkRzRIVFZXUmpBRTlRUT09,TULLAMORE                ,2009,P/,2,0,0,0,0,0,0,0,0,0,0
234,aElqYUloS2ZkRzRIVFZXUmpBRTlRUT09,TULLAMORE                ,2008,P/,0,0,0,0,0,0,0,0,0,0,0
235,aElqYUloS2ZkRzRIVFZXUmpBRTlRUT09,TULLAMORE                ,2007,P/,0,0,0,0,0,0,0,0,0,0,0
236,SDl5SnR4Rmd6V3oyV0dFNVVTMkcxQT09,POUVOIR ABSOLU           ,2012,P/,0,0,0,0,0,0,0,0,0,0,0
237,SDl5SnR4Rmd6V3oyV0dFNVVTMkcxQT09,POUVOIR ABSOLU           ,2011,P/,6,0,4,0,22900,22900,33892,4743,0,"0,67",3816
238,SDl5SnR4Rmd6V3oyV0dFNVVTMkcxQT09,POUVOIR ABSOLU           ,2010,P/,6,2,2,52000,25090,77090,114093,15972,"0,33","0,33",12848
239,SDl5SnR4Rmd6V3oyV0dFNVVTMkcxQT09,POUVOIR ABSOLU           ,2009,P/,8,2,6,39000,82425,121425,179709,25154,"0,25","0,75",15178
240,SDl5SnR4Rmd6V3oyV0dFNVVTMkcxQT09,POUVOIR ABSOLU           ,2008,P/,5,1,4,11000,16800,27800,45314,6343,"0,2","0,8",5560
241,bUZEU1hQSjJkbXFqNDBtcGhSSVFydz09,FRENCH KING              ,2020,P/,1,0,1,0,22264,22264,31280,4066,0,1,22264
242,bUZEU1hQSjJkbXFqNDBtcGhSSVFydz09,FRENCH KING              ,2019,P/,1,0,0,0,0,0,0,0,0,0,0
243,bUZEU1hQSjJkbXFqNDBtcGhSSVFydz09,FRENCH KING              ,2018,P/,8,2,5,26000,45750,71750,112837,25386,"0,25","0,63",8968
244,bUZEU1hQSjJkbXFqNDBtcGhSSVFydz09,FRENCH KING              ,2017,P/,4,1,2,9000,7600,16600,27629,6215,"0,25","0,5",4150
245,YjIyaXo3a0RGVVNLMjZZVlFacjkyUT09,YELLOW AND GREEN         ,2013,P/,2,0,1,0,4550,4550,4550,0,0,"0,5",2275
246,YjIyaXo3a0RGVVNLMjZZVlFacjkyUT09,YELLOW AND GREEN         ,2012,P/,6,1,5,85500,163435,248935,248935,0,"0,17","0,83",41489
247,Vmo0cmJtL052cGU0aW4xUVVPNEV4dz09,GALIKOVA                 ,2012,P/,4,0,3,0,112880,112880,167061,23387,0,"0,75",28220
248,Vmo0cmJtL052cGU0aW4xUVVPNEV4dz09,GALIKOVA                 ,2011,P/,6,4,1,484990,194310,679300,1107258,155014,"0,67","0,17",113216
249,Vmo0cmJtL052cGU0aW4xUVVPNEV4dz09,GALIKOVA                 ,2010,P/,2,1,1,12000,8580,20580,36015,5042,"0,5","0,5",10290
250,RGpqVzFISThLazdkQm1zRVFKaDJuUT09,KISEKI                   ,2019,P/,2,0,1,0,13650,13650,13650,0,0,"0,5",6825
251,RGpqVzFISThLazdkQm1zRVFKaDJuUT09,KISEKI                   ,2018,P/,0,0,0,0,0,0,0,0,0,0,0
252,RGpqVzFISThLazdkQm1zRVFKaDJuUT09,KISEKI                   ,2017,P/,0,0,0,0,0,0,0,0,0,0,0
253,RGpqVzFISThLazdkQm1zRVFKaDJuUT09,KISEKI                   ,2016,P/,0,0,0,0,0,0,0,0,0,0,0
254,OUJEVm4yNXZYaDdFZFEvY1JudlZiUT09,CAPE BLANCO              ,2011,P/,1,0,1,0,17130,17130,17130,0,0,1,17130
255,OUJEVm4yNXZYaDdFZFEvY1JudlZiUT09,CAPE BLANCO              ,2010,P/,2,0,0,0,0,0,0,0,0,0,0
256,OUJEVm4yNXZYaDdFZFEvY1JudlZiUT09,CAPE BLANCO              ,2009,P/,0,0,0,0,0,0,0,0,0,0,0
257,NmlmTFY0WGZ6bTB0MGI1SkxLa2hwZz09,MONTVIRON                ,2015,P/,2,0,2,0,7000,7000,11550,1616,0,1,3500
258,NmlmTFY0WGZ6bTB0MGI1SkxLa2hwZz09,MONTVIRON                ,2014,P/,5,1,3,12500,11600,24100,39524,5532,"0,2","0,6",4820
259,M28yQnU3bHkvTy9DYUROOUxKL0hCQT09,TESTOSTERONE             ,2013,P/,1,0,0,0,0,0,0,0,0,0,0
260,M28yQnU3bHkvTy9DYUROOUxKL0hCQT09,TESTOSTERONE             ,2012,P/,0,0,0,0,0,0,0,0,0,0,0
261,M28yQnU3bHkvTy9DYUROOUxKL0hCQT09,TESTOSTERONE             ,2011,P/,7,3,3,140000,91860,231860,377931,52908,"0,43","0,43",33122
262,QUZJRXFPMDJrZGhUM2J2anJBbjlvdz09,HIGHLAND REEL            ,2017,P/,0,0,0,0,0,0,0,0,0,0,0
263,QUZJRXFPMDJrZGhUM2J2anJBbjlvdz09,HIGHLAND REEL            ,2016,P/,1,0,1,0,1143000,1143000,1143000,0,0,1,1143000
264,QUZJRXFPMDJrZGhUM2J2anJBbjlvdz09,HIGHLAND REEL            ,2015,P/,2,0,1,0,342900,342900,342900,0,0,"0,5",171450
265,QUZJRXFPMDJrZGhUM2J2anJBbjlvdz09,HIGHLAND REEL            ,2014,P/,0,0,0,0,0,0,0,0,0,0,0
266,R1pOYmw0WDNHVEN5Vk1ZcXpJMVozUT09,PLUMANIA                 ,2010,P/,6,2,3,302660,91310,393970,583074,81627,"0,33","0,5",65661
267,R1pOYmw0WDNHVEN5Vk1ZcXpJMVozUT09,PLUMANIA                 ,2009,P/,6,0,6,0,206545,206545,336667,47130,0,1,34424
268,R1pOYmw0WDNHVEN5Vk1ZcXpJMVozUT09,PLUMANIA                 ,2008,P/,3,1,2,17000,20530,37530,65677,9194,"0,33","0,67",12510
269,RlZKZW5yTVkxQ2VLUG1OSTlMMytGZz09,WAY TO PARIS             ,2020,P/,7,2,3,211847,72074,283921,283921,0,"0,29","0,43",40560
270,RlZKZW5yTVkxQ2VLUG1OSTlMMytGZz09,WAY TO PARIS             ,2019,P/,8,1,6,74100,88200,162300,162300,0,"0,13","0,75",20287
271,RlZKZW5yTVkxQ2VLUG1OSTlMMytGZz09,WAY TO PARIS             ,2018,P/,8,0,6,0,68400,68400,68400,0,0,"0,75",8550
272,RlZKZW5yTVkxQ2VLUG1OSTlMMytGZz09,WAY TO PARIS             ,2017,P/,2,0,1,0,12000,12000,12000,0,0,"0,5",6000
273,RlZKZW5yTVkxQ2VLUG1OSTlMMytGZz09,WAY TO PARIS             ,2016,P/,0,0,0,0,0,0,0,0,0,0,0
274,RlZKZW5yTVkxQ2VLUG1OSTlMMytGZz09,WAY TO PARIS             ,2015,P/,0,0,0,0,0,0,0,0,0,0,0
275,MGhOQitWN0dBWE1aYWNXbXNQemNKZz09,PATASCOY                 ,2019,O/,1,0,1,0,2700,2700,2700,405,0,1,2700
276,MGhOQitWN0dBWE1aYWNXbXNQemNKZz09,PATASCOY                 ,2019,P/,3,1,0,20000,0,20000,28564,4284,"0,33",0,6666
277,MGhOQitWN0dBWE1aYWNXbXNQemNKZz09,PATASCOY                 ,2018,P/,6,2,3,30000,446900,476900,635464,95317,"0,33","0,5",79483
278,MGhOQitWN0dBWE1aYWNXbXNQemNKZz09,PATASCOY                 ,2017,P/,4,2,2,25450,15000,40450,67326,10098,"0,5","0,5",10112
279,N3pWTlNoMTFVRXd3R3hiVHV4SjVEdz09,TIMOS                    ,2011,P/,5,1,3,12500,16300,28800,28800,0,"0,2","0,6",5760
280,N3pWTlNoMTFVRXd3R3hiVHV4SjVEdz09,TIMOS                    ,2010,P/,6,1,4,11000,55350,66350,66350,0,"0,17","0,67",11058
281,N3pWTlNoMTFVRXd3R3hiVHV4SjVEdz09,TIMOS                    ,2009,P/,3,1,1,26000,4550,30550,30550,0,"0,33","0,33",10183
282,N3pWTlNoMTFVRXd3R3hiVHV4SjVEdz09,TIMOS                    ,2008,P/,3,2,1,38500,4400,42900,42900,0,"0,67","0,33",14300
283,WEtWMjBnZEtPSmV1SnAyOVg1dkpSUT09,LOUIS D'OR               ,2019,P/,7,0,4,0,11580,11580,16536,1651,0,"0,57",1654
284,WEtWMjBnZEtPSmV1SnAyOVg1dkpSUT09,LOUIS D'OR               ,2018,P/,9,0,5,0,215100,215100,281008,28099,0,"0,56",23900
285,WEtWMjBnZEtPSmV1SnAyOVg1dkpSUT09,LOUIS D'OR               ,2017,P/,6,1,5,20680,63660,84340,114890,8576,"0,17","0,83",14056
286,aXFKbGxtY2wzeEU3Zno4SFFSTVhhZz09,SARAFINA                 ,2011,P/,5,3,1,376760,68580,445340,659102,92272,"0,6","0,2",89068
287,aXFKbGxtY2wzeEU3Zno4SFFSTVhhZz09,SARAFINA                 ,2010,P/,5,3,2,611970,497205,1109175,1519918,166381,"0,6","0,4",221835
288,R2VpNXlyd0cyYzBzbWVhY0dLUk8zUT09,SCHIAPARELLI             ,2019,P/,5,1,0,6000,0,6000,9425,1413,"0,2",0,1200
289,aVIvN05EZW12VkNJa3ZyN1dXTU80QT09,HARP STAR                ,2014,P/,1,0,0,0,0,0,0,0,0,0,0
290,aVIvN05EZW12VkNJa3ZyN1dXTU80QT09,HARP STAR                ,2013,P/,0,0,0,0,0,0,0,0,0,0,0
291,bEZ1Zko4L2lMSG40aHRaa3owaVB4Zz09,NAGANO GOLD              ,2020,P/,3,0,3,0,75844,75844,75844,0,0,1,25281
292,bEZ1Zko4L2lMSG40aHRaa3owaVB4Zz09,NAGANO GOLD              ,2019,P/,4,1,2,26000,33000,59000,59000,0,"0,25","0,5",14750
293,bEZ1Zko4L2lMSG40aHRaa3owaVB4Zz09,NAGANO GOLD              ,2018,P/,5,1,4,26000,32820,58820,58820,0,"0,2","0,8",11764
294,bEZ1Zko4L2lMSG40aHRaa3owaVB4Zz09,NAGANO GOLD              ,2017,P/,1,1,0,16450,0,16450,16450,0,1,0,16450
295,bEZ1Zko4L2lMSG40aHRaa3owaVB4Zz09,NAGANO GOLD              ,2016,P/,0,0,0,0,0,0,0,0,0,0,0
296,SVBpN2FvMnJyN1hZYkJ2dUNVRWxDUT09,MAGICAL                  ,2020,P/,0,0,0,0,0,0,0,0,0,0,0
297,SVBpN2FvMnJyN1hZYkJ2dUNVRWxDUT09,MAGICAL                  ,2019,P/,1,0,1,0,143000,143000,143000,0,0,1,143000
298,SVBpN2FvMnJyN1hZYkJ2dUNVRWxDUT09,MAGICAL                  ,2018,P/,2,0,1,0,8000,8000,8000,0,0,"0,5",4000
299,SVBpN2FvMnJyN1hZYkJ2dUNVRWxDUT09,MAGICAL                  ,2017,P/,1,0,1,0,17130,17130,17130,0,0,1,17130
300,SlFKWldCajFReWxLNG1wbnNYbldDZz09,THE BOGBERRY             ,2010,P/,3,0,0,0,0,0,0,0,0,0,0
301,SlFKWldCajFReWxLNG1wbnNYbldDZz09,THE BOGBERRY             ,2009,P/,6,0,4,0,43780,43780,43780,0,0,"0,67",7296
302,SlFKWldCajFReWxLNG1wbnNYbldDZz09,THE BOGBERRY             ,2008,P/,1,0,1,0,13650,13650,13650,0,0,1,13650
303,SlFKWldCajFReWxLNG1wbnNYbldDZz09,THE BOGBERRY             ,2007,P/,0,0,0,0,0,0,0,0,0,0,0
304,a2NQTXJ2NHZENk5sN0tSVGtUNFlCQT09,NELSON                   ,2010,O/,0,0,0,0,0,0,0,0,0,0,0
305,a2NQTXJ2NHZENk5sN0tSVGtUNFlCQT09,NELSON                   ,2009,O/,0,0,0,0,0,0,0,0,0,0,0
306,a2NQTXJ2NHZENk5sN0tSVGtUNFlCQT09,NELSON                   ,2008,O/,0,0,0,0,0,0,0,0,0,0,0
307,a2NQTXJ2NHZENk5sN0tSVGtUNFlCQT09,NELSON                   ,2007,O/,5,1,2,7680,6190,13870,13870,2080,"0,2","0,4",2774
308,a2NQTXJ2NHZENk5sN0tSVGtUNFlCQT09,NELSON                   ,2006,O/,11,1,7,14400,33640,48040,48040,7205,"0,09","0,64",4367
309,a2NQTXJ2NHZENk5sN0tSVGtUNFlCQT09,NELSON                   ,2005,O/,6,0,5,0,24350,24350,24350,3652,0,"0,83",4058
310,a2NQTXJ2NHZENk5sN0tSVGtUNFlCQT09,NELSON                   ,2005,P/,2,0,1,0,2000,2000,2000,420,0,"0,5",1000
311,a2NQTXJ2NHZENk5sN0tSVGtUNFlCQT09,NELSON                   ,2004,P/,4,1,2,4000,4200,8200,8200,1722,"0,25","0,5",2050
312,MlN2ZHRiU1VFcFllandZYmh1SFF1dz09,SET SAIL                 ,2009,P/,3,0,1,0,8000,8000,8000,0,0,"0,33",2666
313,MlN2ZHRiU1VFcFllandZYmh1SFF1dz09,SET SAIL                 ,2008,P/,0,0,0,0,0,0,0,0,0,0,0
314,a1hqWDF1YXFCdVFhNm45MjNSMzB5QT09,SAHAWAR                  ,2016,P/,0,0,0,0,0,0,0,0,0,0,0
315,a1hqWDF1YXFCdVFhNm45MjNSMzB5QT09,SAHAWAR                  ,2015,P/,9,0,7,0,24200,24200,34768,4864,0,"0,78",2688
316,a1hqWDF1YXFCdVFhNm45MjNSMzB5QT09,SAHAWAR                  ,2014,P/,4,1,2,10000,16800,26800,43952,6152,"0,25","0,5",6700
317,a1hqWDF1YXFCdVFhNm45MjNSMzB5QT09,SAHAWAR                  ,2013,P/,7,1,5,17000,42550,59550,97662,13671,"0,14","0,71",8507
318,a1hqWDF1YXFCdVFhNm45MjNSMzB5QT09,SAHAWAR                  ,2012,P/,6,2,4,21500,14000,35500,62124,8695,"0,33","0,67",5916
319,TFZLdHZSZEpvVkVNSzlxeWM5dm4vZz09,GREAT HEAVENS            ,2012,P/,1,0,0,0,0,0,0,0,0,0,0
320,TFZLdHZSZEpvVkVNSzlxeWM5dm4vZz09,GREAT HEAVENS            ,2011,P/,0,0,0,0,0,0,0,0,0,0,0
321,NUd5ZTFPNUQwNmp4OGlsY0hwOVliQT09,DUKE OF MARMALADE        ,2008,P/,2,1,0,171420,0,171420,171420,0,"0,5",0,85710
322,NUd5ZTFPNUQwNmp4OGlsY0hwOVliQT09,DUKE OF MARMALADE        ,2007,P/,0,0,0,0,0,0,0,0,0,0,0
323,NUd5ZTFPNUQwNmp4OGlsY0hwOVliQT09,DUKE OF MARMALADE        ,2006,P/,0,0,0,0,0,0,0,0,0,0,0
324,K0Z2WXU4MVRkUnBKTjhmRUVNYVRCdz09,DSCHINGIS SECRET         ,2018,P/,1,0,1,0,28600,28600,28600,0,0,1,28600
325,K0Z2WXU4MVRkUnBKTjhmRUVNYVRCdz09,DSCHINGIS SECRET         ,2017,P/,2,1,0,74100,0,74100,74100,0,"0,5",0,37050
326,K0Z2WXU4MVRkUnBKTjhmRUVNYVRCdz09,DSCHINGIS SECRET         ,2016,P/,0,0,0,0,0,0,0,0,0,0,0
327,K0Z2WXU4MVRkUnBKTjhmRUVNYVRCdz09,DSCHINGIS SECRET         ,2015,P/,0,0,0,0,0,0,0,0,0,0,0
328,REdDazBNSHVPeDUxRzdXNElncFVBQT09,AVENIR CERTAIN           ,2015,P/,3,0,2,0,73150,73150,120709,25348,0,"0,67",24383
329,REdDazBNSHVPeDUxRzdXNElncFVBQT09,AVENIR CERTAIN           ,2014,P/,5,4,0,919630,0,919630,1508193,254929,"0,8",0,183926
330,REdDazBNSHVPeDUxRzdXNElncFVBQT09,AVENIR CERTAIN           ,2013,P/,2,2,0,22500,0,22500,36900,7748,1,0,11250
331,TTFWM04rREc0aTFGcVl2Zyt5dVZJZz09,IQUITOS                  ,2018,P/,1,0,1,0,11440,11440,11440,0,0,1,11440
332,TTFWM04rREc0aTFGcVl2Zyt5dVZJZz09,IQUITOS                  ,2017,P/,1,0,0,0,0,0,0,0,0,0,0
333,TTFWM04rREc0aTFGcVl2Zyt5dVZJZz09,IQUITOS                  ,2016,P/,0,0,0,0,0,0,0,0,0,0,0
334,TTFWM04rREc0aTFGcVl2Zyt5dVZJZz09,IQUITOS                  ,2015,P/,0,0,0,0,0,0,0,0,0,0,0
335,YkRwb2FOSTN4RktyWFJ3K1dLckVCZz09,RELIABLE MAN             ,2013,P/,0,0,0,0,0,0,0,0,0,0,0
336,YkRwb2FOSTN4RktyWFJ3K1dLckVCZz09,RELIABLE MAN             ,2012,P/,3,0,2,0,50290,50290,74429,10419,0,"0,67",16763
337,YkRwb2FOSTN4RktyWFJ3K1dLckVCZz09,RELIABLE MAN             ,2011,P/,6,4,1,960200,68580,1028780,1676911,234765,"0,67","0,17",171463
338,aER2UWw3NU5WUWlhNHZoRno1Y1FJdz09,JAPAN                    ,2020,P/,0,0,0,0,0,0,0,0,0,0,0
339,aER2UWw3NU5WUWlhNHZoRno1Y1FJdz09,JAPAN                    ,2019,P/,2,1,1,342840,285500,628340,628340,0,"0,5","0,5",314170
340,aER2UWw3NU5WUWlhNHZoRno1Y1FJdz09,JAPAN                    ,2018,P/,0,0,0,0,0,0,0,0,0,0,0
341,THhiOWRPeDdkdHRkMFpuSkdhRDZGUT09,LA BOUM                  ,2010,P/,14,1,11,12500,103650,116150,116150,0,"0,07","0,79",8296
342,THhiOWRPeDdkdHRkMFpuSkdhRDZGUT09,LA BOUM                  ,2009,P/,8,0,6,0,79875,79875,79875,0,0,"0,75",9984
343,THhiOWRPeDdkdHRkMFpuSkdhRDZGUT09,LA BOUM                  ,2008,P/,6,1,1,40000,28600,68600,68600,0,"0,17","0,17",11433
344,THhiOWRPeDdkdHRkMFpuSkdhRDZGUT09,LA BOUM                  ,2007,P/,6,3,3,76500,12100,88600,88600,0,"0,5","0,5",14766
345,RXVXVUZDNTBmcW80a1lCNFBpa3Qwdz09,WORKFORCE                ,2011,P/,1,0,0,0,0,0,0,0,0,0,0
346,RXVXVUZDNTBmcW80a1lCNFBpa3Qwdz09,WORKFORCE                ,2010,P/,1,1,0,2285600,0,2285600,2285600,0,1,0,2285600
347,RXVXVUZDNTBmcW80a1lCNFBpa3Qwdz09,WORKFORCE                ,2009,P/,0,0,0,0,0,0,0,0,0,0,0
348,YzBpaVBQcnZ4Nko1WmRudDg5eUVOUT09,OCOVANGO                 ,2014,P/,5,0,2,0,15300,15300,15300,0,0,"0,4",3060
349,YzBpaVBQcnZ4Nko1WmRudDg5eUVOUT09,OCOVANGO                 ,2013,P/,5,2,2,101600,82230,183830,183830,0,"0,4","0,4",36766
350,YzBpaVBQcnZ4Nko1WmRudDg5eUVOUT09,OCOVANGO                 ,2012,P/,1,1,0,12000,0,12000,12000,0,1,0,12000
351,cTI2WHFvOXhGY0pXUmJCSDBpRWgyQT09,FIEREMENT                ,2019,P/,1,0,0,0,0,0,0,0,0,0,0
352,cTI2WHFvOXhGY0pXUmJCSDBpRWgyQT09,FIEREMENT                ,2018,P/,0,0,0,0,0,0,0,0,0,0,0
353,Y29qVCtTMmJzQXhZYzdvR1A5aVpUQT09,MANATEE                  ,2016,P/,3,0,3,0,46490,46490,46490,0,0,1,15496
354,Y29qVCtTMmJzQXhZYzdvR1A5aVpUQT09,MANATEE                  ,2015,P/,5,1,3,74100,40850,114950,114950,0,"0,2","0,6",22990
355,Y29qVCtTMmJzQXhZYzdvR1A5aVpUQT09,MANATEE                  ,2014,P/,4,3,1,101100,5400,106500,106500,0,"0,75","0,25",26625
356,M0FkVEhqWWFwdkMrTWw3VGtTa3VuUT09,BRAMETOT                 ,2017,P/,5,3,2,1239940,157000,1396940,1396940,0,"0,6","0,4",279388
357,M0FkVEhqWWFwdkMrTWw3VGtTa3VuUT09,BRAMETOT                 ,2016,P/,4,3,1,62000,24400,86400,86400,0,"0,75","0,25",21600
358,WWRNU2l1QUQ4YktjMkZQUFBJRysrdz09,DOLNIYA                  ,2015,P/,4,1,2,25000,54820,79820,131716,18439,"0,25","0,5",19955
359,WWRNU2l1QUQ4YktjMkZQUFBJRysrdz09,DOLNIYA                  ,2014,P/,6,3,3,127500,188805,316305,427220,46539,"0,5","0,5",52717
360,WTh4VFBlSHE5RWZCZEh2OFFWRmxGUT09,HOT SIX                  ,2012,P/,0,0,0,0,0,0,0,0,0,0,0
361,WTh4VFBlSHE5RWZCZEh2OFFWRmxGUT09,HOT SIX                  ,2011,P/,0,0,0,0,0,0,0,0,0,0,0
362,WTh4VFBlSHE5RWZCZEh2OFFWRmxGUT09,HOT SIX                  ,2010,P/,4,0,3,0,9600,9600,9600,0,0,"0,75",2400
363,WTh4VFBlSHE5RWZCZEh2OFFWRmxGUT09,HOT SIX                  ,2009,P/,1,0,0,0,0,0,0,0,0,0,0
364,WTh4VFBlSHE5RWZCZEh2OFFWRmxGUT09,HOT SIX                  ,2008,P/,0,0,0,0,0,0,0,0,0,0,0
365,Y1puWTl6ZGpLY2Fvd3UyTmMwQVhlZz09,EAGLE TOP                ,2016,P/,1,0,0,0,0,0,0,0,0,0,0
366,Y1puWTl6ZGpLY2Fvd3UyTmMwQVhlZz09,EAGLE TOP                ,2015,P/,1,0,0,0,0,0,0,0,0,0,0
367,Y1puWTl6ZGpLY2Fvd3UyTmMwQVhlZz09,EAGLE TOP                ,2014,P/,0,0,0,0,0,0,0,0,0,0,0
368,V0swazNFZzMvaCtad3ZUNTdiNmRVUT09,ORFEVRE                  ,2013,P/,2,1,1,74100,1097280,1171380,1171380,0,"0,5","0,5",585690
369,V0swazNFZzMvaCtad3ZUNTdiNmRVUT09,ORFEVRE                  ,2012,P/,2,1,1,74100,914400,988500,988500,0,"0,5","0,5",494250
370,V0swazNFZzMvaCtad3ZUNTdiNmRVUT09,ORFEVRE                  ,2011,P/,0,0,0,0,0,0,0,0,0,0,0
371,V0swazNFZzMvaCtad3ZUNTdiNmRVUT09,ORFEVRE                  ,2010,P/,0,0,0,0,0,0,0,0,0,0,0
372,bDZjOTYzdnkvRUliV3dyKzYzMDZZZz09,SAVOIR VIVRE             ,2017,P/,2,0,1,0,14000,14000,14000,0,0,"0,5",7000
373,bDZjOTYzdnkvRUliV3dyKzYzMDZZZz09,SAVOIR VIVRE             ,2016,P/,2,1,0,114000,0,114000,114000,0,"0,5",0,57000
374,WERKQUcxZHlmWnphSys3SjB4bXJSZz09,SPIRITJIM                ,2018,P/,0,0,0,0,0,0,0,0,0,0,0
375,WERKQUcxZHlmWnphSys3SjB4bXJSZz09,SPIRITJIM                ,2016,P/,0,0,0,0,0,0,0,0,0,0,0
376,WERKQUcxZHlmWnphSys3SjB4bXJSZz09,SPIRITJIM                ,2015,P/,7,0,4,0,55900,55900,80318,11243,0,"0,57",7985
377,WERKQUcxZHlmWnphSys3SjB4bXJSZz09,SPIRITJIM                ,2014,P/,6,3,1,140100,13650,153750,252150,35300,"0,5","0,17",25625
378,WERKQUcxZHlmWnphSys3SjB4bXJSZz09,SPIRITJIM                ,2013,P/,5,3,1,57000,4000,61000,100040,14005,"0,6","0,2",12200
379,dVl6cnIxd1ZTSlg0TVZJK0g4QnVKZz09,MIDAS TOUCH              ,2010,P/,1,0,0,0,0,0,0,0,0,0,0
380,dVl6cnIxd1ZTSlg0TVZJK0g4QnVKZz09,MIDAS TOUCH              ,2009,P/,1,0,1,0,14275,14275,14275,0,0,1,14275
381,OVpZYW9WQ1g1cHY5RGhsUGxFSGpqQT09,AVENTINO                 ,2012,P/,2,0,1,0,4550,4550,4550,0,0,"0,5",2275
382,OVpZYW9WQ1g1cHY5RGhsUGxFSGpqQT09,AVENTINO                 ,2011,P/,0,0,0,0,0,0,0,0,0,0,0
383,OVpZYW9WQ1g1cHY5RGhsUGxFSGpqQT09,AVENTINO                 ,2010,P/,0,0,0,0,0,0,0,0,0,0,0
384,OVpZYW9WQ1g1cHY5RGhsUGxFSGpqQT09,AVENTINO                 ,2009,P/,0,0,0,0,0,0,0,0,0,0,0
385,OVpZYW9WQ1g1cHY5RGhsUGxFSGpqQT09,AVENTINO                 ,2008,P/,0,0,0,0,0,0,0,0,0,0,0
386,OVpZYW9WQ1g1cHY5RGhsUGxFSGpqQT09,AVENTINO                 ,2007,P/,0,0,0,0,0,0,0,0,0,0,0
387,YXVNNGJ2ejN5Tmh3emJqZ0xocEh3Zz09,PLUMATIC                 ,2021,P/,0,0,0,0,0,0,0,0,0,0,0
388,YXVNNGJ2ejN5Tmh3emJqZ0xocEh3Zz09,PLUMATIC                 ,2020,P/,1,0,1,0,12600,12600,16569,1408,0,1,12600
389,YXVNNGJ2ejN5Tmh3emJqZ0xocEh3Zz09,PLUMATIC                 ,2019,P/,2,1,1,74100,12000,86100,122969,12296,"0,5","0,5",43050
390,YXVNNGJ2ejN5Tmh3emJqZ0xocEh3Zz09,PLUMATIC                 ,2018,P/,4,1,3,14000,48695,62695,84717,8470,"0,25","0,75",15673
391,YXVNNGJ2ejN5Tmh3emJqZ0xocEh3Zz09,PLUMATIC                 ,2017,P/,5,1,2,14100,32000,46100,76730,7672,"0,2","0,4",9220
392,L0tOWlRjUkdkbWttb3FXeXhpVktzZz09,NAKAYAMA FESTA           ,2011,P/,2,0,1,0,9100,9100,9100,0,0,"0,5",4550
393,L0tOWlRjUkdkbWttb3FXeXhpVktzZz09,NAKAYAMA FESTA           ,2010,P/,2,0,2,0,943000,943000,943000,0,0,1,471500
394,L0tOWlRjUkdkbWttb3FXeXhpVktzZz09,NAKAYAMA FESTA           ,2009,P/,0,0,0,0,0,0,0,0,0,0,0
395,L0tOWlRjUkdkbWttb3FXeXhpVktzZz09,NAKAYAMA FESTA           ,2008,P/,0,0,0,0,0,0,0,0,0,0,0
396,eGEzek1uazFKVHQvbHIvWTJPMzlRUT09,THE GREY GATSBY          ,2017,P/,0,0,0,0,0,0,0,0,0,0,0
397,eGEzek1uazFKVHQvbHIvWTJPMzlRUT09,THE GREY GATSBY          ,2016,P/,1,0,0,0,0,0,0,0,0,0,0
398,eGEzek1uazFKVHQvbHIvWTJPMzlRUT09,THE GREY GATSBY          ,2015,P/,0,0,0,0,0,0,0,0,0,0,0
399,eGEzek1uazFKVHQvbHIvWTJPMzlRUT09,THE GREY GATSBY          ,2014,P/,2,1,0,857100,0,857100,1405644,135000,"0,5",0,428550
400,eGEzek1uazFKVHQvbHIvWTJPMzlRUT09,THE GREY GATSBY          ,2013,P/,0,0,0,0,0,0,0,0,0,0,0
401,d2krK3hvYUhLdlRLZjZMTzRZK2FnUT09,ERNEST HEMINGWAY         ,2014,P/,0,0,0,0,0,0,0,0,0,0,0
402,d2krK3hvYUhLdlRLZjZMTzRZK2FnUT09,ERNEST HEMINGWAY         ,2013,P/,0,0,0,0,0,0,0,0,0,0,0
403,d2krK3hvYUhLdlRLZjZMTzRZK2FnUT09,ERNEST HEMINGWAY         ,2012,P/,1,0,0,0,0,0,0,0,0,0,0
404,aWtjV3FPTU0yK3ZuSmJldXJCR042Zz09,SALOUEN                  ,2019,P/,0,0,0,0,0,0,0,0,0,0,0
405,aWtjV3FPTU0yK3ZuSmJldXJCR042Zz09,SALOUEN                  ,2018,P/,3,0,2,0,66720,66720,66720,0,0,"0,67",22240
406,aWtjV3FPTU0yK3ZuSmJldXJCR042Zz09,SALOUEN                  ,2017,P/,2,0,2,0,109000,109000,109000,0,0,1,54500
407,aWtjV3FPTU0yK3ZuSmJldXJCR042Zz09,SALOUEN                  ,2016,P/,1,0,1,0,80010,80010,80010,0,0,1,80010
408,cTd4UlF5R2FGTnRpR0tlNjRWY3RDdz09,ULYSSES                  ,2017,P/,1,0,1,0,571500,571500,571500,0,0,1,571500
409,cTd4UlF5R2FGTnRpR0tlNjRWY3RDdz09,ULYSSES                  ,2016,P/,0,0,0,0,0,0,0,0,0,0,0
410,cTd4UlF5R2FGTnRpR0tlNjRWY3RDdz09,ULYSSES                  ,2015,P/,0,0,0,0,0,0,0,0,0,0,0
411,bXN4Y3dmQ1FiOFpPUEU5TU1ZV2xRZz09,BLUE BRESIL              ,2009,O/,5,0,4,0,109200,109200,109200,16380,0,"0,8",21840
412,bXN4Y3dmQ1FiOFpPUEU5TU1ZV2xRZz09,BLUE BRESIL              ,2009,P/,2,1,0,11000,0,11000,16280,2279,"0,5",0,5500
413,bXN4Y3dmQ1FiOFpPUEU5TU1ZV2xRZz09,BLUE BRESIL              ,2008,P/,11,1,7,13500,64100,77600,126486,17703,"0,09","0,64",7054
414,bXN4Y3dmQ1FiOFpPUEU5TU1ZV2xRZz09,BLUE BRESIL              ,2007,P/,2,1,0,12000,0,12000,21000,2940,"0,5",0,6000
415,NnhGZ1B4bXkxSGtiYVFyMG9pN0cyQT09,YOUMZAIN                 ,2010,P/,2,0,1,0,91440,91440,91440,0,0,"0,5",45720
416,NnhGZ1B4bXkxSGtiYVFyMG9pN0cyQT09,YOUMZAIN                 ,2009,P/,2,0,2,0,960120,960120,960120,0,0,1,480060
417,NnhGZ1B4bXkxSGtiYVFyMG9pN0cyQT09,YOUMZAIN                 ,2008,P/,2,1,1,228560,914400,1142960,1142960,0,"0,5","0,5",571480
418,NnhGZ1B4bXkxSGtiYVFyMG9pN0cyQT09,YOUMZAIN                 ,2007,P/,2,0,2,0,468640,468640,468640,0,0,1,234320
419,NnhGZ1B4bXkxSGtiYVFyMG9pN0cyQT09,YOUMZAIN                 ,2006,P/,1,0,1,0,28600,28600,28600,0,0,1,28600
420,NnhGZ1B4bXkxSGtiYVFyMG9pN0cyQT09,YOUMZAIN                 ,2005,P/,0,0,0,0,0,0,0,0,0,0,0
421,c0U5QS90bmdJdFNCV3d6SWhEKzlRUT09,FREE PORT LUX            ,2016,P/,4,0,1,0,8000,8000,11308,1583,0,"0,25",2000
422,c0U5QS90bmdJdFNCV3d6SWhEKzlRUT09,FREE PORT LUX            ,2015,P/,5,1,4,114000,29100,143100,236138,33058,"0,2","0,8",28620
423,c0U5QS90bmdJdFNCV3d6SWhEKzlRUT09,FREE PORT LUX            ,2014,P/,8,2,4,114100,143360,257460,422234,59110,"0,25","0,5",32182
424,c0U5QS90bmdJdFNCV3d6SWhEKzlRUT09,FREE PORT LUX            ,2013,P/,2,1,0,12000,0,12000,19680,2755,"0,5",0,6000
425,ME03Q3ZUVFNjN09uSjc2anZVOUdqdz09,DUNCAN                   ,2011,P/,0,0,0,0,0,0,0,0,0,0,0
426,ME03Q3ZUVFNjN09uSjc2anZVOUdqdz09,DUNCAN                   ,2010,P/,2,1,0,74100,0,74100,74100,0,"0,5",0,37050
427,ME03Q3ZUVFNjN09uSjc2anZVOUdqdz09,DUNCAN                   ,2009,P/,0,0,0,0,0,0,0,0,0,0,0
428,ME03Q3ZUVFNjN09uSjc2anZVOUdqdz09,DUNCAN                   ,2008,P/,0,0,0,0,0,0,0,0,0,0,0
429,T21FMkpQRDZnRzYvZXRZRHR5VUFCdz09,TANGASPEED               ,2011,P/,2,0,1,0,1250,1250,1850,259,0,"0,5",625
430,T21FMkpQRDZnRzYvZXRZRHR5VUFCdz09,TANGASPEED               ,2010,P/,6,2,0,50000,0,50000,74000,10360,"0,33",0,8333
431,T21FMkpQRDZnRzYvZXRZRHR5VUFCdz09,TANGASPEED               ,2009,P/,9,0,4,0,25300,25300,37444,5240,0,"0,44",2811
432,T21FMkpQRDZnRzYvZXRZRHR5VUFCdz09,TANGASPEED               ,2008,P/,10,2,7,38500,48980,87480,142592,19957,"0,2","0,7",8748
433,VERWUENCaGRhQUNZY1drMjdFNEJtZz09,RED ROCK CANYON          ,2010,P/,0,0,0,0,0,0,0,0,0,0,0
434,VERWUENCaGRhQUNZY1drMjdFNEJtZz09,RED ROCK CANYON          ,2009,P/,1,0,0,0,0,0,0,0,0,0,0
435,VERWUENCaGRhQUNZY1drMjdFNEJtZz09,RED ROCK CANYON          ,2008,P/,1,0,0,0,0,0,0,0,0,0,0
436,VERWUENCaGRhQUNZY1drMjdFNEJtZz09,RED ROCK CANYON          ,2007,P/,0,0,0,0,0,0,0,0,0,0,0
437,VERWUENCaGRhQUNZY1drMjdFNEJtZz09,RED ROCK CANYON          ,2006,P/,1,0,1,0,7150,7150,7150,0,0,1,7150
438,U3JuWVVUc3JrendDV2RZRTlBOVpxdz09,CAMELOT                  ,1998,P/,5,0,0,0,0,0,0,0,0,0,0
439,U3JuWVVUc3JrendDV2RZRTlBOVpxdz09,CAMELOT                  ,1997,P/,6,0,3,0,2592,2592,2592,0,0,"0,5",432
440,U3JuWVVUc3JrendDV2RZRTlBOVpxdz09,CAMELOT                  ,1996,P/,1,0,0,0,0,0,0,0,0,0,0
441,U3JuWVVUc3JrendDV2RZRTlBOVpxdz09,CAMELOT                  ,1995,P/,0,0,0,0,0,0,0,0,0,0,0
442,ak04VG9jcmlLQ3gxQ2l5ZExmMGdBUT09,PIRIKA                   ,2013,P/,7,1,4,40000,35100,75100,107392,15032,"0,14","0,57",10728
443,ak04VG9jcmlLQ3gxQ2l5ZExmMGdBUT09,PIRIKA                   ,2012,P/,4,1,2,26000,102850,128850,190697,26696,"0,25","0,5",32212
444,ak04VG9jcmlLQ3gxQ2l5ZExmMGdBUT09,PIRIKA                   ,2011,P/,5,0,3,0,29750,29750,48492,6788,0,"0,6",5950
445,ak04VG9jcmlLQ3gxQ2l5ZExmMGdBUT09,PIRIKA                   ,2010,P/,2,1,0,12000,0,12000,21000,2940,"0,5",0,6000
446,U3VRd1hQLzVTU3hVRW9iTkVCTVlkUT09,CAVALRYMAN               ,2014,P/,0,0,0,0,0,0,0,0,0,0,0
447,U3VRd1hQLzVTU3hVRW9iTkVCTVlkUT09,CAVALRYMAN               ,2013,P/,0,0,0,0,0,0,0,0,0,0,0
448,U3VRd1hQLzVTU3hVRW9iTkVCTVlkUT09,CAVALRYMAN               ,2012,P/,0,0,0,0,0,0,0,0,0,0,0
449,U3VRd1hQLzVTU3hVRW9iTkVCTVlkUT09,CAVALRYMAN               ,2011,P/,1,0,1,0,7150,7150,7150,0,0,1,7150
450,U3VRd1hQLzVTU3hVRW9iTkVCTVlkUT09,CAVALRYMAN               ,2010,P/,1,0,0,0,0,0,0,0,0,0,0
451,U3VRd1hQLzVTU3hVRW9iTkVCTVlkUT09,CAVALRYMAN               ,2009,P/,6,3,3,444440,491300,935740,935740,0,"0,5","0,5",155956
452,U3VRd1hQLzVTU3hVRW9iTkVCTVlkUT09,CAVALRYMAN               ,2008,P/,2,1,1,14500,2200,16700,16700,0,"0,5","0,5",8350
453,TWNvYXlyZytKS1pqaGpVbG01bE1LQT09,STEELE TANGO             ,2011,P/,0,0,0,0,0,0,0,0,0,0,0
454,TWNvYXlyZytKS1pqaGpVbG01bE1LQT09,STEELE TANGO             ,2010,P/,0,0,0,0,0,0,0,0,0,0,0
455,TWNvYXlyZytKS1pqaGpVbG01bE1LQT09,STEELE TANGO             ,2009,P/,1,0,0,0,0,0,0,0,0,0,0
456,TWNvYXlyZytKS1pqaGpVbG01bE1LQT09,STEELE TANGO             ,2008,P/,0,0,0,0,0,0,0,0,0,0,0
457,TWNvYXlyZytKS1pqaGpVbG01bE1LQT09,STEELE TANGO             ,2007,P/,0,0,0,0,0,0,0,0,0,0,0
458,bHVNbFlaeFJTRWhPc3NLeksvSSswQT09,SO YOU THINK             ,2012,P/,0,0,0,0,0,0,0,0,0,0,0
459,bHVNbFlaeFJTRWhPc3NLeksvSSswQT09,SO YOU THINK             ,2011,P/,1,0,1,0,228400,228400,228400,0,0,1,228400
460,bHVNbFlaeFJTRWhPc3NLeksvSSswQT09,SO YOU THINK             ,2010,P/,0,0,0,0,0,0,0,0,0,0,0
461,bHVNbFlaeFJTRWhPc3NLeksvSSswQT09,SO YOU THINK             ,2009,P/,0,0,0,0,0,0,0,0,0,0,0
462,c2FDVXVlclNjNExrNk9ZSjJLaEgwUT09,CLOTH OF STARS           ,2018,P/,6,0,5,0,684570,684570,684570,0,0,"0,83",114095
463,c2FDVXVlclNjNExrNk9ZSjJLaEgwUT09,CLOTH OF STARS           ,2017,P/,5,3,2,285520,1171600,1457120,1457120,0,"0,6","0,4",291424
464,c2FDVXVlclNjNExrNk9ZSjJLaEgwUT09,CLOTH OF STARS           ,2016,P/,3,2,1,114100,68580,182680,182680,0,"0,67","0,33",60893
465,c2FDVXVlclNjNExrNk9ZSjJLaEgwUT09,CLOTH OF STARS           ,2015,P/,4,2,2,52500,69150,121650,121650,0,"0,5","0,5",30412
466,dldoMUVGaE40ZlJLN21YaWkwdXhUQT09,ST NICHOLAS ABBEY        ,2013,P/,0,0,0,0,0,0,0,0,0,0,0
467,dldoMUVGaE40ZlJLN21YaWkwdXhUQT09,ST NICHOLAS ABBEY        ,2012,P/,1,0,0,0,0,0,0,0,0,0,0
468,dldoMUVGaE40ZlJLN21YaWkwdXhUQT09,ST NICHOLAS ABBEY        ,2011,P/,2,0,2,0,128050,128050,128050,0,0,1,64025
469,dldoMUVGaE40ZlJLN21YaWkwdXhUQT09,ST NICHOLAS ABBEY        ,2010,P/,0,0,0,0,0,0,0,0,0,0,0
470,dldoMUVGaE40ZlJLN21YaWkwdXhUQT09,ST NICHOLAS ABBEY        ,2009,P/,0,0,0,0,0,0,0,0,0,0,0
471,d2JMa2NYejhOVDh1OUMzNW9CT2c4UT09,TREVE                    ,2015,P/,4,3,1,502650,285500,788150,1007725,114610,"0,75","0,25",197037
472,d2JMa2NYejhOVDh1OUMzNW9CT2c4UT09,TREVE                    ,2014,P/,3,1,2,2857000,88565,2945565,3002246,155333,"0,33","0,67",981855
473,d2JMa2NYejhOVDh1OUMzNW9CT2c4UT09,TREVE                    ,2013,P/,4,4,0,3531110,0,3531110,4035679,269008,1,0,882777
474,d2JMa2NYejhOVDh1OUMzNW9CT2c4UT09,TREVE                    ,2012,P/,1,1,0,12000,0,12000,21000,2940,1,0,12000
475,Y0pQOFZiSnRDb0syczM2cDdvWjNNdz09,SHARETA                  ,2013,P/,0,0,0,0,0,0,0,0,0,0,0
476,Y0pQOFZiSnRDb0syczM2cDdvWjNNdz09,SHARETA                  ,2012,P/,5,1,3,199990,132040,332030,491404,103192,"0,2","0,6",66406
477,Y0pQOFZiSnRDb0syczM2cDdvWjNNdz09,SHARETA                  ,2011,P/,7,3,3,84500,961205,1045705,1128427,80148,"0,43","0,43",149386
478,Y0pQOFZiSnRDb0syczM2cDdvWjNNdz09,SHARETA                  ,2010,P/,1,0,1,0,4800,4800,8400,1764,0,1,4800
479,UjRyVVZ3Zi9RSk54WEs0M21IRVB2Zz09,SEA MOON                 ,2015,P/,0,0,0,0,0,0,0,0,0,0,0
480,UjRyVVZ3Zi9RSk54WEs0M21IRVB2Zz09,SEA MOON                 ,2014,P/,0,0,0,0,0,0,0,0,0,0,0
481,UjRyVVZ3Zi9RSk54WEs0M21IRVB2Zz09,SEA MOON                 ,2013,P/,0,0,0,0,0,0,0,0,0,0,0
482,UjRyVVZ3Zi9RSk54WEs0M21IRVB2Zz09,SEA MOON                 ,2012,P/,1,0,0,0,0,0,0,0,0,0,0
483,UjRyVVZ3Zi9RSk54WEs0M21IRVB2Zz09,SEA MOON                 ,2011,P/,0,0,0,0,0,0,0,0,0,0,0
484,UjRyVVZ3Zi9RSk54WEs0M21IRVB2Zz09,SEA MOON                 ,2010,P/,0,0,0,0,0,0,0,0,0,0,0
485,NFVobmo3Zm4zNFZ5VHhzOGFXWkJtUT09,MARINOUS                 ,2014,P/,0,0,0,0,0,0,0,0,0,0,0
486,NFVobmo3Zm4zNFZ5VHhzOGFXWkJtUT09,MARINOUS                 ,2013,P/,0,0,0,0,0,0,0,0,0,0,0
487,NFVobmo3Zm4zNFZ5VHhzOGFXWkJtUT09,MARINOUS                 ,2012,P/,0,0,0,0,0,0,0,0,0,0,0
488,NFVobmo3Zm4zNFZ5VHhzOGFXWkJtUT09,MARINOUS                 ,2011,P/,6,0,3,0,38650,38650,57202,8007,0,"0,5",6441
489,NFVobmo3Zm4zNFZ5VHhzOGFXWkJtUT09,MARINOUS                 ,2010,P/,3,1,1,114000,7800,121800,180264,25236,"0,33","0,33",40600
490,NFVobmo3Zm4zNFZ5VHhzOGFXWkJtUT09,MARINOUS                 ,2009,P/,9,2,6,42000,49450,91450,149063,20864,"0,22","0,67",10161
491,NFVobmo3Zm4zNFZ5VHhzOGFXWkJtUT09,MARINOUS                 ,2008,P/,4,0,4,0,14650,14650,25637,3589,0,1,3662
492,aUtYaVhKMkJzQzFEblB5Q0NsU09hZz09,CIMA DE TRIOMPHE         ,2010,P/,1,0,0,0,0,0,0,0,0,0,0
493,aUtYaVhKMkJzQzFEblB5Q0NsU09hZz09,CIMA DE TRIOMPHE         ,2009,P/,1,0,0,0,0,0,0,0,0,0,0
494,aUtYaVhKMkJzQzFEblB5Q0NsU09hZz09,CIMA DE TRIOMPHE         ,2008,P/,2,0,0,0,0,0,0,0,0,0,0
495,aUtYaVhKMkJzQzFEblB5Q0NsU09hZz09,CIMA DE TRIOMPHE         ,2007,P/,0,0,0,0,0,0,0,0,0,0,0
496,L21YajJPdkRTQkVURUtZSnozMm1HUT09,RAABIHAH                 ,2020,P/,6,3,3,63400,227462,290862,290862,0,"0,5","0,5",48477
497,TnQrMC85ZWdnMFJtZ0ZRbEZyLzJUQT09,VEDEVANI                 ,2020,P/,0,0,0,0,0,0,0,0,0,0,0
498,TnQrMC85ZWdnMFJtZ0ZRbEZyLzJUQT09,VEDEVANI                 ,2019,P/,0,0,0,0,0,0,0,0,0,0,0
499,TnQrMC85ZWdnMFJtZ0ZRbEZyLzJUQT09,VEDEVANI                 ,2017,P/,0,0,0,0,0,0,0,0,0,0,0
500,TnQrMC85ZWdnMFJtZ0ZRbEZyLzJUQT09,VEDEVANI                 ,2016,P/,6,0,4,0,29750,29750,48061,6726,0,"0,67",4958
501,TnQrMC85ZWdnMFJtZ0ZRbEZyLzJUQT09,VEDEVANI                 ,2015,P/,2,1,1,12500,16000,28500,47029,6583,"0,5","0,5",14250
502,VmpxdVlzR1R1VGNtdUxJOGVxL0VGZz09,SOTTSASS                 ,2020,P/,4,2,2,2042411,19684,2062095,2096088,113055,"0,5","0,5",515523
503,VmpxdVlzR1R1VGNtdUxJOGVxL0VGZz09,SOTTSASS                 ,2019,P/,5,3,2,958700,575500,1534200,1798396,211033,"0,6","0,4",306840
504,VmpxdVlzR1R1VGNtdUxJOGVxL0VGZz09,SOTTSASS                 ,2018,P/,2,1,1,13500,2700,16200,25477,3820,"0,5","0,5",8100
505,aGV3WlRQYWh4aHhuZmdWYVJ4M2dWZz09,SILJAN'S SAGA            ,2016,P/,7,0,6,0,452925,452925,522172,46632,0,"0,86",64703
506,aGV3WlRQYWh4aHhuZmdWYVJ4M2dWZz09,SILJAN'S SAGA            ,2015,P/,6,2,2,121000,84560,205560,295354,41347,"0,33","0,33",34260
507,aGV3WlRQYWh4aHhuZmdWYVJ4M2dWZz09,SILJAN'S SAGA            ,2014,P/,7,1,4,74100,116750,190850,312993,43817,"0,14","0,57",27264
508,aGV3WlRQYWh4aHhuZmdWYVJ4M2dWZz09,SILJAN'S SAGA            ,2013,P/,7,4,2,77500,13300,90800,148912,20846,"0,57","0,29",12971
509,aGV3WlRQYWh4aHhuZmdWYVJ4M2dWZz09,SILJAN'S SAGA            ,2012,P/,3,0,2,0,4000,4000,7000,980,0,"0,67",1333
510,WFRSdmloSlRtRmJXNGtORzR4ckFRQT09,SATONO DIAMOND           ,2018,P/,0,0,0,0,0,0,0,0,0,0,0
511,WFRSdmloSlRtRmJXNGtORzR4ckFRQT09,SATONO DIAMOND           ,2017,P/,2,0,1,0,9100,9100,9100,0,0,"0,5",4550
512,WFRSdmloSlRtRmJXNGtORzR4ckFRQT09,SATONO DIAMOND           ,2016,P/,0,0,0,0,0,0,0,0,0,0,0
513,WFRSdmloSlRtRmJXNGtORzR4ckFRQT09,SATONO DIAMOND           ,2015,P/,0,0,0,0,0,0,0,0,0,0,0
514,L1Z1bVhvZ3VMNlQ5eDdOYVJVRXU2dz09,ZAMBEZI SUN              ,2008,P/,5,1,2,74100,51440,125540,125540,0,"0,2","0,4",25108
515,L1Z1bVhvZ3VMNlQ5eDdOYVJVRXU2dz09,ZAMBEZI SUN              ,2007,P/,6,3,2,367340,99300,466640,466640,0,"0,5","0,33",77773
516,TjA5WmVBelpYQnRiSXhBS0Fyck1GUT09,TREASURE BEACH           ,2012,P/,0,0,0,0,0,0,0,0,0,0,0
517,TjA5WmVBelpYQnRiSXhBS0Fyck1GUT09,TREASURE BEACH           ,2011,P/,2,0,1,0,34260,34260,34260,0,0,"0,5",17130
518,TjA5WmVBelpYQnRiSXhBS0Fyck1GUT09,TREASURE BEACH           ,2010,P/,0,0,0,0,0,0,0,0,0,0,0
519,Z2I5elZrWUt2dW1KQ0lvb2lvVFhTdz09,TALISMANIC               ,2018,P/,4,2,1,60000,28600,88600,88600,0,"0,5","0,25",22150
520,Z2I5elZrWUt2dW1KQ0lvb2lvVFhTdz09,TALISMANIC               ,2017,P/,6,2,4,100100,68650,168750,168750,0,"0,33","0,67",28125
521,Z2I5elZrWUt2dW1KQ0lvb2lvVFhTdz09,TALISMANIC               ,2016,P/,6,2,3,55000,113810,168810,168810,0,"0,33","0,5",28135
522,Z2I5elZrWUt2dW1KQ0lvb2lvVFhTdz09,TALISMANIC               ,2015,P/,3,1,2,12500,6250,18750,18750,0,"0,33","0,67",6250
523,cHRPK0JXeWl3U2d5a3Y0T0xiSHBQQT09,ENABLE                   ,2020,P/,1,0,0,0,0,0,0,0,0,0,0
524,cHRPK0JXeWl3U2d5a3Y0T0xiSHBQQT09,ENABLE                   ,2019,P/,1,0,1,0,1143000,1143000,1143000,0,0,1,1143000
525,cHRPK0JXeWl3U2d5a3Y0T0xiSHBQQT09,ENABLE                   ,2018,P/,1,1,0,2857000,0,2857000,2857000,0,1,0,2857000
526,cHRPK0JXeWl3U2d5a3Y0T0xiSHBQQT09,ENABLE                   ,2017,P/,1,1,0,2857000,0,2857000,2857000,0,1,0,2857000
527,cHRPK0JXeWl3U2d5a3Y0T0xiSHBQQT09,ENABLE                   ,2016,P/,0,0,0,0,0,0,0,0,0,0,0
528,ajVkellKNDFIQnFMQVVmVzVnSmt6dz09,ERUPT                    ,2017,P/,2,0,1,0,17130,17130,24777,3468,0,"0,5",8565
529,ajVkellKNDFIQnFMQVVmVzVnSmt6dz09,ERUPT                    ,2016,P/,3,0,2,0,112440,112440,181658,25431,0,"0,67",37480
530,ajVkellKNDFIQnFMQVVmVzVnSmt6dz09,ERUPT                    ,2015,P/,6,4,2,418340,152100,570440,848349,105497,"0,67","0,33",95073
531,ZWd4UmkyYTlrK25ZTGRQcFhBWUZ2QT09,GOING SOMEWHERE          ,2014,P/,8,0,4,0,57050,57050,57050,0,0,"0,5",7131
532,ZWd4UmkyYTlrK25ZTGRQcFhBWUZ2QT09,GOING SOMEWHERE          ,2013,P/,3,0,2,0,66250,66250,66250,0,0,"0,67",22083
533,ZWd4UmkyYTlrK25ZTGRQcFhBWUZ2QT09,GOING SOMEWHERE          ,2012,P/,0,0,0,0,0,0,0,0,0,0,0
534,YXJKMFBUYzhRSkE5UnhrLzlFNjVnQT09,SAONOIS                  ,2013,P/,5,0,1,0,8580,8580,14071,1969,0,"0,2",1716
535,YXJKMFBUYzhRSkE5UnhrLzlFNjVnQT09,SAONOIS                  ,2012,P/,7,4,2,998700,16500,1015200,1654776,231666,"0,57","0,29",145028
536,YXJKMFBUYzhRSkE5UnhrLzlFNjVnQT09,SAONOIS                  ,2011,P/,7,3,4,41000,9300,50300,88025,12321,"0,43","0,57",7185
537,czMzdVMvOTdNaTU4V1cvaHFUeU5kZz09,MEISHO SAMSON            ,2008,P/,1,0,0,0,0,0,0,0,0,0,0
538,czMzdVMvOTdNaTU4V1cvaHFUeU5kZz09,MEISHO SAMSON            ,2007,P/,0,0,0,0,0,0,0,0,0,0,0
539,czMzdVMvOTdNaTU4V1cvaHFUeU5kZz09,MEISHO SAMSON            ,2006,P/,0,0,0,0,0,0,0,0,0,0,0
540,U3ErcmtqUjhsRDdPS0FheXdpNlBVQT09,FRINE                    ,2015,P/,4,0,3,0,38185,38185,38185,0,0,"0,75",9546
541,U3ErcmtqUjhsRDdPS0FheXdpNlBVQT09,FRINE                    ,2014,P/,3,1,1,142500,4550,147050,147050,0,"0,33","0,33",49016
542,U3ErcmtqUjhsRDdPS0FheXdpNlBVQT09,FRINE                    ,2013,P/,3,2,1,47000,5200,52200,52200,0,"0,67","0,33",17400
543,RjBiUHlWMCs1OFJJb3NOd09HdytWdz09,FOUND                    ,2016,P/,1,1,0,2857000,0,2857000,2857000,0,1,0,2857000
544,RjBiUHlWMCs1OFJJb3NOd09HdytWdz09,FOUND                    ,2015,P/,1,0,0,0,0,0,0,0,0,0,0
545,RjBiUHlWMCs1OFJJb3NOd09HdytWdz09,FOUND                    ,2014,P/,1,1,0,171420,0,171420,171420,0,1,0,171420
546,bU9FemMxZEZsMUdNdmF1SkFhM3BZZz09,ZARAK                    ,2017,P/,4,1,2,228560,75730,304290,506473,70905,"0,25","0,5",76072
547,bU9FemMxZEZsMUdNdmF1SkFhM3BZZz09,ZARAK                    ,2016,P/,6,1,5,17000,493325,510325,824486,91866,"0,17","0,83",85054
548,bU9FemMxZEZsMUdNdmF1SkFhM3BZZz09,ZARAK                    ,2015,P/,1,1,0,12500,0,12500,20627,2887,1,0,12500
549,ZkZBbmwrWCt6TklKTHgzOCs5bnd5Zz09,SHAHAH                   ,2015,P/,4,0,3,0,14750,14750,14750,0,0,"0,75",3687
550,ZkZBbmwrWCt6TklKTHgzOCs5bnd5Zz09,SHAHAH                   ,2014,P/,2,1,0,40000,0,40000,40000,0,"0,5",0,20000
551,Q3hSVGdaSUFEVTlyYTRpbldWZDFOdz09,MASKED MARVEL            ,1981,P/,0,0,0,0,0,0,0,0,0,0,0
552,Q3hSVGdaSUFEVTlyYTRpbldWZDFOdz09,MASKED MARVEL            ,1980,P/,0,0,0,0,0,0,0,0,0,0,0
553,Q3hSVGdaSUFEVTlyYTRpbldWZDFOdz09,MASKED MARVEL            ,1979,P/,0,0,0,0,0,0,0,0,0,0,0
554,czU4dVB6aEQxV01OeGNYMFpuaW11Zz09,LEFT HAND                ,2017,P/,6,0,5,0,100560,100560,167375,23430,0,"0,83",16760
555,czU4dVB6aEQxV01OeGNYMFpuaW11Zz09,LEFT HAND                ,2016,P/,6,2,2,239990,242875,482865,780122,111509,"0,33","0,33",80477
556,czU4dVB6aEQxV01OeGNYMFpuaW11Zz09,LEFT HAND                ,2015,P/,2,1,1,12500,17130,29630,48894,6844,"0,5","0,5",14815
557,NFlvT3NGR25sSEhJYW9JZGFGcWd0Zz09,GOLDEN HORN              ,2015,P/,1,0,0,0,0,0,0,0,0,0,0
558,ZE8wV2g4Sks0MUpGYmZwVFV4WXpuQT09,ROBIN HOOD               ,1999,O/,0,0,0,0,0,0,0,0,0,0,0
559,ZE8wV2g4Sks0MUpGYmZwVFV4WXpuQT09,ROBIN HOOD               ,1998,P/,0,0,0,0,0,0,0,0,0,0,0
560,eEhRbUt5dzMvaHNCVGVUM01xL1JMQT09,PLANTEUR                 ,2013,P/,2,0,1,0,57150,57150,81724,11441,0,"0,5",28575
561,eEhRbUt5dzMvaHNCVGVUM01xL1JMQT09,PLANTEUR                 ,2012,P/,1,0,1,0,57150,57150,84582,11841,0,1,57150
562,eEhRbUt5dzMvaHNCVGVUM01xL1JMQT09,PLANTEUR                 ,2011,P/,4,2,1,245520,17160,262680,388765,54426,"0,5","0,25",65670
563,eEhRbUt5dzMvaHNCVGVUM01xL1JMQT09,PLANTEUR                 ,2010,P/,5,1,3,74100,508660,582760,949898,132983,"0,2","0,6",116552
564,eEhRbUt5dzMvaHNCVGVUM01xL1JMQT09,PLANTEUR                 ,2009,P/,3,2,1,29000,6800,35800,62650,8771,"0,67","0,33",11933
565,UVFkMzhzblJXZ2pma04rVDRYTGV6dz09,KIZUNA                   ,2013,P/,2,1,1,74100,274080,348180,348180,0,"0,5","0,5",174090
566,UVFkMzhzblJXZ2pma04rVDRYTGV6dz09,KIZUNA                   ,2012,P/,0,0,0,0,0,0,0,0,0,0,0
567,SXRnUEJUcVJTcjZpSkY2ZHJCZzZsQT09,CONDUIT                  ,2009,P/,1,0,1,0,228400,228400,228400,0,0,1,228400
568,SXRnUEJUcVJTcjZpSkY2ZHJCZzZsQT09,CONDUIT                  ,2008,P/,0,0,0,0,0,0,0,0,0,0,0
569,SXRnUEJUcVJTcjZpSkY2ZHJCZzZsQT09,CONDUIT                  ,2007,P/,0,0,0,0,0,0,0,0,0,0,0
570,eTRZem96TFdpWjd0SXNHWU92R1h5Zz09,LOPE DE VEGA             ,2010,P/,6,2,2,1114230,24870,1139100,1139100,0,"0,33","0,33",189850
571,eTRZem96TFdpWjd0SXNHWU92R1h5Zz09,LOPE DE VEGA             ,2009,P/,3,2,1,29000,19985,48985,48985,0,"0,67","0,33",16328
572,ZlVKV1p1aVFreVFka3pCOWVHc3Jsdz09,HARZAND                  ,2016,P/,1,0,0,0,0,0,0,0,0,0,0
573,ZlVKV1p1aVFreVFka3pCOWVHc3Jsdz09,HARZAND                  ,2015,P/,0,0,0,0,0,0,0,0,0,0,0
574,c3NOZGpYL21vTnJBVXo4NXJaZWdRdz09,SEA THE STARS            ,2009,P/,1,1,0,2285600,0,2285600,2285600,0,1,0,2285600
575,c3NOZGpYL21vTnJBVXo4NXJaZWdRdz09,SEA THE STARS            ,2008,P/,0,0,0,0,0,0,0,0,0,0,0
576,bDVMa1gxTS9QbEY5ZncyMWpCVnU4Zz09,NEW BAY                  ,2016,P/,3,1,0,40000,0,40000,40000,0,"0,33",0,13333
577,bDVMa1gxTS9QbEY5ZncyMWpCVnU4Zz09,NEW BAY                  ,2015,P/,6,4,2,1176200,697230,1873430,1873430,0,"0,67","0,33",312238
578,bDVMa1gxTS9QbEY5ZncyMWpCVnU4Zz09,NEW BAY                  ,2014,P/,1,0,1,0,5800,5800,5800,0,0,1,5800
579,d2huMXJ6SFNpbkR6aXNzUUlnZ2tlUT09,WINTER                   ,2017,P/,1,0,0,0,0,0,0,0,0,0,0
580,d2huMXJ6SFNpbkR6aXNzUUlnZ2tlUT09,WINTER                   ,2016,P/,0,0,0,0,0,0,0,0,0,0,0
581,VzlEbGlTN0hBd3ZiMTdDMnJwS05TZz09,MIKHAIL GLINKA           ,2013,P/,0,0,0,0,0,0,0,0,0,0,0
582,VzlEbGlTN0hBd3ZiMTdDMnJwS05TZz09,MIKHAIL GLINKA           ,2012,P/,1,0,0,0,0,0,0,0,0,0,0
583,VzlEbGlTN0hBd3ZiMTdDMnJwS05TZz09,MIKHAIL GLINKA           ,2011,P/,0,0,0,0,0,0,0,0,0,0,0
584,VzlEbGlTN0hBd3ZiMTdDMnJwS05TZz09,MIKHAIL GLINKA           ,2010,P/,0,0,0,0,0,0,0,0,0,0,0
585,VzlEbGlTN0hBd3ZiMTdDMnJwS05TZz09,MIKHAIL GLINKA           ,2009,P/,1,0,1,0,57150,57150,57150,0,0,1,57150
586,RkdjY3JKQldKa3lmQjkxaTkxNGYxUT09,VISION D'ETAT            ,2010,P/,1,1,0,40000,0,40000,59200,8288,1,0,40000
587,RkdjY3JKQldKa3lmQjkxaTkxNGYxUT09,VISION D'ETAT            ,2009,P/,4,1,2,171420,42250,213670,316231,44271,"0,25","0,5",53417
588,RkdjY3JKQldKa3lmQjkxaTkxNGYxUT09,VISION D'ETAT            ,2008,P/,5,4,1,975700,114400,1090100,1704791,227057,"0,8","0,2",218020
589,RkdjY3JKQldKa3lmQjkxaTkxNGYxUT09,VISION D'ETAT            ,2007,P/,2,2,0,26500,0,26500,46375,6492,1,0,13250
590,QzNZVWIrMnp1SmI5ZTFkMGd3NmlOdz09,SILVER POND              ,2012,P/,2,1,1,26000,2800,28800,42624,5967,"0,5","0,5",14400
591,QzNZVWIrMnp1SmI5ZTFkMGd3NmlOdz09,SILVER POND              ,2011,P/,7,1,4,74100,110820,184920,273681,38313,"0,14","0,57",26417
592,QzNZVWIrMnp1SmI5ZTFkMGd3NmlOdz09,SILVER POND              ,2010,P/,3,3,0,103100,0,103100,168053,23526,1,0,34366
593,cWNmWU43djZIbDhsSVhzQ3BrWlJ1UT09,WIENER WALZER            ,2011,P/,3,0,1,0,4000,4000,4000,0,0,"0,33",1333
594,cWNmWU43djZIbDhsSVhzQ3BrWlJ1UT09,WIENER WALZER            ,2010,P/,2,0,1,0,28575,28575,28575,0,0,"0,5",14287
595,cWNmWU43djZIbDhsSVhzQ3BrWlJ1UT09,WIENER WALZER            ,2009,P/,0,0,0,0,0,0,0,0,0,0,0
596,cWNmWU43djZIbDhsSVhzQ3BrWlJ1UT09,WIENER WALZER            ,2008,P/,0,0,0,0,0,0,0,0,0,0,0
597,Y1NPME5DajJaSnVhQjgwczVJZlNRQT09,KESAMPOUR                ,2015,P/,0,0,0,0,0,0,0,0,0,0,0
598,Y1NPME5DajJaSnVhQjgwczVJZlNRQT09,KESAMPOUR                ,2013,P/,0,0,0,0,0,0,0,0,0,0,0
599,Y1NPME5DajJaSnVhQjgwczVJZlNRQT09,KESAMPOUR                ,2012,P/,5,2,2,101600,90200,191800,312633,43767,"0,4","0,4",38360
600,Y1NPME5DajJaSnVhQjgwczVJZlNRQT09,KESAMPOUR                ,2011,P/,2,2,0,29000,0,29000,50750,7105,1,0,14500
601,MnlGN1A4ZHhhYWlLM3ZsVTBZaUhNdz09,SEA OF CLASS             ,2019,P/,0,0,0,0,0,0,0,0,0,0,0
602,MnlGN1A4ZHhhYWlLM3ZsVTBZaUhNdz09,SEA OF CLASS             ,2018,P/,1,0,1,0,1143000,1143000,1143000,0,0,1,1143000
603,Wjl1NWVXZGlWdlI4dUJwSndENFY2QT09,AL KAZEEM                ,2015,P/,2,1,1,74100,68580,142680,142680,0,"0,5","0,5",71340
604,Wjl1NWVXZGlWdlI4dUJwSndENFY2QT09,AL KAZEEM                ,2014,P/,1,0,0,0,0,0,0,0,0,0,0
605,Wjl1NWVXZGlWdlI4dUJwSndENFY2QT09,AL KAZEEM                ,2013,P/,1,0,0,0,0,0,0,0,0,0,0
606,Wjl1NWVXZGlWdlI4dUJwSndENFY2QT09,AL KAZEEM                ,2012,P/,0,0,0,0,0,0,0,0,0,0,0
607,Wjl1NWVXZGlWdlI4dUJwSndENFY2QT09,AL KAZEEM                ,2011,P/,0,0,0,0,0,0,0,0,0,0,0
608,Wjl1NWVXZGlWdlI4dUJwSndENFY2QT09,AL KAZEEM                ,2010,P/,0,0,0,0,0,0,0,0,0,0,0
609,MlZBWmg3bVdCRmdqQzIxQ0lELzdIUT09,GOLD SHIP                ,2014,P/,1,0,0,0,0,0,0,0,0,0,0
610,MlZBWmg3bVdCRmdqQzIxQ0lELzdIUT09,GOLD SHIP                ,2013,P/,0,0,0,0,0,0,0,0,0,0,0
611,MlZBWmg3bVdCRmdqQzIxQ0lELzdIUT09,GOLD SHIP                ,2012,P/,0,0,0,0,0,0,0,0,0,0,0
612,MlZBWmg3bVdCRmdqQzIxQ0lELzdIUT09,GOLD SHIP                ,2011,P/,0,0,0,0,0,0,0,0,0,0,0
