,Place,Cheval,ChevalId,N°,Père/Mère,Écart au précédent,Couleurs,Propriétaire,Entraîneur,Jockey,Poids,Gain,Prim. prop.,Prim. elev.,Suppl.,Œil.,Écurie.,Éleveurs
51,6,dschingis secret ger m.ps. 4 a.,K0Z2WXU4MVRkUnBKTjhmRUVNYVRCdz09,8.0,Par: SOLDIER HOLLOW  et DIVYA (PLATINI),1/2 (Corde:10),,HORST  PUDWILL,M. KLUG,ADRIE DE VRIES,"59,5kg",,,,,,,GESTUT PARK WIEDINGEN
230,--,ebadiyla ire f.ps. 3 a.,K25VT0dkK1preHVuYWlMNGpha3BZdz09,14.0,Par: SADLER'S WELLS  et EBAZIYA (DARSHAAN),(Corde:09),,S.A.   AGA KHAN,J. OXX,JOHN-PATRICK  MURTAGH,"54,5kg",,,,,,,S.A.  AGA KHAN
100,10,scorpion ire m.ps. 3 a.,K2tUZEFqcU5ZREVYZ0tvMlNLUXo0dz09,11.0,Par: MONTJEU  et ARDMELODY (LAW SOCIETY),1.5 (Corde:10),,MME JOHN MAGNIER/MICHAEL TABOR,AP. O'BRIEN,MR MICHAEL J.  KINANE,56 kg,,,,,,2.0,GRANGEMORE STUD
421,--,daylami ire m.ps. 5 a.,K2wvMS8vK3RBcThtYW55RVQ5ckVDUT09,1.0,Par: DOYOUN  et DALTAWA (MISWAKI),(Corde:10),,GODOLPHIN,S. BIN SUROOR,LANFRANCO  DETTORI,"59,5kg",,,,,,,S.A.  AGA KHAN
67,4,best name gb m.ps. 3 a.,K3JEdDhSdVhKdENiTUZtUzllY0JuQT09,8.0,Par: KING'S BEST  et FLAWLY (OLD VIC),2.L (Corde:03),,SUC. PAUL  VIDAL,ROB. COLLET,OLIVIER  PESLIER,56 kg,114.200,,,,,,NEWSELLS PARK STUD
278,--,much better brz m.ps. 5 a.,K3o3Y1FXOGprcU8zL3RsRi8rUDU5Zz09,0.0,Par: BAYNOUN  et CHARMING DOLL (BRAC),(Corde:14),,TNT STUD,JL. MACIEL,JORGE ANTONIO  RICARDO,59 kg,,,,,,,HARAS J.B. BARROS
395,--,chimes at midnight usa m.ps. 4 a.,KzdsQ3UySnp2cUQremRBRFkzeWtWQT09,1.0,Par: DANZIG  et SURELY GEORGIE'S (ALLEGED),(Corde:05),,LUKE  COMER,L. COMER,WAYNE-JOHN  SMITH,"59,5kg",,,,,,,CALUMET FARM
253,1,sinndar ire m.ps.+,L0QxVDM5Z1RTRngwcVZQRitlVHkyUT09,5.0,Par: GRAND LODGE  et SINNTARA (LASHKARI),(Corde:07),,S.A.   AGA KHAN,J. OXX,JOHN-PATRICK  MURTAGH,56 kg,914.694,,,,,1.0,S.A.  AGA KHAN
186,5,raabihah usa f.ps. 3 a.,L21YajJPdkRTQkVURUtZSnozMm1HUT09,15.0,Par: SEA THE STARS  et GARMOOSHA (KINGMAMBO),2.L (Corde:02),,SHADWELL FRANCE,JC. ROUGET (S),MAXIME  GUYON,55 kg,96.439,,,,,,SHADWELL FARM
50,5,brametot ire m.ps. 3 a.,M0FkVEhqWWFwdkMrTWw3VGtTa3VuUT09,14.0,Par: RAJSAMAN  et MORNING LIGHT (LAW SOCIETY),5/4 (Corde:04),,AL SHAQAB/G. AUGUSTIN-NORMAND,JC. ROUGET (S),CRISTIAN  DEMURO,"56,5kg",143.000,,,,,1.0,H. CARDEMIL
347,--,prospect park (gb) m.ps. 3 a.,M1ZYWVMzZ092SC9aUEV4Rm9yaTNkUT09,17.0,Par: SADLER'S WELLS  et BROOKLYN'S DANCE (SHIRLEY HEIGHTS),(Corde:02),,WERTHEIMER & FRERE,C. LAFFON-PARIAS,OLIVIER  PESLIER,56 kg,,,,,,,WERTHEIMER & FRERE
384,--,testosterone (ire) f.ps. 3 a.,M28yQnU3bHkvTy9DYUROOUxKL0hCQT09,14.0,Par: DANSILI  et EPOPEE (SADLER'S WELLS),(Corde:03),,ECURIE LA BOETIE,P. BARY (S),STEPHANE  PASQUIER,"54,5kg",,,,,,,SCEA  LA POTERIE
401,--,diamilina  f.ps. 3 a.,MDJkV1FKMlNyNnd2dDl0QWdISjB5dz09,16.0,Par: LINAMIX  et DIAMONAKA (AKARAD),(Corde:03),,SNC   LAGARDERE ELEVAGE,A. FABRE,OLIVIER  PESLIER,"54,5kg",,,,S,,1.0,SNC  LAGARDERE ELEVAGE
362,--,duncan gb m.ps. 5 a.,ME03Q3ZUVFNjN09uSjc2anZVOUdqdz09,9.0,Par: DALAKHANI  et DOLORES (DANEHILL),(Corde:16),,NORMANDIE STUD LIMITED,J. GOSDEN,WILLIAM  BUICK,"59,5kg",,,,,,,NORMANDIE STUD LIMITED
436,--,happy valentine gb m.ps. 4 a.,MFdUQ2dKK2VRN1NEN1ZZVDFmMkpXUT09,2.0,Par: RAINBOW QUEST  et NEARCTIC FLAME (SADLER'S WELLS),(Corde:11),,GODOLPHIN,S. BIN SUROOR,DARAGH  O'DONOHOE,"59,5kg",,,,,,1.0,CHEVELEY PARK STUD
228,--,yokohama usa m.ps. 6 a.,MGV3bEM3OXF1SVRUeWloSlhCRTRsUT09,10.0,Par: THEATRICAL  et GRIDDLE (OFF SHORE GAMBLE),(Corde:17),,MME ALLEN  PAULSON,MME C. HEAD,OLIVIER  DOLEUZE,"59,5kg",,,,,,,SUC. A. PAULSON
27,10,authorized ire m.ps. 3 a.,MGVYS2YwbTVFUHpuMmlSejNvOUNYQT09,12.0,Par: MONTJEU  et FUNSIE (SAUMAREZ),CTE (Corde:12),,SALEH AL HOMAIZI/IMAD AL SAGAR,PW. CHAPPLE-HYAM,LANFRANCO  DETTORI,56 kg,,,,,,,"MARENGO INVESTMENTS LIMITED,  KNIGHTON HOUSE LTD, MJ. KINANE"
176,14,patascoy  h.ps. 3 a.,MGhOQitWN0dBWE1aYWNXbXNQemNKZz09,12.0,Par: WOOTTON BASSETT  et NOBLE WORLD (WINGED LOVE),CTE (Corde:02),,SUC. ROBERTO  COCHETEUX TIERNO,X. THOMAS DEMEAULTE,OLIVIER  PESLIER,"56,5kg",,,,,,,MME B. MOSER
120,--,zagreb usa m.ps. 3 a.,MHNITFFMYS9OR2g5Vkt2RHl6OHpPQT09,13.0,Par: THEATRICAL  et SOPHONISBE (WOLLOW),(Corde:03),,SUC. ALLEN  PAULSON,DK. WELD,MR MICHAEL J.  KINANE,56 kg,,,,,,,SUC. A. PAULSON
185,4,gold trip  m.ps. 3 a.,MHlnYUcrbnUvU0trTU1Gd1krQjhFQT09,10.0,Par: OUTSTRIP  et SARVANA (DUBAI DESTINATION),T (Corde:09),,ECURIE JEAN-LOUIS BOUCHARD,F. CHAPPET,STEPHANE  PASQUIER,"56,5kg",192.541,,9.104,,,,M. MONFORT
352,4,behkabad  m.ps. 3 a.,MUFIbDcwdEM1TWVuQXBnckRKL3EvZz09,14.0,Par: CAPE CROSS  et BEHKARA (KRIS),1.5 (Corde:09),,S.A.   AGA KHAN,JC. ROUGET-(S),CHRISTOPHE-PATRICE  LEMAIRE,56 kg,228.400,,8.793,,,3.0,S.A.  AGA KHAN
281,--,truly a dream ire f.ps. 3 a.,MVR3S3I5dlArdUFoeU5HUy92cnI3dz09,0.0,Par: DARSHAAN  et TRULY SPECIAL (CAERLEON),(Corde:19),,R.C.  STRAUSS,ROB. COLLET,MR GUY  GUIGNARD,"54,5kg",,,,,,,RM. AUBERT
260,8,Russian Hope,MW5QQ214MmVTQVFBVG1JWkVaYkthZz09,,,,,,HENRI-ALEX PANTALL,THIERRY JARNET,,,,,,,,
274,--,broadway flyer usa m.ps. 3 a.,MWFpNGd0NUlONzVmNFJXTnZtUWZNQT09,0.0,Par: THEATRICAL  et SERENA (JAN EKELS),(Corde:06),,SULTAN  AL KABEER,SUC. JW. HILLS,MICHAEL  HILLS,56 kg,,,,,,,"STONEREATH FARMS INC., G. PLAYER,SUC. A. PAULSON"
112,7,shaamit ire m.ps.+,MWdFM0xSdlRUanY2YU56bGdNb0N1UT09,8.0,Par: MTOTO  et SHOMOOSE (HABITAT),1/2 (Corde:06),,KHALIFA  DASMAL,WJ. HAGGAS,SUC. PAT  EDDERY,56 kg,,,,,,,K. DASMAL
388,4,golan ire m.ps. 3 a.,Mjh1UWtDdXVuTnBveHBaZ0RWZ0FSZz09,15.0,Par: SPECTRUM  et HIGHLAND GIFT (GENEROUS),CTT (Corde:06),,SUC. LORD  WEINSTOCK,SIR MR. STOUTE,KIEREN-FRANCIS  FALLON,56 kg,91.469,,,,,,BALLYMACOLL STUD FARM LTD
445,3,it's gino ger m.ps. 5 a.,MjlMSlBkbnpHN0NCNXZ3aklVbG5jQT09,9.0,Par: PERUGINO  et IMELDA (LOMITAS),1/2 (Corde:02),,STALL 5 STARS,P. VOVCENKO,MR THIERRY  THULLIEZ,"59,5kg",342.800,,,,,,MME B. NUTTELMANN
26,9,dragon dancer gb m.ps. 4 a.,Mks0bm96Y3ZwNyt2SUp4WE45V1l2Zz09,3.0,Par: SADLER'S WELLS  et ALAKANANDA (HERNANDO),1.5 (Corde:01),,SUC. J.L.C.  PEARCE,SUC. G. WRAGG,DARRYLL-PAUL  HOLLAND,"59,5kg",,,,,,,"MLLE K. RAUSING,  ABBEY BLOODSTOCK LTD"
89,--,set sail ire m.ps. 3 a.,MlN2ZHRiU1VFcFllandZYmh1SFF1dz09,14.0,Par: DANEHILL DANCER  et AHDAAB (RAHY),(Corde:14),,D.SMITH/M.TABOR/MME J.MAGNIER,AP. O'BRIEN,SEAN M.  LEVEY,56 kg,,,,,,1.0,"LYNCH-BAGES LTD,  SAMAC LTD"
437,--,limpid gb m.ps. 3 a.,MlNxdkxLaTV6dm5WcWF2QnNpWHBrUT09,5.0,Par: SOVIET STAR  et ISLE OF GLASS (AFFIRMED),(Corde:10),,CHEIK MOHAMMED  AL MAKTOUM,A. FABRE,THIERRY  JARNET,56 kg,,,,S,,1.0,CHEIK MOBR. AL MAKTOUM
246,14,gold ship jpn m.ps. 5 a.,MlZBWmg3bVdCRmdqQzIxQ0lELzdIUT09,6.0,Par: STAY GOLD  et POINT FLAG (MEJIRO MCQUEEN),T (Corde:02),,KOBAYASHI EIICHI HOLDINGS LLC.,N. SUGAI,NORIHIRO  YOKOYAMA,"59,5kg",,,,,,,E. KOBAYASHI
249,17,ectot (gb) m.ps. 3 a.,Mlp1ejhKMHZENFhrUHlqanc5V3NFZz09,11.0,Par: HURRICANE RUN  et TONNARA (LINAMIX),(Corde:10),,AL SHAQAB RACING,E. LELLOUCHE,GREGORY  BENOIST,56 kg,,,,,,1.0,MONCEAUX / SKYMARC
174,12,tiberian  m.ps. 6 a.,Mm9SblZqMzJiYkUyK3EwNkdVTkJ1QT09,8.0,Par: TIBERIUS CAESAR  et TOAMASINA (MARJU),3/4 (Corde:05),,H.DU LOGIS/H. VOLZ/S. FALK/ATB,A. COUETIL (S),WILLIAM  BUICK,"59,5kg",,,,,,,"EARL  HARAS DU LOGIS, J. INCE, S. FALK, HEL. VOLZ"
236,4,kingston hill gb m.ps. 3 a.,MmZuaHFKMHNuc0RzbHJpN1Z3QUhEZz09,14.0,Par: MASTERCRAFTSMAN  et AUDACIEUSE (RAINBOW QUEST),3/4 (Corde:20),,P.D.  SMITH,R. VARIAN,ANDREA  ATZENI,56 kg,285.500,,,,,,RIDGECOURT STUD
355,7,victoire pisa jpn m.ps. 3 a.,MnRZSnpld2dENHZCQlpydS9RZkRZZz09,19.0,Par: NEO UNIVERSE  et WHITEWATER AFFAIR (MACHIAVELLIAN),T (Corde:05),,Y. ICHIKAWA/T. YOSHIDA,K. SUMII,YUTAKA  TAKE,56 kg,,,,,,,SHADAI FARM
164,2,sea of class ire f.ps. 3 a.,MnlGN1A4ZHhhYWlLM3ZsVTBZaUhNdz09,19.0,Par: SEA THE STARS  et HOLY MOON (HERNANDO),CTE (Corde:15),,SUNDERLAND HOLDING INC.,WJ. HAGGAS,JAMES WILLIAM  DOYLE,55 kg,1.143.000,,,S,,,RAZZA DEL VELINO SRL
34,5,postponed ire m.ps. 5 a.,N3labVdLZXlaZHA2YVhtb2RrUmFidz09,2.0,Par: DUBAWI  et EVER RIGG (DUBAI DESTINATION),2.5 (Corde:07),,CHEIK MOHAMMED OBAID  AL MAKTOUM,R. VARIAN,ANDREA  ATZENI,"59,5kg",143.000,,,,,,ST. ALBANS BLOODSTOCK LIMITED
361,--,timos ger m.ps. 5 a.,N3pWTlNoMTFVRXd3R3hiVHV4SjVEdz09,8.0,Par: SHOLOKHOV  et TRICLARIA (SURUMU),(Corde:14),,SUC.  DE MORATALLA,T. DOUMEN (S),KIEREN-FRANCIS  FALLON,"59,5kg",,,,,,,GESTUT ETZEAN
397,--,holding court gb m.ps. 4 a.,NC9RNFdUenRDdDlWeldIV1JBK0twZz09,4.0,Par: HERNANDO  et INDIAN LOVE SONG (BE MY GUEST),(Corde:07),,J.R.  GOOD,SUC. MA. JARVIS,PHILIP-PETER  ROBINSON,"59,5kg",,,,,,,MME P. GOOD
334,6,vallee enchantee (ire) f.ps. 4 a.,NDFzWTc1WThONWp3a3BwbjY4VEg0dz09,7.0,Par: PEINTRE CELEBRE  et VERVEINE (LEAR FAN),1/2 (Corde:16),,ECURIE WILDENSTEIN,E. LELLOUCHE,STEPHANE  PASQUIER,58 kg,,,,,,1.0,DAYTON INVESTMENTS LTD
354,6,marinous  m.ps. 4 a.,NFVobmo3Zm4zNFZ5VHhzOGFXWkJtUT09,2.0,Par: NUMEROUS  et MARENDE (PANORAMIC),1.L (Corde:17),,SAEED NASSER  AL ROMAITHI,FRE. HEAD (S),MR DAVY  BONILLA,"59,5kg",,,,S,,,"D. ELIAS DE PROENCA, J. ELIAS DE PROENCA,MLLE V. ELIAS DE PROENCA"
324,--,tot ou tard ire m.ps.+,NGI3dlJia3phMkVScElneitxdUJrdz09,3.0,Par: ROBELLINO  et SHE'S MY LOVELY (SHARPO),(Corde:01),,ECURIE KURA,S. WATTEL,MR ERIC  SAINT-MARTIN,"59,5kg",,,,,,,M. KURA
59,14,seventh heaven ire f.ps. 4 a.,NHZoWlVHMUxmNmFIeUdTa09jbDB5dz09,13.0,Par: GALILEO  et LA TRAVIATA (JOHANNESBURG),1/2 (Corde:17),,D.SMITH/MME J.MAGNIER/M.TABOR,AP. O'BRIEN,SUC. PATRICK JOSEPH  SMULLEN,58 kg,,,,,,4.0,LA TRAVIATA SYNDICATE
428,1,sagamix  m.ps. 3 a.,NS9GM3M5SEFXNjJrSjI0aUl2RzluQT09,8.0,Par: LINAMIX  et SAGANECA (SAGACE),(Corde:07),,SNC   LAGARDERE ELEVAGE,A. FABRE,OLIVIER  PESLIER,56 kg,609.796,,95.281,,,2.0,SNC  LAGARDERE ELEVAGE
448,7,duke of marmalade ire m.ps. 4 a.,NUd5ZTFPNUQwNmp4OGlsY0hwOVliQT09,7.0,Par: DANEHILL  et LOVE ME TRUE (KINGMAMBO),T (Corde:14),,MME JOHN MAGNIER/MICHAEL TABOR,AP. O'BRIEN,JOHN-PATRICK  MURTAGH,"59,5kg",,,,,,1.0,SOUTHERN BLOODSTOCK
57,12,doha dream  m.ps. 4 a.,NUp0OVJCUU5CVENhQUczcVJ4Y2JpZz09,2.0,Par: SHAMARDAL  et CRYSTAL REEF (KING'S BEST),ENC (Corde:12),,AL SHAQAB RACING,A. FABRE (S),GREGORY  BENOIST,"59,5kg",,,,,,1.0,ECURIE HARAS BOUQUETOT SAS
328,--,el tenor  m.ps. 3 a.,NWU3UHRoSzVvOW5nSExYb1NTbkxVUT09,14.0,Par: BON SANG  et PRIMA SINFONIA (ACAMAS),(Corde:12),,NAJI  PHARAON,A. SPANU,MR STEPHANE  COERETTE,56 kg,,,,,,,N. PHARAON
382,--,masked marvel gb m.ps. 3 a.,NjZwRGF3YmhNc2pKbjZ0RTlTSC9IZz09,11.0,Par: MONTJEU  et WALDMARK (MARK OF ESTEEM),(Corde:05),,BJORN E.  NIELSEN,J. GOSDEN,WILLIAM  BUICK,56 kg,,,,S,,,NEWSELLS PARK STUD
92,2,westerner (gb) m.ps. 6 a.,NkRXM3c5TUloZ3BMSExvbkdyS2g4QT09,2.0,Par: DANEHILL  et WALENSEE (TROY),2.L (Corde:04),,ECURIE WILDENSTEIN,E. LELLOUCHE,OLIVIER  PESLIER,"59,5kg",411.480,,35.204,,,1.0,DAYTON INVESTMENTS LTD
286,4,doyen ire m.ps. 3 a.,NlJrb3dlZE1weW9WdEFNQjZEdmZudz09,10.0,Par: SADLER'S WELLS  et MOON CACTUS (KRIS),1.5 (Corde:04),,CHEIK MOHAMMED  AL MAKTOUM,A. FABRE,LANFRANCO  DETTORI,56 kg,91.36,,,,,,CHEIK MOBR. AL MAKTOUM
252,20,MONTVIRON  M.PS. 3 a.,NmlmTFY0WGZ6bTB0MGI1SkxLa2hwZz09,12.0,Par: LE HAVRE  et MANITA (PEINTRE CELEBRE),(Corde:11),,GERARD  AUGUSTIN-NORMAND,E. LELLOUCHE,CYRILLE  STEFAN,56 kg,,,,,,,FRANKLIN FINANCE S.A.
290,8,bollin eric gb m.ps. 4 a.,Nyt6Z0J5ei96T21VMFdEc3F5RUsyZz09,7.0,Par: SHAAMIT  et BOLLIN ZOLA (ALZAO),3.L (Corde:09),,SIR NEIL  WESTBROOK,TD. EASTERBY,KEVIN  DARLEY,"59,5kg",,,,,,,"SIR N. WESTBROOK,LADY  WESTBROOK"
226,--,nothin'leica dane aus m.ps. 5 a.,NzRJWHlKM2c2Q2N0RitqNU1UQyszZz09,3.0,Par: DANEHILL  et LEICA PRETENDER (SIR TRISTRAM),(Corde:18),,DALTON HODGE ECURIE SYNDICATE,JE. HAMMOND,GERALD  MOSSE,"59,5kg",,,,,,,ARROWFIELD GROUP PTY LTD
411,10,ghaiyyath ire m.ps. 4 a.,OEVXa3VKb1gwRzVtenBOdkFVdjJBZz09,3.0,Par: DUBAWI  et NIGHTIME (GALILEO),2.5 (Corde:12),,GODOLPHIN,C. APPLEBY,WILLIAM  BUICK,"59,5kg",,,,,,,SPRINGBANK WAY STUD
294,--,DIYAPOUR  H.PS.+,OEhmVHZTSFBtZ3hoeFBRSktGWTNoQT09,9.0,Par: ALHAARTH  et DIYAWARA (DOYOUN),(Corde:03),,S.A.   AGA KHAN,A.DE ROYER DUPRE,THIERRY  GILLET,56 kg,,,,,,3.0,S.A.  AGA KHAN
183,2,in swoop ire m.ps. 3 a.,OEtVY3N1ZmxHVTNwUTlQVWdDdXZDZz09,12.0,Par: ADLERFLUG  et IOTA (TIGER HILL),ENC (Corde:01),,GESTUT SCHLENDERHAN,FH. GRAFFARD (S),RONAN  THOMAS,"56,5kg",770.839,,,,,,STALL ULLMANN
454,--,papal bull gb m.ps. 5 a.,OHRGVnJJcVBuaExzMGxtQld4ckRJQT09,8.0,Par: MONTJEU  et MIALUNA (ZAFONIC),(Corde:05),,PAPAL BULL SYNDICATE,SIR MR. STOUTE,JIMMY  FORTUNE,"59,5kg",,,,,,,"BH. SIMPSON, CFD. SIMPSON"
169,7,kew gardens ire m.ps. 3 a.,OTE4NWgvczJmSkVIR0ROUnNpa09EZz09,13.0,Par: GALILEO  et CHELSEA ROSE (DESERT KING),ENC (Corde:14),,D.SMITH/MME J.MAGNIER/M.TABOR,AP. O'BRIEN,RYAN-LEE  MOORE,"56,5kg",,,,,,1.0,BARRONSTOWN STUD
336,8,silverskaya usa f.ps. 3 a.,OTYrL3Vpbmo4S3lIRGt4SFdBVHpyUT09,18.0,Par: SILVER HAWK  et BOUBSKAIA (NINISKI),2.5 (Corde:06),,EARL . CHAMP GIGNOUX,JC. ROUGET-(S),IORITZ  MENDIZABAL,"54,5kg",,,,,,,"M3 ELEVAGE,  HARAS D'ETREHAM,  PONTCHARTRAIN STUD"
28,--,SONG OF HIAWATHA GB M.PS. 3 a.,OUFyT1lLKzMxNVBUVG5oSk4xME9JUT09,8.0,Par: SADLER'S WELLS  et SABRIA (MISWAKI),(Corde:07),,D.SMITH/M.TABOR/MME J.MAGNIER,AP. O'BRIEN,DAVID  MC CABE,56 kg,,,,S,,1.0,ROCKWELL BLOODSTOCK
364,--,cape blanco ire m.ps. 3 a.,OUJEVm4yNXZYaDdFZFEvY1JudlZiUT09,15.0,Par: GALILEO  et LAUREL DELIGHT (PRESIDIUM),(Corde:11),,D.SMITH/MME J.MAGNIER/M.TABOR,AP. O'BRIEN,CHRISTOPHE  SOUMILLON,56 kg,,,,,,1.0,"J. RONAN,  DES VERE HUNT FARM LTD"
80,9,magadan ire m.ps. 4 a.,OUdvYWhXcTdneHpmSGVNc3ZaMERxZz09,4.0,Par: HIGH CHAPARRAL  et MOLASSES (MACHIAVELLIAN),3/4 (Corde:17),,ECURIE WILDENSTEIN,E. LELLOUCHE,ANTHONY  CRASTUS,"59,5kg",,,,,,,KILCARN STUD
147,8,talloires usa m.ps. 3 a.,OVg2WjhoZDJ4alM3VnRwbU9XR1I1Zz09,0.0,Par: TREMPOLINO  et LOGICIEL (KNOWN FACT),1/2 (Corde:19),,SUC. PAUL DE MOUSSAC,A. FABRE,OLIVIER  PESLIER,56 kg,,,,,,,MARYSTEAD FARM
136,--,AVENTINO JPN M.PS. 8 a.,OVpZYW9WQ1g1cHY5RGhsUGxFSGpqQT09,7.0,Par: JUNGLE POCKET  et ASSAM HILL (SUNDAY SILENCE),(Corde:08),,MME KAZUKO  YOSHIDA,Y. IKEE,ANTHONY  CRASTUS,"59,5kg",,,,,,,SHADAI CORPORATION INC
314,2,freedom cry gb m.ps. 4 a.,OWlHaU9CYlJPeXVITy84SHFDeWlvZz09,6.0,Par: SOVIET STAR  et FALLING STAR (MOUNT HAGEN),3/4 (Corde:03),,SUC. DANIEL  WILDENSTEIN,A. FABRE,OLIVIER  PESLIER,"59,5kg",243.918,,,,,2.0,DAYTON INVESTMENTS LTD
297,1,marienbard ire m.ps. 5 a.,Q09vZGtmR2t2T1Q5UHIvNldWVTNkZz09,4.0,Par: CAERLEON  et MARIENBAD (DARSHAAN),(Corde:03),,GODOLPHIN,S. BIN SUROOR,LANFRANCO  DETTORI,"59,5kg",914.24,,,,,,S. ALI
280,--,sierra madre  f.ps. 3 a.,Q1QwZzNuaU9RSFFwdENWR2RlR1R2dz09,0.0,Par: BAILLAMONT  et MARIE D'IRLANDE (KALAMOUN),(Corde:16),,JEAN-LOUIS  BOUCHARD,P. BARY,MR FREDERIC  HEAD,"54,5kg",,,,,,,BLOODSTOCK AGENCY LTD
440,--,courteous gb m.ps. 3 a.,Q2RLVEl6SWJacGVWNHVicG5nUmUvQT09,11.0,Par: GENEROUS  et DAYANATA (SHIRLEY HEIGHTS),(Corde:04),,SUC. FAHD  SALMAN,PFI. COLE,KIEREN-FRANCIS  FALLON,56 kg,,,,,,,NEWGATE STUD CO.
171,9,study of man ire m.ps. 3 a.,Q3Y2c2JyZ0IwdVhVYnhMRnk1UHVFZz09,14.0,Par: DEEP IMPACT  et SECOND HAPPINESS (STORM CAT),CTE (Corde:19),,FLAXMAN STABLES IRELAND L.T.D,P. BARY (S),STEPHANE  PASQUIER,"56,5kg",,,,,,,FLAXMAN STABLES IRELAND L.T.D
161,--,user friendly gb f.ps. 4 a.,Q3ZYa212Wmh1MmVkOGtGRUJCZ0EyUT09,0.0,Par: SLIP ANCHOR  et ROSTOVA (BLAKENEY),(Corde:01),,WILLIAM-JEROME  GREDLEY,CE. BRITTAIN,GEORGE  DUFFIELD,"57,5kg",,,,,,,STETCHWORTH PARK STUD
20,3,sagara usa m.ps. 3 a.,QU9BR0xQQzRVK3BVSjBVS0tHaWVZUT09,11.0,Par: SADLER'S WELLS  et RANGOON RUBY (KINGMAMBO),1.5 (Corde:11),,FAMILLE  NIARCHOS,JE. PEASE,THIERRY  GILLET,56 kg,228.600,,,,,,FLAXMAN HOLDINGS LTD
261,9,Hesiode,QUJyRWxweHNWOUJFZGovZmd3ZmVGZz09,,,,,,JEAN-CLAUDE ROUGET,FRANKIE DETTORI,,,,,,,,
31,2,highland reel ire m.ps. 4 a.,QUZJRXFPMDJrZGhUM2J2anJBbjlvdz09,4.0,Par: GALILEO  et HVEGER (DANEHILL),7/4 (Corde:11),,D.SMITH/MME J.MAGNIER/M.TABOR,AP. O'BRIEN,JAMES-ANTHONY  HEFFERNAN,"59,5kg",1.143.000,,,,,,HVEGER SYNDICATE
140,1,urban sea usa f.ps. 4 a.,QVBjY3U4T0hlMHhpcHpRQndEKzQwUT09,0.0,Par: MISWAKI  et ALLEGRETTA (LOMBARD),(Corde:09),,DAVID  TSUI,J. LESBORDES,MR ERIC  SAINT-MARTIN,"57,5kg",762.245,,,,,,MARYSTEAD FARM
301,5,islington ire f.ps. 3 a.,QjZ0UVJQeU5nemVUcUkxMnBDZk1TUT09,16.0,Par: SADLER'S WELLS  et HELLENIC (DARSHAAN),CTE (Corde:09),,SUC. LORD  WEINSTOCK,SIR MR. STOUTE,KIEREN-FRANCIS  FALLON,"54,5kg",45.76,,,,,,BALLYMACOLL STUD FARM LTD
29,--,yellowstone ire m.ps. 3 a.,QkdLOENhdzBPbllkcm50WWtyVW13Zz09,9.0,Par: ROCK OF GIBRALTAR  et LOVE AND AFFECTION (EXCLUSIVE ERA),(Corde:09),,M.TABOR/MME J.MAGNIER/D.SMITH,AP. O'BRIEN,SUC. PATRICK JOSEPH  SMULLEN,56 kg,,,,,,1.0,TULLAMAINE CASTLE STUD & PARTN
135,--,robin hood ire m.ps. 4 a.,QkhLaXpvdlBPbTdCT1MzK1pKWUhwdz09,5.0,Par: GALILEO  et BANQUISE (LAST TYCOON),(Corde:12),,MME J. MAGNIER/M.TABOR/D.SMITH,AP. O'BRIEN,JAMES-ANTHONY  HEFFERNAN,"59,5kg",,,,,,1.0,LYNCH-BAGES LTD
376,8,silver pond  m.ps. 4 a.,QzNZVWIrMnp1SmI5ZTFkMGd3NmlOdz09,3.0,Par: ACT ONE  et SILVER FAME (QUEST FOR FAME),3/4 (Corde:15),,SAEED NASSER  AL ROMAITHI,C. LAFFON-PARIAS,MR THIERRY  THULLIEZ,"59,5kg",,,,,,,HARAS DU QUESNAY
378,10,hiruno d'amour jpn m.ps. 4 a.,R1hVbXF5bW9rT2ZlK3YxSGU1NmlnZz09,4.0,Par: MANHATTAN CAFE  et SHARE ELEGANCE (LAMMTARRA),3/4 (Corde:01),,MASAFUMI  HIRUKAWA,M. KON,SHINJI  FUJITA,"59,5kg",,,,,,,HASHIMOTO BOKUJO
363,--,plumania (gb) f.ps. 4 a.,R1pOYmw0WDNHVEN5Vk1ZcXpJMVozUT09,12.0,Par: ANABAA  et FEATHERQUEST (RAINBOW QUEST),(Corde:15),,WERTHEIMER & FRERE,A. FABRE,OLIVIER  PESLIER,58 kg,,,,,,,WERTHEIMER & FRERE
113,8,leeds (ire) m.ps.+,R2VBaHVicytuVkNpN2pZYzNWdWlNZz09,6.0,Par: LAW SOCIETY  et MISS PERSIA (PERSIAN BOLD),1/2 (Corde:08),,SUC. ROLAND  SOULA,SUC. H. VAN DE POELE,OLIVIER  DOLEUZE,"59,5kg",,,,,,,SUC. R. SOULA
265,3,apple tree  m.ps. 5 a.,R3kwbmR3ZnRKYlpjR2NuOG5OcmJ4UT09,0.0,Par: BIKALA  et POMME ROSE (CARVIN),1/2 (Corde:01),,SULTAN  AL KABEER,A. FABRE,MR JOHN-ANDREW  REID,59 kg,121.959,,19.056,,,,SUC. P.DE MOUSSAC
243,11,avenir certain  f.ps. 3 a.,REdDazBNSHVPeDUxRzdXNElncFVBQT09,16.0,Par: LE HAVRE  et PUGGY (MARK OF ESTEEM),3/4 (Corde:01),,A.CARO/G.AUGUSTIN-NORMAND,JC. ROUGET-(S),CHRISTOPHE-PATRICE  LEMAIRE,"54,5kg",,,,,,,MME E. RIBARD
408,7,kiseki jpn m.ps. 5 a.,RGpqVzFISThLazdkQm1zRVFKaDJuUT09,4.0,Par: RULERSHIP  et BLITZ FINALE (DEEP IMPACT),8.L (Corde:07),,MME TATSUE  ISHIKAWA,K. SUMII,CHRISTOPHE  SOUMILLON,"59,5kg",,,,,,,SHIMOKOBE FARM
229,--,my emma gb f.ps. 4 a.,RHNZanF6WGpyWi9QcGJER2VERWJnUT09,12.0,Par: MARJU  et PATO (HIGH TOP),(Corde:14),,MATTHEWS BREEDING AND RACING,RAE. GUEST,DARRYLL-PAUL  HOLLAND,58 kg,,,,,,,LORD  MATTHEWS
222,8,que belle can f.ps. 3 a.,RHo4V2NlSGlxNmVqWVhxZi9mVnpIUT09,16.0,Par: SEATTLE DANCER  et QUI BID (SPECTACULAR BID),1.5 (Corde:06),,STALL STOOF,H. REMMERT,MR KEVIN  WOODBURN,"54,5kg",,,,,,,HEDGESTONE MANAGEMENT
321,9,carling  f.ps. 3 a.,RTI1djZ1UDBmOFdmL3Npc3VCKzYxZz09,16.0,Par: GARDE ROYALE  et CORRALEJA (CARVIN),8.L (Corde:13),,TERUYA  YOSHIDA,MME C. BARANDE BARBE,MR THIERRY  THULLIEZ,"54,5kg",,,,,,,SUC. J. DELBART
240,8,just a way jpn m.ps. 5 a.,RVl2a3lEc1FkYTlvdW1mV0FSRXdOUT09,7.0,Par: HEART'S CRY  et SIBYL (WILD AGAIN),CTT (Corde:14),,AKATSUKI  YAMATOYA,N. SUGAI,YUICHI  FUKUNAGA,"59,5kg",,,,,,,SHADAI CORPORATION INC
304,8,fair mix (ire) m.ps. 4 a.,RWNDQk00cG02VnVyMzVRaHFmS3RtZz09,1.0,Par: LINAMIX  et FAIRLEE WILD (WILD AGAIN),1.5 (Corde:15),,ECURIE WEEK-END,MARC. ROLLAND,STEPHANE  PASQUIER,"59,5kg",,,,,,,SNC  LAGARDERE ELEVAGE
179,17,clincher jpn m.ps. 4 a.,RWQ1TlhMdGFJMUhUS0dhQksxc3M1QT09,9.0,Par: DEEP SKY  et THE FATES (BRIAN'S TIME),(Corde:01),,KOJI  MAEDA,H. MIYAMOTO,YUTAKA  TAKE,"59,5kg",,,,,,,HIRAYAMA BOKUJO
219,5,predappio gb m.ps. 4 a.,RWUra25OV0hpbno0VndHZ2cwTktjZz09,6.0,Par: POLISH PRECEDENT  et KHALAFIYA (DARSHAAN),CTT (Corde:11),,GODOLPHIN,S. BIN SUROOR,MR JOHN-ANDREW  REID,"59,5kg",30.49,,,,,1.0,CHEIK MOBR. AL MAKTOUM
212,16,very nice name  m.ps. 4 a.,RWZHOFk2dm1RMytaUCtzTU4xZ0Q3QT09,1.0,Par: WHIPPER  et NAMONA (HALLING),(Corde:01),,S.A. CHEIKH ABDULLAH BIN KHALIFA  AL THA,A.DE MIEULLE,PIERANTONIO  CONVERTINO,"59,5kg",,,,,,,R. BOUCRET
434,7,high rise ire m.ps. 3 a.,RXhxU0k1a0ZVWVVyT0RSRWYrcG5sUT09,6.0,Par: HIGH ESTATE  et HIGH TERN (HIGH LINE),T (Corde:06),,CHEIK MOHAMMED OBAID  AL MAKTOUM,LM. CUMANI,MR MICHAEL J.  KINANE,56 kg,,,,,,,CHEIK MOBR. AL MAKTOUM
44,15,migwar (ire) m.ps. 4 a.,Rk1Hd2ZZNXgza0VvaHg5S01kZjBkUT09,3.0,Par: SEA THE STARS  et KATYUSHA (KINGMAMBO),5/4 (Corde:13),,S.A. CHEIKH ABDULLAH BIN KHALIFA  AL THA,FRE. HEAD (S),OLIVIER  PESLIER,"59,5kg",,,,,,,V. TYMOSHENKO
320,8,gunboat diplomacy  m.ps.+,RkY3Uzg1TCt1TDkwTDVMWUM2a2VkZz09,7.0,Par: DOMINION  et SINGAPORE GIRL (LYPHARD),1.L (Corde:08),,SUC. DANIEL  WILDENSTEIN,E. LELLOUCHE,MR DOMINIQUE  BOEUF,"59,5kg",,,,,,2.0,"LONDON THOROUGHBRED SERVICES, G. STRAWBRIDGE"
199,3,intello (ger) m.ps. 3 a.,Rm8xbnU4bFU3SkNHTmUvajc2c0xYUT09,17.0,Par: GALILEO  et IMPRESSIONNANTE (DANEHILL),ENC (Corde:09),,WERTHEIMER & FRERE,A. FABRE (S),OLIVIER  PESLIER,56 kg,548.640,,17.602,,,,WERTHEIMER & FRERE
453,--,schiaparelli ger m.ps. 5 a.,RytjT25OdVpEVlhBbHFFYzBUdXAyQT09,4.0,Par: MONSUN  et SACARINA (OLD VIC),(Corde:10),,GODOLPHIN,S. BIN SUROOR,LANFRANCO  DETTORI,"59,5kg",,,,,,,GESTUT KARLSHOF
312,--,ana marie  f.ps. 3 a.,S0Iza3YvSXpueEtNOWpPWjZPZGFUdz09,15.0,Par: ANABAA  et MARIE DE KEN (KENDOR),(Corde:10),,SCEA . ECURIE BADER,P. DEMERCASTEL,MR DAVY  BONILLA,"54,5kg",,,,,,,SCEA  ECURIE BADER
170,8,nelson ire m.ps. 3 a.,S0RNK2hRbnlXdWM1VE5ZNHAzdno1Zz09,17.0,Par: FRANKEL  et MOONSTONE (DALAKHANI),ENC (Corde:03),,MME J. MAGNIER/M.TABOR/D.SMITH,AP. O'BRIEN,MICHAEL CHRISTOPHER  HUSSEY,"56,5kg",,,,,,3.0,"ORPENDALE,  CHELSTON (IRELAND),  WYNATT"
419,6,greek dance ire m.ps. 4 a.,S1V3bDJ3elR2M28vODRMckRuczVZQT09,6.0,Par: SADLER'S WELLS  et HELLENIC (DARSHAAN),ENC (Corde:05),,SUC. LORD  WEINSTOCK,SIR MR. STOUTE,KIEREN-FRANCIS  FALLON,"59,5kg",,,,,,,BALLYMACOLL STUD FARM LTD
17,NP,MELEAGROS,SCtLRU5VVkVkK1ZGMjVBamZTWTZFUT09,4.0,CERTIFICAT VETERINAIRE,,,,,,,,,,,,,
359,--,pouvoir absolu (gb) m.ps. 5 a.,SDl5SnR4Rmd6V3oyV0dFNVVTMkcxQT09,4.0,Par: SADLER'S WELLS  et PINE CHIP (NUREYEV),(Corde:02),,ECURIE WILDENSTEIN,E. LELLOUCHE,SAMUEL  FARGEAT,"59,5kg",,,,,,2.0,DAYTON INVESTMENTS LTD
5,6,free eagle ire m.ps. 4 a.,SGJDenBYdWpaWXFERUJ6eWRBU1lNUT09,7.0,Par: HIGH CHAPARRAL  et POLISHED GEM (DANEHILL),ENC (Corde:12),,MOYGLARE STUD FARM LTD,DK. WELD,SUC. PATRICK JOSEPH  SMULLEN,"59,5kg",,,,,,,MOYGLARE STUD FARM LTD
0,1,golden horn gb m.ps. 3 a.,SHpmdDVUam5PNDMyOTJuWDJBVUFidz09,16.0,Par: CAPE CROSS  et FLECHE D'OR (DUBAI DESTINATION),(Corde:14),,ANTHONY  OPPENHEIMER,J. GOSDEN,LANFRANCO  DETTORI,56 kg,2.857.000,,,S,,,HASCOMBE AND VALIANT STUDS
394,10,foreign affairs gb m.ps. 3 a.,SUVEMTFjeEQ4bTA4cEV4MEJpV2ZuUT09,14.0,Par: HERNANDO  et ENTENTE CORDIALE (AFFIRMED),4.L (Corde:13),,THE SPECULATORS,SIR M. PRESCOTT,GEORGE  DUFFIELD,56 kg,,,,S,,,MLLE K. RAUSING
208,12,leading light ire m.ps. 3 a.,SW1mT05IeUpoYkVjSGl3M3BWbW9Tdz09,11.0,Par: MONTJEU  et DANCE PARADE (GONE WEST),(Corde:05),,D.SMITH/MME J.MAGNIER/M.TABOR,AP. O'BRIEN,GERALD  MOSSE,56 kg,,,,S,,1.0,LYNCH-BAGES LTD
114,9,leonila ire f.ps. 3 a.,SWlKZFJ5a3FkSGdDcHdmQVo4RmowQT09,16.0,Par: CAERLEON  et DINALINA (TOP VILLE),CTT (Corde:04),,R.C.  STRAUSS,ROB. COLLET,MR GUY  GUIGNARD,"54,5kg",,,,,,,KILFRUSH STUD FARM
75,4,conduit ire m.ps. 4 a.,SXRnUEJUcVJTcjZpSkY2ZHJCZzZsQT09,2.0,Par: DALAKHANI  et WELL HEAD (SADLER'S WELLS),T (Corde:12),,BALLYMACOLL STUD FARM LTD,SIR MR. STOUTE,RYAN-LEE  MOORE,"59,5kg",228.400,,,,,,BALLYMACOLL STUD FARM LTD
82,--,the bogberry usa m.ps. 4 a.,SlFKWldCajFReWxLNG1wbnNYbldDZz09,5.0,Par: HAWK WING  et LAHINCH (DANEHILL DANCER),(Corde:18),,SERGEY  EFROS,A.DE ROYER DUPRE,MAGOMET A.  KAPPUSHEV,"59,5kg",,,,,,,MARCH THOROUGHBREDS
439,--,dream well  m.ps. 3 a.,SzlTc1FMTk5YODJpTUtITG4rdUY2QT09,9.0,Par: SADLER'S WELLS  et SOUL DREAM (ALLEGED),(Corde:14),,FAMILLE NIARCHOS/J.L. BOUCHARD,P. BARY (S),CASH  ASMUSSEN,56 kg,,,,,,,SUC. S. NIARCHOS
87,--,tangaspeed  f.ps. 4 a.,T21FMkpQRDZnRzYvZXRZRHR5VUFCdz09,11.0,Par: VERTICAL SPEED  et FITANGA (FIJAR TANGO),(Corde:11),,R.PIRES/MME L.GAGNEUX,ROB. LAPLANCHE,IORITZ  MENDIZABAL,58 kg,,,,,,,MME L. GAGNEUX
343,--,tap dance city usa m.ps. 7 a.,T21PQ0x0TzdNUEdMTHZ2OEJ2QU5PUT09,6.0,Par: PLEASANT TAP  et ALL DANCE (NORTHERN DANCER),(Corde:18),,YUSHUN HORSE CLUB CO. LTD,S. SASAKI,TETSUZO  SATO,"59,5kg",,,,,,,"ECHO VALLEY HORSE FARM,  SWETTENHAM STUD"
215,1,peintre celebre usa m.ps. 3 a.,T29BOHFrSVdxK0RGdGYzejBxNnZ6dz09,13.0,Par: NUREYEV  et PEINTURE BLEUE (ALYDAR),(Corde:02),,SUC. DANIEL  WILDENSTEIN,A. FABRE,OLIVIER  PESLIER,56 kg,609.796,,,,,,ALLEZ FRANCE STABLES
235,3,taghrooda gb f.ps. 3 a.,T2ZmWGFFYXYxWWQ2LzBDdXY0WWR5QT09,18.0,Par: SEA THE STARS  et EZIMA (SADLER'S WELLS),5/4 (Corde:15),,SHADWELL FRANCE,J. GOSDEN,PAUL  HANAGAN,"54,5kg",571.500,,,,,,SHADWELL ESTATE CO. LTD
423,--,fantastic light usa m.ps. 3 a.,TE5HN1AwZGpoU05FNlhZS1RwMEN2UT09,9.0,Par: RAHY  et JOOD (NIJINSKY),(Corde:13),,SUC. MAKTOUM  AL MAKTOUM,SIR MR. STOUTE,MR JOHN-ANDREW  REID,56 kg,,,,,,,GAINSBOROUGH FARM INC.
322,10,balanchine usa f.ps. 4 a.,TE5RWXhVWGZtZDRIQU5hcGFCaVFrUT09,9.0,Par: STORM BIRD  et MORNING DEVOTION (AFFIRMED),CTE (Corde:02),,MAKTOUM AL MAKTOUM/GODOLPHIN,S. BIN SUROOR,MR WALTER-ROBERT  SWINBURN,58 kg,,,,,,1.0,SWETTENHAM STUD
64,1,rail link gb m.ps. 3 a.,TFRBMCs2V2N4RXRvVEJJd20xY2loUT09,5.0,Par: DANSILI  et DOCKLANDS (THEATRICAL),(Corde:04),,SUC. KHALID  ABDULLAH,A. FABRE,STEPHANE  PASQUIER,56 kg,1.142.800,,,,,,JUDDMONTE FARMS IRELAND
127,6,great heavens gb f.ps. 3 a.,TFZLdHZSZEpvVkVNSzlxeWM5dm4vZz09,18.0,Par: GALILEO  et MAGNIFICIENT STYLE (SILVER HAWK),2.5 (Corde:07),,SUC. LADY  ROTHSCHILD,J. GOSDEN,WILLIAM  BUICK,"54,5kg",,,,S,,,KINCORTH INVESTMENTS INC
319,7,partipral (usa) m.ps. 6 a.,THBkV2VycFhzbGI5emwrR1dwa1k0QT09,5.0,Par: PROCIDA  et PARTITION (TOP VILLE),1.L (Corde:09),,SUC. ENRIQUE  SARASOLA,E. LELLOUCHE,MR GUY  GUIGNARD,"59,5kg",,,,,,,THORP INVESTMENTS LTD
155,--,dariyoun usa m.ps. 5 a.,THRoZUJPek96MWVHSmhscGVSWUYxZz09,0.0,Par: SHAHRASTANI  et DARARA (TOP VILLE),(Corde:08),,MME MARIA-SOLEDAD  VIDAL,C. LAFFON-PARIAS,OLIVIER  DOLEUZE,59 kg,,,,,,,S.A.  AGA KHAN
78,7,la boum ger f.ps. 6 a.,THhiOWRPeDdkdHRkMFpuSkdhRDZGUT09,12.0,Par: MONSUN  et LA BOUCHE (IN THE WINGS),1/2 (Corde:08),,EMMANUEL  TRUSSARDI,ROB. COLLET (S),THIERRY  JARNET,58 kg,,,,,,,GESTUT KARLSHOF
52,7,iquitos ger m.ps. 5 a.,TTFWM04rREc0aTFGcVl2Zyt5dVZJZz09,11.0,Par: ADLERFLUG  et IRIKA (AREION),T (Corde:06),,STALL MULLIGAN,HJ. GROSCHEL,ANDRASCH  STARKE,"59,5kg",,,,,,,MME E. BUHMANN
447,6,ask gb m.ps. 5 a.,TUlnUHpYTm15RUo2Q2NVSjFqU0pDUT09,3.0,Par: SADLER'S WELLS  et REQUEST (RAINBOW QUEST),ENC (Corde:15),,PATRICK  FAHEY,SIR MR. STOUTE,RYAN-LEE  MOORE,"59,5kg",,,,,,,SIDE HILL STUD
53,8,idaho ire m.ps. 4 a.,TVhMSVg4TlJHU2EwZFVuVHFsRVVXUT09,7.0,Par: GALILEO  et HVEGER (DANEHILL),NEZ (Corde:07),,M.TABOR/D.SMITH/MME J.MAGNIER,AP. O'BRIEN,JAMES-ANTHONY  HEFFERNAN,"59,5kg",,,,,,2.0,HVEGER SYNDICATE
83,--,steele tango usa m.ps. 4 a.,TWNvYXlyZytKS1pqaGpVbG01bE1LQT09,6.0,Par: OKAWANGO  et WALTZING AROUND (ELA MANA MOU),(Corde:07),,THE THIRTY ACRE RACING PARTNER,RA. TEAL,DARRYLL-PAUL  HOLLAND,"59,5kg",,,,,,,T. ZWIESLER
310,--,manhattan cafe jpn m.ps. 4 a.,TWZ4T3dBcGptelhUbktJTkNjSS9Qdz09,8.0,Par: SUNDAY SILENCE  et SUBTLE CHANGE (LAW SOCIETY),(Corde:12),,K. NISHIKAWA/T. YOSHIDA,F. KOJIMA,MASAYOSHI  EBINA,"59,5kg",,,,,,,SHADAI FARM
381,--,treasure beach gb m.ps. 3 a.,TjA5WmVBelpYQnRiSXhBS0Fyck1GUT09,9.0,Par: GALILEO  et HONORINE (MARK OF ESTEEM),(Corde:12),,D.SMITH/MME J.MAGNIER/M.TABOR,AP. O'BRIEN,COLM  O'DONOGHUE,56 kg,,,,,,1.0,ASHLEY HOUSE STUD
128,7,camelot gb m.ps. 3 a.,TjEyUFdzSXRsMGdXaXRCcXZWN3gydz09,13.0,Par: MONTJEU  et TARFAH (KINGMAMBO),1.L (Corde:05),,D.SMITH/M.TABOR/MME J.MAGNIER,AP. O'BRIEN,LANFRANCO  DETTORI,56 kg,,,,,,1.0,CHEIK A. AL KHALIFA
231,--,queen maud ire f.ps. 3 a.,TjJRdjZld1RGQWRxTWpubmxFeTd5dz09,17.0,Par: AKARAD  et MODIYNA (NISHAPOUR),(Corde:16),,GARY A.  TANAKA,J.DE ROUALLE,THIERRY  JARNET,"54,5kg",,,,,,,"BARRONSTOWN STUD,  RON CON LTD"
39,10,vedevani  m.ps. 3 a.,TnQrMC85ZWdnMFJtZ0ZRbEZyLzJUQT09,12.0,Par: DUBAWI  et VADAWINA (UNFUWAIN),2.L (Corde:01),,H.H.   AGA KHAN,A.DE ROYER DUPRE,ALEXIS  BADEL,56 kg,,,,,,1.0,HARAS DE S.A. AGA KHAN SCEA
151,--,armiger gb m.ps. 3 a.,U05CRWlMR0VRUStmRTk1QldwRjFDUT09,0.0,Par: RAINBOW QUEST  et ARMERIA (NORTHERN DANCER),(Corde:02),,SUC. KHALID  ABDULLAH,SUC. HRA. CECIL,WILLIAM-FISCHER  CARSON,56 kg,,,,,,,JUDDMONTE FARMS IRELAND
146,7,misil usa m.ps. 5 a.,U0FsaDZKaXQ1M04veHZjZ2g1S0JQQT09,0.0,Par: MISWAKI  et APRIL EDGE (THE AXE II),3/4 (Corde:11),,LAGHI SNC DI G. SAIBENE,V. CARUSO,LANFRANCO  DETTORI,59 kg,,,,,,,GW. HUMPHREY
13,14,frine ire f.ps. 5 a.,U3ErcmtqUjhsRDdPS0FheXdpNlBVQT09,10.0,Par: HIGH CHAPARRAL  et CASTALIA (CARDOUN),3/4 (Corde:06),,DUC  D' ALBURQUERQUE,C. LAFFON-PARIAS,OLIVIER  PESLIER,58 kg,,,,,,,DUC D' ALBURQUERQUE
145,6,bob's return ire m.ps. 3 a.,UFJyRjg3WkxsaVdXWDllTUtncnhXZz09,0.0,Par: BOB BACK  et QUALITY OF LIFE (AUCTION RING),1.5 (Corde:12),,MME G.A.E.  SMITH,MH. TOMPKINS,PHILIP-PETER  ROBINSON,56 kg,,,,,,,BARONRATH STUD LTD
317,5,pure grain gb f.ps. 3 a.,UGROVTFmRkRDbjhORkYwbk5ObzdlQT09,15.0,Par: POLISH PRECEDENT  et MILL LINE (MILL REEF),2.5 (Corde:04),,ROBERT  BARNETT,SIR MR. STOUTE,MR JOHN-ANDREW  REID,"54,5kg",30.49,,,,,,W. & R. BARNETT LTD
159,--,platini ger m.ps. 4 a.,UHVSSUNTdnUreXRTb2RQMVFmSyt3QT09,0.0,Par: SURUMU  et PRAIRIE DARLING (STANFORD),(Corde:17),,STALL STEIGENBERGER,SUC. B. SCHUTZ,MARK  RIMMER,59 kg,,,,,,,"MME E. STEIGENBERGER,MME A. STEIGENBERGER"
90,--,grand ducal ire m.ps. 3 a.,UTBLamNvYSs0QnZrWHJESXc2WDVkZz09,17.0,Par: DANEHILL DANCER  et MOOD SWINGS (SHIRLEY HEIGHTS),(Corde:05),,MME J. MAGNIER/M.TABOR/D.SMITH,AP. O'BRIEN,SUC. PATRICK JOSEPH  SMULLEN,56 kg,,,,,,1.0,"A. STROUD, JF. HANLY"
433,6,fragrant mix (ire) m.ps.+,UTFsekZtRUQ4TnNRTW4rck0zU1Zwdz09,3.0,Par: LINAMIX  et FRAGRANT HILL (SHIRLEY HEIGHTS),1/2 (Corde:01),,SNC   LAGARDERE ELEVAGE,A. FABRE,MR ALAIN  JUNK,"59,5kg",,,,,,2.0,SNC  LAGARDERE ELEVAGE
232,--,gazelle royale  f.ps. 3 a.,UU0rT3pmTDFIZVN6MGg5Wm9ISnpFUT09,18.0,Par: GARDE ROYALE  et BEAUTYWAL (MAGWAL),(Corde:04),,KATSUMI  YOSHIDA,JE. HAMMOND,MICHAEL  ROBERTS,"54,5kg",,,,,,,MME J. BESNOUIN
309,--,sensible  m.ps. 4 a.,UUpzcTgxS05zWSs3Mi9vUVVoR252dz09,7.0,Par: SADLER'S WELLS  et RAISONNABLE (COMMON GROUNDS),(Corde:06),,FAMILLE  NIARCHOS,P. BARY (S),CHRISTOPHE-PATRICE  LEMAIRE,"59,5kg",,,,,,1.0,SUC. S. NIARCHOS
200,4,kizuna jpn m.ps. 3 a.,UVFkMzhzblJXZ2pma04rVDRYTGV6dz09,14.0,Par: DEEP IMPACT  et CATEQUIL (STORM CAT),2.L (Corde:11),,SHINJI  MAEDA,S. SASAKI,YUTAKA  TAKE,56 kg,274.080,,,,,,NORTH HILLS CO. LTD
129,8,sea moon gb m.ps. 4 a.,UjRyVVZ3Zi9RSk54WEs0M21IRVB2Zz09,1.0,Par: BEAT HOLLOW  et EVA LUNA (ALLEGED),NEZ (Corde:16),,SUC. KHALID  ABDULLAH,SIR MR. STOUTE,RYAN-LEE  MOORE,"59,5kg",,,,,,,JUDDMONTE FARMS IRELAND
342,--,imperial dancer gb m.ps. 6 a.,UlJ6SXpEQmRNV2JaMTFYMUR4NEZDZz09,5.0,Par: PRIMO DOMINIE  et GORGEOUS DANCER (NORDICO),(Corde:15),,PETER  TAPLIN,MR. CHANNON,THOMAS E.  DURCAN,"59,5kg",,,,,,,LAUNCESTON STUD
105,--,windya  f.ps. 3 a.,V0pnQWFmbjdyM2hGREtoWmk5UnpXdz09,14.0,Par: LINAMIX  et WINDY GULCH (GULCH),(Corde:07),,H.H.   AGA KHAN,JC. ROUGET-(S),THIERRY  JARNET,"54,5kg",,,,S,,3.0,SNC  LAGARDERE ELEVAGE
287,5,vinnie roe ire m.ps. 5 a.,VDJ1VEd0bmJWWmw4Q2pBVTd1R0hCUT09,5.0,Par: DEFINITE ARTICLE  et KAYU (TAP ON WOOD),1.5 (Corde:13),,SEAMUS SHERIDAN/MICHAEL WATT,DK. WELD,SUC. PATRICK JOSEPH  SMULLEN,"59,5kg",45.76,,,,,,MME V. MOERAN
311,--,asian heights gb m.ps. 4 a.,VDJXUjNCTXkwZTlOL0liQU5JV0padz09,9.0,Par: HERNANDO  et MISS RINJANI (SHIRLEY HEIGHTS),(Corde:16),,SUC. J.L.C.  PEARCE,SUC. G. WRAGG,DARRYLL-PAUL  HOLLAND,"59,5kg",,,,,,,SUC. JLC. PEARCE
455,--,red rock canyon ire m.ps. 4 a.,VERWUENCaGRhQUNZY1drMjdFNEJtZz09,10.0,Par: ROCK OF GIBRALTAR  et IMAGINE (SADLER'S WELLS),(Corde:13),,TABOR/MAGNIER/SMITH/NAGLE,AP. O'BRIEN,COLM  O'DONOGHUE,"59,5kg",,,,,,1.0,"BEAVERSTONE,  TOWER BLOODSTOCK"
189,8,deirdre jpn f.ps. 6 a.,VEo0Z2ttM2xvSGhIdFV6aUVOUjBIUT09,9.0,Par: HARBINGER  et REIZEND (SPECIAL WEEK),2.5 (Corde:12),,TOJI  MORITA,M. HASHIDA,JAMES PETER  SPENCER,58 kg,,,,,,,NORTHERN FARM
387,3,sagacity  m.ps. 3 a.,VG45RTdmYTlwV3U1ZnV6T0dLdDhaUT09,10.0,Par: HIGHEST HONOR  et SAGANECA (SAGACE),1.L (Corde:11),,SNC   LAGARDERE ELEVAGE,A. FABRE,YUTAKA  TAKE,56 kg,182.939,,30.49,,,1.0,SNC  LAGARDERE ELEVAGE
275,--,celtic arms  m.ps.+,VHdMRTIwSU5ob1NRRkgzK2dSUHJ0dz09,0.0,Par: COMRADE IN ARMS  et AMOUR CELTIQUE (NORTHFIELDS),(Corde:13),,JEAN-LOUIS  BOUCHARD,P. BARY,GERALD  MOSSE,56 kg,,,,,,,G. WEGLISZEWSKI
117,--,classic cliche ire m.ps. 4 a.,VUEzZ2xMNUZZd0ZBb2dvU2VHOWtDZz09,3.0,Par: SALSE  et PATO (HIGH TOP),(Corde:12),,GODOLPHIN,S. BIN SUROOR,LANFRANCO  DETTORI,"59,5kg",,,,,,1.0,LORD  MATTHEWS
338,10,valixir (ire) m.ps. 3 a.,VUUzclVzRngwQko4UTZaUmRlWVg4QT09,12.0,Par: TREMPOLINO  et VADLAMIXA (LINAMIX),CTT (Corde:20),,FAMILLE  LAGARDERE,A. FABRE,MR ERIC  LEGRIX,56 kg,,,,,,2.0,SNC  LAGARDERE ELEVAGE
115,10,pentire gb m.ps. 4 a.,VUpUUWx4a3QyTmpiVVZzT0JoK3Q4QT09,7.0,Par: BE MY GUEST  et GULL NOOK (MILL REEF),1.L (Corde:07),,TERUYA  YOSHIDA,SUC. G. WRAGG,MICHAEL  HILLS,"59,5kg",,,,,,,LORD  HALIFAX
331,3,ouija board gb f.ps. 3 a.,VkNNTVc2bnJoWTg2dHVjMEFoWnU2dz09,20.0,Par: CAPE CROSS  et SELECTION BOARD (WELSH PAGEANT),1.L (Corde:09),,LORD   DERBY,EAL. DUNLOP,JOHN-PATRICK  MURTAGH,"54,5kg",182.88,,,,,,STANLEY ESTATE AND STUD CO.
377,9,galikova  f.ps. 3 a.,Vmo0cmJtL052cGU0aW4xUVVPNEV4dz09,16.0,Par: GALILEO  et BORN GOLD (BLUSHING GROOM),4.L (Corde:04),,WERTHEIMER & FRERE,FRE. HEAD (S),OLIVIER  PESLIER,"54,5kg",,,,,,,WERTHEIMER & FRERE
369,1,danedream ger f.ps. 3 a.,Vmx6VGluUndKMzd2TDZZTnJpWHIwQT09,15.0,Par: LOMITAS  et DANEDROP (DANEHILL),(Corde:02),,GESTUT B. EBERSTEIN/T. YOSHIDA,P. SCHIERGEN,ANDRASCH  STARKE,"54,5kg",2.285.600,,,S,,,GESTUT BRUMMERHOF
262,10,Raypour,VnR6UGVHK3NuYkkyTGNGMlpFQTkvQT09,,,,,,JOHN OXX,NIALL MCCULLAGH,,,,,,,,
289,7,dai jin gb m.ps. 3 a.,VnhJSU9ycWpRK2NlZ0hBWktFZG9rZz09,14.0,Par: PEINTRE CELEBRE  et DAWLAH (SHIRLEY HEIGHTS),ENC (Corde:05),,WH SPORT INTERNATIONAL,A. SCHUTZ,OLIVIER  PESLIER,56 kg,,,,,,,GESTUT SCHLENDERHAN
95,5,motivator gb m.ps. 3 a.,VnlRVW1Ic29FNlUyWENoZlk2a3JDZz09,12.0,Par: MONTJEU  et OUT WEST (GONE WEST),CTT (Corde:08),,ROYAL ASCOT RACING CLUB,MLW. BELL,JOHN-PATRICK  MURTAGH,56 kg,51.480,,,,,,DEERFIELD FARM
134,--,mikhail glinka ire m.ps. 5 a.,VzlEbGlTN0hBd3ZiMTdDMnJwS05TZz09,4.0,Par: GALILEO  et LADY KARR (MARK OF ESTEEM),(Corde:09),,RAMZAN  KADYROV,A. SHAVUYEV,MIRCO  DEMURO,"59,5kg",,,,,,,PAULYN LIMITED
181,19,louis d'or (ire) m.ps. 3 a.,WEtWMjBnZEtPSmV1SnAyOVg1dkpSUT09,15.0,Par: INTELLO  et SOUDANAISE (PEINTRE CELEBRE),(Corde:17),,CAMILLE  GARNIER,T. CASTANHEIRA (S),ANTOINE  HAMELIN,"56,5kg",,,,,,,DAYTON INVESTMENTS LTD
60,15,satono diamond jpn m.ps. 4 a.,WFRSdmloSlRtRmJXNGtORzR4ckFRQT09,9.0,Par: DEEP IMPACT  et MALPENSA (ORPEN),T (Corde:13),,HAJIME  SATOMI,Y. IKEE,CHRISTOPHE-PATRICE  LEMAIRE,"59,5kg",,,,,,3.0,NORTHERN RACING
341,--,mamool ire m.ps. 5 a.,WG9sVXNvd0VkOWpyQkxVWXV3TVlzUT09,3.0,Par: IN THE WINGS  et GENOVEFA (WOODMAN),(Corde:14),,GODOLPHIN,S. BIN SUROOR,LANFRANCO  DETTORI,"59,5kg",,,,,,,CHEIK MOBR. AL MAKTOUM
389,5,milan gb m.ps. 3 a.,WHdRd3MzcGk5RUtCU3paWFUxZ3F3UT09,11.0,Par: SADLER'S WELLS  et KITHANGA (DARSHAAN),1.L (Corde:01),,MICHAEL TABOR/MME JOHN MAGNIER,AP. O'BRIEN,MR MICHAEL J.  KINANE,56 kg,45.735,,,,,2.0,FITTOCKS STUD LTD
224,10,busy flight gb m.ps. 4 a.,WSt4QlI4dW1zYWF3VHEyeXhVNjBwUT09,5.0,Par: PHARLY  et BUSTLING NELLY (BUSTINO),1/2 (Corde:10),,S.WINGFIELD  DIGBY,BW. HILLS,MICHAEL  HILLS,"59,5kg",,,,,,,SW. DIGBY
86,--,hot six brz m.ps. 4 a.,WTh4VFBlSHE5RWZCZEh2OFFWRmxGUT09,9.0,Par: BUROOJ  et BABYSIX (WITH APPROVAL),(Corde:04),,ESTRELA ENERGIA STABLES,G. DUARTE,TIAGO JOSUE  PEREIRA,59 kg,,,,,,,HARAS J.B. BARROS
438,--,sea wave ire m.ps. 3 a.,WU53WFJRTlpydk1XOTBPR2pUNzVPZz09,7.0,Par: SADLER'S WELLS  et THREE TAILS (BLAKENEY),(Corde:08),,GODOLPHIN,S. BIN SUROOR,LANFRANCO  DETTORI,56 kg,,,,S,,1.0,CHEIK MOBR. AL MAKTOUM
209,13,joshua tree ire m.ps. 6 a.,WWxFUyt2Qmc4djI4VE9PM3FlRTAxQT09,4.0,Par: MONTJEU  et MADEIRA MIST (GRAND LODGE),(Corde:14),,K.K. AL NABOODA/K. ALBAHOU,EAL. DUNLOP,RICHARD  HUGHES,"59,5kg",,,,,,,"CASTLEMARTIN STUD,  ECURIE SKYMARC FARM"
116,--,tamure ire m.ps. 4 a.,WXJuYlN5MGZ6clFyZmhvQjJ0RklVUT09,2.0,Par: SADLER'S WELLS  et THREE TAILS (BLAKENEY),(Corde:14),,CHEIK MOHAMMED  AL MAKTOUM,J. GOSDEN,MR FREDERIC  HEAD,"59,5kg",,,,,,1.0,CHEIK MOBR. AL MAKTOUM
271,9,millkom gb m.ps. 3 a.,WXNMTFRrS3h2Z3paQWNEb1RMTUh6Zz09,0.0,Par: CYRANO DE BERGERAC  et GOOD GAME (MUMMY'S GAME),T (Corde:12),,JEAN-CLAUDE  GOUR,JC. ROUGET,MR JEAN-RENE  DUBOSC,56 kg,,,,,,,RG. PERCIVAL
69,6,sixties icon gb m.ps. 3 a.,WlJ2TStIa2d5ODFaTDFqRk5sbG8xZz09,6.0,Par: GALILEO  et LOVE DIVINE (DIESIS),4.L (Corde:08),,MME SUSAN  ROY,J. NOSEDA,LANFRANCO  DETTORI,56 kg,,,,S,,,LORDSHIP STUD LIMITED
188,7,stradivarius ire m.ps. 6 a.,WmxLeERDdTRtZTBTaVFOTnhzY0kwUT09,6.0,Par: SEA THE STARS  et PRIVATE LIFE (BERING),1/2 (Corde:14),,BJORN E.  NIELSEN,J. GOSDEN,OLIVIER  PESLIER,"59,5kg",,,,,,,BE. NIELSEN
214,NP,NOVELLIST,WnJNU21TZ1VWeGkwQm1VaERpa2VKdz09,2.0,CERTIFICAT VETERINAIRE,,,,,,,,,,,,,
258,6,Samum,Y0pKZlJPOWFCQkZqTmRpdkZ2Ky9OUT09,,,,,,ANDREAS SCHUTZ,ANDRASCH STARKE,,,,,,,,
137,--,kesampour  m.ps. 3 a.,Y1NPME5DajJaSnVhQjgwczVJZlNRQT09,12.0,Par: KING'S BEST  et KASATANA (HERNANDO),(Corde:15),,S.A.   AGA KHAN,M. DELZANGLES,GREGORY  BENOIST,56 kg,,,,,,2.0,S.A.  AGA KHAN
14,15,eagle top gb m.ps. 4 a.,Y1puWTl6ZGpLY2Fvd3UyTmMwQVhlZz09,2.0,Par: PIVOTAL  et GULL WING (IN THE WINGS),ENC (Corde:03),,LADY   BAMFORD,J. GOSDEN,WILLIAM  BUICK,"59,5kg",,,,,,,LADY  BAMFORD
10,11,manatee gb m.ps. 4 a.,Y29qVCtTMmJzQXhZYzdvR1A5aVpUQT09,3.0,Par: MONSUN  et GALATEE (GALILEO),2.L (Corde:01),,DARLEY SNC,A. FABRE (S),MICKAEL  BARZALONA,"59,5kg",,,,,,,DARLEY STUD MANAGEMENT CO. LTD
426,--,flamingo road ger f.ps. 3 a.,YUdaZEZBU0JGeXJxZlBNSkMycmY0dz09,13.0,Par: ACATENANGO  et FABULA DANCER (NORTHERN DANCER),(Corde:07),,HELMUT VON FINCK,A. SCHUTZ,ANDRASCH  STARKE,"54,5kg",,,,,,,H. VON FINCK
71,DI,deep impact jpn m.ps. 4 a.,YW1OcVc4TjVIS251TndRQU52YUpwZz09,1.0,Par: SUNDAY SILENCE  et WIND IN HER HAIR (ALZAO),1/2 (Corde:02),,KANEKO MAKOTO HOLDINGS CO. LTD,Y. IKEE,YUTAKA  TAKE,"59,5kg",,,,,,,NORTHERN FARM
442,1,zarkava ire f.ps. 3 a.,YWNmUDA5eEQ3dFgyNElBa3B0MlRJQT09,16.0,Par: ZAMINDAR  et ZARKASHA (KAHYASI),(Corde:01),,S.A.   AGA KHAN,A.DE ROYER DUPRE,CHRISTOPHE  SOUMILLON,"54,5kg",2.285.600,,,,,,S.A.  AGA KHAN
432,5,caitano gb m.ps. 4 a.,YXBUWDVLZ3ovVDlkU3BCRnpWK0tOdz09,4.0,Par: NINISKI  et EVERSINCE (FOOLISH PLEASURE),3/4 (Corde:05),,GARY A.  TANAKA,A. SCHUTZ,ANDRASCH  STARKE,"59,5kg",30.49,,,,,,OVERBURY STUD
139,--,saonois  m.ps. 3 a.,YXJKMFBUYzhRSkE5UnhrLzlFNjVnQT09,16.0,Par: CHICHICASTENANGO  et SAONOISE (HOMME DE LOI),(Corde:02),,PASCAL  TREYVE,JP. GAUVIN,ANTOINE  HAMELIN,56 kg,,,,S,,,EARL  HARAS DE NONANT LE PIN
58,13,plumatic (gb) m.ps. 3 a.,YXVNNGJ2ejN5Tmh3emJqZ0xocEh3Zz09,16.0,Par: DUBAWI  et PLUMANIA (ANABAA),1.5 (Corde:14),,WERTHEIMER & FRERE,A. FABRE (S),MAXIME  GUYON,"56,5kg",,,,,,,WERTHEIMER & FRERE
126,5,yellow and green gb f.ps.+,YjIyaXo3a0RGVVNLMjZZVlFacjkyUT09,17.0,Par: MONSUN  et GREEN SWALLOW (GREEN TUNE),1/2 (Corde:03),,S.A. CHEIKH ABDULLAH BIN KHALIFA  AL THA,N. CLEMENT (S),MR THIERRY  THULLIEZ,"54,5kg",114.400,,,,,,NEWSELLS PARK STUD
383,--,reliable man (gb) m.ps. 3 a.,YkRwb2FOSTN4RktyWFJ3K1dLckVCZz09,12.0,Par: DALAKHANI  et ON FAIR STAGE (SADLER'S WELLS),(Corde:07),,PRIDE RACING CLUB,A.DE ROYER DUPRE,GERALD  MOSSE,56 kg,,,,,,,FAIR SALINIA LTD
300,4,califet  m.ps. 4 a.,YkZpSkE2Z29lWFVLdTZJTmZaSzJ5dz09,2.0,Par: FREEDOM CRY  et SALLY'S ROOM (KENDOR),1/2 (Corde:01),,MME ENRIQUITA  GARCIA-GONZALEZ,G. CHEREL,THIERRY  JARNET,"59,5kg",91.36,,8.793,,,,SUC. D. MILIN
339,--,execute  m.ps. 7 a.,YnpYWDJsQVM2RSswb0UvTHFKVTVpZz09,1.0,Par: SUAVE DANCER  et SHE'S MY LOVELY (SHARPO),(Corde:17),,ECURIE CHALHOUB,JE. HAMMOND,MR DOMINIQUE  BOEUF,"59,5kg",,,,,,,ECURIE KURA
210,14,ocovango gb m.ps. 3 a.,YzBpaVBQcnZ4Nko1WmRudDg5eUVOUT09,12.0,Par: MONSUN  et CRYSTAL MAZE (GONE WEST),(Corde:13),,PRCE A.  FAISAL,A. FABRE (S),STEPHANE  PASQUIER,56 kg,,,,,,,WATERSHIP DOWN STUD
150,--,always friendly gb f.ps. 5 a.,Z1NpdDJNU085QVJsNGFTNEJCampOZz09,0.0,Par: HIGH LINE  et WISE SPECULATION (MR PROSPECTOR),(Corde:21),,SUC. FAHD  SALMAN,H. CANDY,ALAN-KEITH  MUNRO,"57,5kg",,,,,,,BLACK HILLS STUD LTD
142,3,opera house gb m.ps. 5 a.,Z3hBWVB1RWpmV20xa3MrcnVnVFFkUT09,0.0,Par: SADLER'S WELLS  et COLORSPIN (HIGH TOP),1/2 (Corde:15),,CHEIK MOHAMMED  AL MAKTOUM,SIR MR. STOUTE,MICHAEL  ROBERTS,59 kg,152.449,,,,,,MEON VALLEY STUD
273,--,big tobin ity m.ps. 5 a.,ZC83a3A2aGhuamwySzFzc3BXdG5Pdz09,0.0,Par: BIG REEF  et DARING TOBIN (J O TOBIN),(Corde:15),,SCUDERIA LADY COSTANZA,SUC. L. CAMICI,MAURIZIO  PASQUALE,59 kg,,,,,,,ALLEVAMENTO WHITE STAR S.R.L.
96,6,shawanda ire f.ps. 3 a.,ZEwrQmZLa2NhOUQ4emlFVkdUZTlZUT09,15.0,Par: SINNDAR  et SHAMAWNA (DARSHAAN),1.5 (Corde:01),,S.A.   AGA KHAN,A.DE ROYER DUPRE,CHRISTOPHE  SOUMILLON,"54,5kg",,,,,,3.0,S.A.  AGA KHAN
250,18,ivanhowe ger m.ps. 4 a.,ZGpkOS83OFFpWmJZWm1VOUdRQzk3dz09,4.0,Par: SOLDIER HOLLOW  et INDIGO GIRL (STERNKOENIG),(Corde:19),,GESTUT SCHLENDERHAN,JP. CARVALHO,WILLIAM  BUICK,"59,5kg",,,,,,,GESTUT SCHLENDERHAN
152,--,badolato usa m.ps.+,ZHAvNEJLUVBYTG0rdFRIZzR5QnZSdz09,0.0,Par: FAR NORTH  et ABSARETCH (DANCER'S IMAGE),(Corde:07),,SUC. PETER  BAUMGARTNER,A. SPANU,MR JEAN-MICHEL  BREUX,56 kg,,,,,,,P. FULLER
424,--,GENGHIS KHAN IRE M.PS. 3 a.,ZTVNYng4K3JFMHQrYVZrTmFDdFl3dz09,10.0,Par: SADLER'S WELLS  et DOFF THE DERBY (MASTER DERBY),(Corde:02),,MME JOHN MAGNIER/MICHAEL TABOR,AP. O'BRIEN,JOHN-PATRICK  MURTAGH,56 kg,,,,,,1.0,"BARRONSTOWN STUD,  RON CON LTD"
346,--,grey swallow ire m.ps. 3 a.,ZVd6ZVNDVXZCSWdmVnB0U3NLSVFvQT09,15.0,Par: DAYLAMI  et STYLE OF LIFE (THE MINSTREL),(Corde:11),,MME ROCHELLE  QUINN,DK. WELD,SUC. PATRICK JOSEPH  SMULLEN,56 kg,,,,S,,,MME CL. WELD
205,9,going somewhere brz m.ps. 4 a.,ZWd4UmkyYTlrK25ZTGRQcFhBWUZ2QT09,7.0,Par: SULAMANI  et ANGEL STAR (SPECIAL NASH),NEZ (Corde:04),,BENJAMIN  STEINBRUCH,D. SMAGA,GREGORY  BENOIST,59 kg,,,,,,,HARAS PHILLIPSON
291,9,ange gabriel  m.ps. 5 a.,ZXdFYVpzSTA1aG9xWko4U0tNTUpNUT09,2.0,Par: KALDOUNEVEES  et MOUNT GABLE (HEAD FOR HEIGHTS),3.L (Corde:07),,MME HENRI  DEVIN,E. LIBAUD,THIERRY  JARNET,"59,5kg",,,,,,,MME H. DEVIN
255,3,volvoreta gb f.ps.+,ZXh0dk9yUXEzcEJtTXR4SWZTK1drdz09,9.0,Par: SUAVE DANCER  et ROBERTIYA (DON ROBERTO),3.L (Corde:02),,SUC. ENRIQUE  SARASOLA,C. LERNER,OLIVIER  PESLIER,"54,5kg",182.939,,,,,,C. GARCIA-PARDO
103,--,samando  f.ps.+,Zk85ZCtxNkpUaUhtSm0xOVVwSTZBQT09,9.0,Par: HERNANDO  et SAMSHU (NASHWAN),(Corde:03),,HANS  WIRTH,F. DOUMEN (S),TERENCE  HELLIER,58 kg,,,,,,,B. ROOT
16,17,shahah gb f.ps. 3 a.,ZkZBbmwrWCt6TklKTHgzOCs5bnd5Zz09,17.0,Par: MOTIVATOR  et ELEGANT BEAUTY (OLDEN TIMES),(Corde:02),,AL SHAQAB RACING,MME C. HEAD,GREGORY  BENOIST,"54,5kg",,,,S,,2.0,THE KATHRYN STUD
180,18,neufbosc  m.ps. 3 a.,ZkZSOXRjWEVteXM3QXNBb1A2WUtZUT09,11.0,Par: MASTERCRAFTSMAN  et NONSUCH WAY (VERGLAS),(Corde:11),,GERARD  AUGUSTIN-NORMAND,MME P. BRANDT,CRISTIAN  DEMURO,"56,5kg",,,,,,,FRANKLIN FINANCE S.A.
307,--,boreal ger m.ps. 4 a.,ZlA4aUpVd3Q1TitUaCtpellFMEdndz09,3.0,Par: JAVA GOLD  et BRITANNIA (TARIM),(Corde:04),,GESTUT AMMERLAND,P. SCHIERGEN,ANDREAS  SUBORICS,"59,5kg",,,,,,,GESTUT AMMERLAND
272,10,king's theatre ire m.ps. 3 a.,ZlFKRTluczZqT3pRdEdVOTZTVFFQZz09,0.0,Par: SADLER'S WELLS  et REGAL BEAUTY (PRINCELY NATIVE),1/2 (Corde:05),,CHEIK MOHAMMED  AL MAKTOUM,SUC. HRA. CECIL,MR MICHAEL J.  KINANE,56 kg,,,,,,,M. POLAND
38,9,harzand ire m.ps. 3 a.,ZlVKV1p1aVFreVFka3pCOWVHc3Jsdz09,11.0,Par: SEA THE STARS  et HAZARIYA (XAAR),7/4 (Corde:06),,H.H.   AGA KHAN,DK. WELD,SUC. PATRICK JOSEPH  SMULLEN,56 kg,,,,,,1.0,S.A.  AGA KHAN
441,--,zainta ire f.ps.+,ZnhnRjBWWnlzdXI0alJhcEllNGMyQT09,13.0,Par: KAHYASI  et ZAILA (DARSHAAN),(Corde:12),,S.A.   AGA KHAN,A.DE ROYER DUPRE,GERALD  MOSSE,"54,5kg",,,,,,,S.A.  AGA KHAN
308,--,foundation spirit  m.ps. 4 a.,ZzZtNWwyQzk1TytwNHJlUGxLUzNDZz09,6.0,Par: HERNANDO  et FANNY'S COVE (MILL REEF),(Corde:14),,ROBERT  NG,F. DOUMEN,GERALD  MOSSE,"59,5kg",,,,,,,ELEVAGE HARAS DE BOURGEAUVILLE
162,--,wemyss bight gb f.ps. 3 a.,a01MV1dLUWRObXZaQXlmZS9mZGpSQT09,0.0,Par: DANCING BRAVE  et BAHAMIAN (MILL REEF),(Corde:04),,SUC. KHALID  ABDULLAH,A. FABRE,SUC. PAT  EDDERY,"54,5kg",,,,,,,JUDDMONTE FARMS IRELAND
207,11,sahawar  m.ps. 3 a.,a1hqWDF1YXFCdVFhNm45MjNSMzB5QT09,16.0,Par: DARK ANGEL  et SAARYEH (ROYAL ACADEMY),(Corde:16),,SIMON  SPRINGER,C. FERLAND (S),MR THIERRY  THULLIEZ,56 kg,,,,,,,HARAS DE BEAUVOIR
305,9,falbrav ire m.ps. 4 a.,aE1odW1mRzZGcXRhN3NyZTZ5VXZkUT09,10.0,Par: FAIRY KING  et GIFT OF THE NIGHT (SLEWPY),CTT (Corde:07),,SCUDERIA RENCATI SRL,L. D'AURIA,OLIVIER  PESLIER,"59,5kg",,,,,,,AZIENDA AGRICOLA FRANCESCA
192,11,chachnak  m.ps. 3 a.,aE9ndDRLT1ZtMjZFQkJQb0x6MDZGUT09,11.0,Par: KINGMAN  et TAMAZIRTE (DANEHILL DANCER),20L (Corde:13),,ECURIE LA VALLEE MARTIGNY EARL,F. VERMEULEN (S),TONY  PICCONE,"56,5kg",,,,,,,"ECURIE LA VALLEE MARTIGNY EARL,  ECURIE DU LOUP"
371,3,snow fairy ire f.ps. 4 a.,aEI5WHVyaVVDWGtHZExZWjlOUnBZZz09,8.0,Par: INTIKHAB  et WOODLAND DREAM (CHARNWOOD FOREST),ENC (Corde:11),,ANAMOINE LIMITED,EAL. DUNLOP,LANFRANCO  DETTORI,58 kg,457.200,,,,,,WINDFLOWER OVERSEAS HOLD. INC
325,--,el sembrador arg m.ps. 4 a.,aEg4VDB3RUYzRlJpT3BHaDR0d1NPZz09,8.0,Par: OCTANTE  et NINA FLOR (EXACTLY NATIVE),(Corde:16),,GILBERTO LUIS H.  MONTAGNA,JL. PALACIOS,GUILLERMO ENRIQUE  SENA,59 kg,,,,S,,,HARAS EL PARAISO
450,9,cima de triomphe ire m.ps. 3 a.,aUtYaVhKMkJzQzFEblB5Q0NsU09hZz09,15.0,Par: GALILEO  et SOPRAN LONDA (DANEHILL),1.L (Corde:16),,TERUYA  YOSHIDA,B. GRIZZETTI,DARIO  VARGIU,56 kg,,,,,,,SOFIM SRL
238,6,harp star jpn f.ps. 3 a.,aVIvN05EZW12VkNJa3ZyN1dXTU80QT09,19.0,Par: DEEP IMPACT  et HISTORIC STAR (FALBRAV),ENC (Corde:12),,CARROT FARM,H. MATSUDA,YUGA  KAWADA,"54,5kg",,,,,,,NORTHERN FARM
168,6,salouen ire m.ps. 4 a.,aWtjV3FPTU0yK3ZuSmJldXJCR042Zz09,2.0,Par: CANFORD CLIFFS  et GALI GAL (GALILEO),1/2 (Corde:07),,HIRAN  BALASURIYA,S. KIRK,OISIN  MURPHY,"59,5kg",,,,,,,SILVERCON EDGERODGE LTD
345,--,blue canari  m.ps. 3 a.,ajJjK0p0ODcvYUI5UkhBZkRLSGZVUT09,10.0,Par: ACATENANGO  et DELICIEUSE LADY (TREMPOLINO),(Corde:03),,ECURIE JEAN-LOUIS BOUCHARD SNC,P. BARY (S),CHRISTOPHE-PATRICE  LEMAIRE,56 kg,,,,S,,,MERIDIAN STUD
4,5,erupt (ire) m.ps. 3 a.,ajVkellKNDFIQnFMQVVmVzVnSmt6dz09,15.0,Par: DUBAWI  et MARE NOSTRUM (CAERLEON),1.5 (Corde:04),,FAMILLE  NIARCHOS,FH. GRAFFARD (S),STEPHANE  PASQUIER,56 kg,143.000,,6.75,,,,SUC. S. NIARCHOS
211,15,pirika (ire) f.ps. 5 a.,ak04VG9jcmlLQ3gxQ2l5ZExmMGdBUT09,9.0,Par: MONSUN  et PAITA (INTIKHAB),(Corde:03),,TERUYA  YOSHIDA,A. FABRE (S),PIERRE-CHARLES  BOUDOT,58 kg,,,,,,,SHADAI FARM
196,NP,SERPENTINE,akRHUjRXMk50TFVOcXRFZ3ZYUVU0dz09,14.0,CAS DE FORCE MAJEURE,,,,,,,,,,,,,
333,5,north light ire m.ps. 3 a.,amMwaThOQUlmMFM0TXIra2RoVVVCUT09,9.0,Par: DANEHILL  et SOUGHT OUT (RAINBOW QUEST),CTT (Corde:12),,BALLYMACOLL STUD FARM LTD,SIR MR. STOUTE,KIEREN-FRANCIS  FALLON,56 kg,45.76,,,,,,BALLYMACOLL STUD FARM LTD
332,4,acropolis ire m.ps. 3 a.,b0dKWDZVMkZSTlN0Z1B2VzNwTXBkUT09,13.0,Par: SADLER'S WELLS  et DEDICATED LADY (PENNINE WALK),2.L (Corde:19),,MICHAEL TABOR/MME JOHN MAGNIER,AP. O'BRIEN,JAMES PETER  SPENCER,56 kg,91.36,,,,,,"QUAY BLOODSTOCK,  SAMAC LTD"
131,10,bayrir  m.ps. 3 a.,bCtPVWJoQTlRMFNRSG8xd01DdGpuQT09,11.0,Par: MEDICEAN  et BALANKIYA (DARSHAAN),2.5 (Corde:14),,S.A.   AGA KHAN,A.DE ROYER DUPRE,GERALD  MOSSE,56 kg,,,,S,,2.0,S.A.  AGA KHAN
37,8,savoir vivre ire m.ps. 3 a.,bDZjOTYzdnkvRUliV3dyKzYzMDZZZz09,15.0,Par: ADLERFLUG  et SOUDAINE (MONSUN),1.5 (Corde:10),,STALL ULLMANN,JP. CARVALHO,FREDERIK  TYLICKI,56 kg,,,,,,,STALL ULLMANN
79,7,stacelita  f.ps. 3 a.,bE9rbXV0dDVxcEtrSzMrUmo1dzBJQT09,19.0,Par: MONSUN  et SOIGNEE (DASHING BLADE),1/2 (Corde:16),,M.SCHWARTZ/ECURIE MONASTIC,JC. ROUGET-(S),CHRISTOPHE  SOUMILLON,"54,5kg",,,,S,,,JPJ. DUBOIS
119,--,darazari ire m.ps. 3 a.,bEVjQ24rSEsvSENHckljazNxc2Q5Zz09,10.0,Par: SADLER'S WELLS  et DARARA (TOP VILLE),(Corde:16),,S.A.   AGA KHAN,A.DE ROYER DUPRE,GERALD  MOSSE,56 kg,,,,,,,S.A.  AGA KHAN
409,8,nagano gold gb m.ps. 5 a.,bEZ1Zko4L2lMSG40aHRaa3owaVB4Zz09,7.0,Par: SIXTIES ICON  et NEVER ENOUGH (MONSUN),4.5 (Corde:11),,SYNDIKAT V3J,V. LUKA,MICKAEL  BARZALONA,"59,5kg",,,,,,,"J. KNIGHT, EJ. CANTILLON"
326,--,sunrise song  f.ps. 4 a.,bEhsakV6TzBxb1cxU3RkZ01mT2pxZz09,10.0,Par: GENERAL HOLME  et MARISSIYA (NISHAPOUR),(Corde:06),,SUC. JEAN  PERCEPIED,F. DOUMEN,GERALD  MOSSE,58 kg,,,,,,,SUCC CHARLES E. SCHMIDT
327,--,luso gb m.ps. 3 a.,bFZ2Y2I2NXRMcXk0ZDRtQWhaUlpGdz09,13.0,Par: SALSE  et LUCAYAN PRINCESS (HIGH LINE),(Corde:10),,SAEED  MANANA,CE. BRITTAIN,CASH  ASMUSSEN,56 kg,,,,,,,S. MANANA
372,4,so you think nz m.ps. 5 a.,bHVNbFlaeFJTRWhPc3NLeksvSSswQT09,6.0,Par: HIGH CHAPARRAL  et TRIASSIC (TIGHTS),1/2 (Corde:14),,SMITH/MME MAGNIER/TABOR/& CO,AP. O'BRIEN,JAMES-ANTHONY  HEFFERNAN,"59,5kg",228.400,,,,,1.0,"PIPER FARM LTD, MJ. MORAN"
55,10,zarak  m.ps. 4 a.,bU9FemMxZEZsMUdNdmF1SkFhM3BZZz09,1.0,Par: DUBAWI  et ZARKAVA (ZAMINDAR),3/4 (Corde:18),,S.A.   AGA KHAN,A.DE ROYER DUPRE,CHRISTOPHE  SOUMILLON,"59,5kg",,,,,,,S.A.  AGA KHAN
410,9,french king (gb) m.ps. 4 a.,bUZEU1hQSjJkbXFqNDBtcGhSSVFydz09,1.0,Par: FRENCH FIFTEEN  et MARINA PICCOLA (HALLING),4.5 (Corde:05),,S.A. CHEIKH ABDULLAH BIN KHALIFA  AL THA,HA. PANTALL,OLIVIER  PESLIER,"59,5kg",,,,,,,UMM QARN MANAGEMENT CO. LTD
279,--,richard of york gb m.ps. 4 a.,bUlBamI5VHo0ajdiR2cvMGVUc2M4Zz09,0.0,Par: RAINBOW QUEST  et TRIPLE FIRST (HIGH TOP),(Corde:17),,CHEIK MOHAMMED  AL MAKTOUM,A. FABRE,MR SYLVAIN  GUILLOT,59 kg,,,,,,,BLACK HILLS STUD LTD
225,--,steward  m.ps. 4 a.,bW1QcVNNQ1YvdHBrWEUyanJuYmRJQT09,2.0,Par: SAUMAREZ  et BELLE OMBRE (DANCING BRAVE),(Corde:03),,SUC. GEORGES  COUDE,D. SEPULCHRE,MR SYLVAIN  GUILLOT,"59,5kg",,,,,,,JC. COUDE
400,--,SADDLER'S CREEK USA M.PS. 3 a.,bWdOTHR3eHZLODVDRHh2VUdOYU5GQT09,13.0,Par: SADLER'S WELLS  et GLEEFUL (SEEKING THE GOLD),(Corde:14),,MME JOHN MAGNIER/MICHAEL TABOR,AP. O'BRIEN,PAUL J.  SCALLAN,56 kg,,,,S,,2.0,CALOGO BLOODSTOCK AG
457,--,blue bresil  m.ps. 3 a.,bXN4Y3dmQ1FiOFpPUEU5TU1ZV2xRZz09,14.0,Par: SMADOUN  et MISS RECIF (EXIT TO NOWHERE),(Corde:06),,SUC. FREDDY  TONDELIER,L. LARRIGADE,MR WILLIAM  MONGIL,56 kg,,,,,,,JL. PARIENTE
396,--,anzillero ger m.ps.+,bXRyQWFlNHVYbEVFK1FCSms3QWdtQT09,2.0,Par: LAW SOCIETY  et ANZILLE (PLUGGED NICKLE),(Corde:08),,GESTUT ERLENHOF,DK. RICHARDSON,MR KEVIN  WOODBURN,"59,5kg",,,,,,,GESTUT ERLENHOF
390,6,little rock gb m.ps.+,bjN0NkdZMm0xRk5xWHgralpGQmh6Zz09,5.0,Par: WARNING  et MUCH TOO RISKY (BUSTINO),1.5 (Corde:16),,J.M.  GREETHAM,SIR MR. STOUTE,JAMES PETER  SPENCER,"59,5kg",,,,,,,JM. GREETHAM
195,NP,MOGUL,bkl3RXJaS3dIdXk0OTdjZWFpby93dz09,13.0,CAS DE FORCE MAJEURE,,,,,,,,,,,,,
298,2,sulamani (ire) m.ps. 3 a.,bks5ejRHSWhPa3o0R2pPY3MzR3lnQT09,14.0,Par: HERNANDO  et SOUL DREAM (ALLEGED),3/4 (Corde:13),,FAMILLE  NIARCHOS,P. BARY (S),MR THIERRY  THULLIEZ,56 kg,365.76,,35.204,,,1.0,SUC. S. NIARCHOS
412,11,blast onepiece jpn m.ps. 4 a.,bytINmx4MVZBT3Z1cGlVTTEzYUlTQT09,5.0,Par: HARBINGER  et TSURUMARU ONEPIECE (KING KAMEHAMEHA),NEZ (Corde:04),,SILK RACING CO. LTD,M. OTAKE,YUGA  KAWADA,"59,5kg",,,,,,,NORTHERN FARM
251,19,free port lux (gb) m.ps. 3 a.,c0U5QS90bmdJdFNCV3d6SWhEKzlRUT09,15.0,Par: OASIS DREAM  et ROYAL HIGHNESS (MONSUN),(Corde:17),,OLIVIER  THOMAS,FRE. HEAD (S),MICKAEL  BARZALONA,56 kg,,,,,,,ECURIE DES MONCEAUX
201,5,penglai pavilion usa h.ps. 3 a.,c0hTZWZ6bWIyRHhkMEhsK3NYOTdZdz09,13.0,Par: MONSUN  et MAIDEN TOWER (GROOM DANCER),2.L (Corde:10),,DARLEY SNC,A. FABRE (S),MICKAEL  BARZALONA,56 kg,137.280,,,,,,DARLEY STUD MANAGEMENT CO. LTD
18,1,dylan thomas ire m.ps. 4 a.,c2hTVHkvbXJ6clRTR3UwTlZMRDJOUT09,2.0,Par: DANEHILL  et LAGRION (DIESIS),(Corde:06),,MME JOHN MAGNIER/MICHAEL TABOR,AP. O'BRIEN,KIEREN-FRANCIS  FALLON,"59,5kg",1.142.800,,,,,1.0,TOWER BLOODSTOCK
24,7,mandesha  f.ps. 4 a.,c2l4MEFnMXRsRHkvRnJLeVk2dXNCQT09,6.0,Par: DESERT STYLE  et MANDALARA (LAHIB),3/4 (Corde:03),,PCSSE ZAHRA  AGA KHAN,A.DE ROYER DUPRE,CHRISTOPHE  SOUMILLON,58 kg,,,,,,,PCSSE Z. AGA KHAN
323,--,strategic choice usa m.ps. 4 a.,c2p5TFNQcW5Hc0dyeVZQcWhoZVB4Zz09,2.0,Par: ALLEGED  et DANLU (DANZIG),(Corde:05),,SIR MARTYN  ARBIB,PFI. COLE,THOMAS-RICHARD  QUINN,"59,5kg",,,,,,,SIR M. ARBIB
72,1,sea the stars ire m.ps. 3 a.,c3NOZGpYL21vTnJBVXo4NXJaZWdRdz09,18.0,Par: CAPE CROSS  et URBAN SEA (MISWAKI),(Corde:06),,CHRISTOPHER  TSUI,J. OXX,MR MICHAEL J.  KINANE,56 kg,2.285.600,,,,,,SUNDERLAND HOLDING INC.
122,1,solemia (ire) f.ps. 4 a.,c3NrdkxkRTJ2bnpBU1Jkckt1M2VkQT09,10.0,Par: POLIGLOTE  et BROOKLYN'S DANCE (SHIRLEY HEIGHTS),(Corde:06),,WERTHEIMER & FRERE,C. LAFFON-PARIAS,OLIVIER  PESLIER,58 kg,2.285.600,,87.995,,,,WERTHEIMER & FRERE
456,--,kamsin ger m.ps. 3 a.,cE5mVGNibzZ2UDF3NjV2cGZ1a1VvUT09,13.0,Par: SAMUM  et KAPITOL (WINGED LOVE),(Corde:12),,STALL BLANKENESE,P. SCHIERGEN,JOHAN  VICTOIRE,56 kg,,,,S,,,GESTUT KARLSHOF
118,--,radevore gb m.ps. 3 a.,cE5pUUoxSitwdGM5STNUR3VmUGV5UT09,9.0,Par: GENEROUS  et BLOUDAN (DAMASCUS),(Corde:02),,SUC. KHALID  ABDULLAH,A. FABRE,MR SYLVAIN  GUILLOT,56 kg,,,,,,,JUDDMONTE FARMS IRELAND
415,2,el condor pasa usa m.ps. 4 a.,cEZDR25PdjRiTEk2OUlsVmgvS1VHQT09,5.0,Par: KINGMAMBO  et SADDLERS GAL (SADLER'S WELLS),1/2 (Corde:01),,TAKASHI  WATANABE,Y. NINOMIYA,MASAYOSHI  EBINA,"59,5kg",243.918,,,,,,T. WATANABE
160,--,shemaka ire f.ps. 3 a.,cG9yMjJwcktlSks4SkprUk9adHJxZz09,0.0,Par: NISHAPOUR  et SHASHNA (BLAKENEY),(Corde:03),,S.A.   AGA KHAN,A.DE ROYER DUPRE,GERALD  MOSSE,"54,5kg",,,,,,,S.A.  AGA KHAN
23,6,saddex (gb) m.ps. 4 a.,cHFPQXFzVytvaGpaTXN5WTN2WjRTdz09,4.0,Par: SADLER'S WELLS  et REMOTE ROMANCE (IRISH RIVER),4.L (Corde:02),,STALL AVENA,P. RAU,MR TORSTEN  MUNDRY,"59,5kg",,,,,,,SUC. S. NIARCHOS
295,--,kris kin usa m.ps. 3 a.,cTBPNGc4VW10WnRzT3FYNld2RGNmUT09,13.0,Par: KRIS S  et ANGEL IN MY HEART (RAINBOW QUEST),(Corde:02),,SAEED  SUHAIL,SIR MR. STOUTE,KIEREN-FRANCIS  FALLON,56 kg,,,,,,2.0,FLAXMAN HOLDINGS LTD
413,12,fierement jpn m.ps. 4 a.,cTI2WHFvOXhGY0pXUmJCSDBpRWgyQT09,6.0,Par: DEEP IMPACT  et LUNE D'OR (GREEN TUNE),15L (Corde:02),,SUNDAY RACING CO. LTD,T. TEZUKA,CHRISTOPHE-PATRICE  LEMAIRE,"59,5kg",,,,,,,NORTHERN RACING
48,3,ulysses ire m.ps. 4 a.,cTd4UlF5R2FGTnRpR0tlNjRWY3RDdz09,4.0,Par: GALILEO  et LIGHT SHIFT (KINGMAMBO),5/4 (Corde:01),,FLAXMAN ST. IRE/CHEVELEY P.S.,SIR MR. STOUTE,JAMES VINCENT  CROWLEY,"59,5kg",571.500,,,,,,FLAXMAN STABLES IRELAND L.T.D
360,--,wiener walzer ger m.ps. 4 a.,cWNmWU43djZIbDhsSVhzQ3BrWlJ1UT09,5.0,Par: DYNAFORMER  et WALZERKOENIGIN (KINGMAMBO),(Corde:06),,GESTUT SCHLENDERHAN,J. HIRSCHBERGER,TOM P.  QUEALLY,"59,5kg",,,,,,,GESTUT SCHLENDERHAN
422,--,albaran ger m.ps. 6 a.,cWczYkxoRXhVS0JtamoxOE9xM0FPQT09,3.0,Par: SURE BLADE  et ARAQUEEN (KONIGSSTUHL),(Corde:12),,STALL ALBARAN,MME C. ERICHSEN,JANOS  TANDARI,"59,5kg",,,,,,,GESTUT ERLENGRUND
335,7,latice (ire) f.ps. 3 a.,cWo2SFE1QTN4MzFMcVdlMjN6cjUydz09,19.0,Par: INCHINOR  et LARAMIE (GULCH),CTE (Corde:13),,ENRICO  CIAMPI,JM. BEGUIGNE,MR MICHAEL J.  KINANE,"54,5kg",,,,,,,PETRA BLOODSTOCK AGENCY LTD
425,--,daryaba ire f.ps. 3 a.,cit6d2drLzlXUjZlWjJpQ2pTemJwUT09,12.0,Par: NIGHT SHIFT  et DARATA (VAYRANN),(Corde:03),,S.A.   AGA KHAN,A.DE ROYER DUPRE,GERALD  MOSSE,"54,5kg",,,,,,,S.A.  AGA KHAN
283,1,dalakhani ire m.ps.+,ckY1NENrK295WjZodi9ZOVFBWjhVZz09,8.0,Par: DARSHAAN  et DALTAWA (MISWAKI),(Corde:14),,S.A.   AGA KHAN,A.DE ROYER DUPRE,CHRISTOPHE  SOUMILLON,56 kg,914.24,,,,,3.0,S.A.  AGA KHAN
102,--,norse dancer ire m.ps. 5 a.,clRYN3ZBc0RQb2JoTEdUSHJZamthUT09,6.0,Par: HALLING  et RIVER PATROL (ROUSILLON),(Corde:05),,JEFFREY COLIN  SMITH,DRC. ELSWORTH,JOHN  EGAN,"59,5kg",,,,,,,"B. FAUST, R. ERGNST"
296,NP,FONTANESI,cldpOTRyUFpIeTNTdlNFZzJGTXNPZz09,12.0,CERTIFICAT VETERINAIRE,,,,,,,,,,,,,
61,16,satono noblesse jpn m.ps. 7 a.,cnphcHp4eGdSNHFJOVBFYk05MmZBZz09,10.0,Par: DEEP IMPACT  et CRY WITH JOY (TONY BIN),1/2 (Corde:05),,HAJIME  SATOMI,Y. IKEE,YUGA  KAWADA,"59,5kg",,,,,,3.0,MEJIRO STUD
451,10,meisho samson jpn m.ps. 5 a.,czMzdVMvOTdNaTU4V1cvaHFUeU5kZz09,5.0,Par: OPERA HOUSE  et MY VIVIEN (DANCING BRAVE),CTT (Corde:04),,YOSHIO  MATSUMOTO,S. TAKAHASHI,YUTAKA  TAKE,"59,5kg",,,,,,,K. HAYASHI
41,12,left hand (gb) f.ps. 3 a.,czU4dVB6aEQxV01OeGNYMFpuaW11Zz09,16.0,Par: DUBAWI  et BALLADEUSE (SINGSPIEL),1.L (Corde:15),,WERTHEIMER & FRERE,C. LAFFON-PARIAS,MAXIME  GUYON,"54,5kg",,,,,,,WERTHEIMER & FRERE
191,10,royal julius ire m.ps. 7 a.,czliWEdqRDNROWtwMmtHMThuN3JEdz09,2.0,Par: ROYAL APPLAUSE  et HFLAH (DUBAWI),3/4 (Corde:08),,JEAN-JACQUES  BIARESE,J. REYNIER,SHANE  FOLEY,"59,5kg",,,,,,,OLD CARHUE STUD
88,--,carthage  m.ps. 3 a.,d0VXamJZZGlFTjVNY2pXbFRYRWRJUT09,13.0,Par: PEINTRE CELEBRE  et BEHKARA (KRIS),(Corde:15),,S.A.   AGA KHAN,A.DE ROYER DUPRE,GERALD  MOSSE,56 kg,,,,,,,S.A.  AGA KHAN
398,--,idaho quest gb m.ps. 4 a.,d0Z1Y0VKZ3pMTEV4ZXdzTG1tem94QT09,6.0,Par: RAINBOW QUEST  et JAVANDRA (LYPHARD),(Corde:02),,PETER-HOLM  LASSEN,HA. PANTALL,MR THIERRY  THULLIEZ,"59,5kg",,,,S,,,JUDDMONTE FARMS IRELAND
54,9,winter ire f.ps. 3 a.,d2huMXJ6SFNpbkR6aXNzUUlnZ2tlUT09,18.0,Par: GALILEO  et LADDIES POKER TWO (CHOISIR),ENC (Corde:08),,MME J. MAGNIER/M.TABOR/D.SMITH,AP. O'BRIEN,RYAN-LEE  MOORE,55 kg,,,,,,,LADDIES POKER TWO SYNDICATE
138,--,ernest hemingway ire m.ps. 3 a.,d2krK3hvYUhLdlRLZjZMTzRZK2FnUT09,15.0,Par: GALILEO  et CASSYDORA (DARSHAAN),(Corde:04),,MME J. MAGNIER/M.TABOR/D.SMITH,AP. O'BRIEN,COLM  O'DONOGHUE,56 kg,,,,,,1.0,BARRONSTOWN STUD
313,1,lammtarra usa m.ps. 3 a.,d3ZkNDdhdEIwU291cEMydDdRc3NqQT09,12.0,Par: NIJINSKY  et SNOW BRIDE (BLUSHING GROOM),(Corde:07),,SAEED MAKTOUM  AL MAKTOUM,S. BIN SUROOR,LANFRANCO  DETTORI,56 kg,609.796,,,,,,GAINSBOROUGH FARM INC.
178,16,hunting horn ire m.ps. 3 a.,d3cyTC9aMW9MbnFkUk9JVUpYVzhyQT09,16.0,Par: CAMELOT  et MORA BAI (INDIAN RIDGE),4.5 (Corde:12),,MME J. MAGNIER/M.TABOR/D.SMITH,AP. O'BRIEN,JAMES-ANTHONY  HEFFERNAN,"56,5kg",,,,,,3.0,"LYNCH-BAGES LTD,  RHINESTONE BLOODSTOCK"
385,1,sakhee usa m.ps. 4 a.,dFdtYXAvbk1SMUxyOHI0L1R5U1NpQT09,3.0,Par: BAHRI  et THAWAKIB (SADLER'S WELLS),(Corde:15),,GODOLPHIN,S. BIN SUROOR,LANFRANCO  DETTORI,"59,5kg",914.694,,,,,,SHADWELL FARM
399,--,honorifique  f.ps. 4 a.,dThvdkVybk85bHlNd0FTd3J0eWROUT09,8.0,Par: HIGHEST HONOR  et DANCEREINE (GROOM DANCER),(Corde:12),,JEAN-PIERRE  MIO,ROD. COLLET,THIERRY  GILLET,58 kg,,,,,,,SUC. B.DE TARRAGON
121,TB,polaris flight usa m.ps. 3 a.,dUJXR1p5ci8wNnNDazZ5R0NxengyUT09,11.0,Par: NORTHERN FLAGSHIP  et ANYTIMEATALL (IT'S FREEZING),(Corde:15),,MITAAB  BIN ABDULLAH,PW. CHAPPLE-HYAM,MR JOHN-ANDREW  REID,56 kg,,,,,,,B. VAN DEN DOOL
357,9,liang kay ger m.ps. 5 a.,dVd3OUVvWCtrdnFxcVVyMWRWNHNmdz09,10.0,Par: DAI JIN  et LINTON BAY (FUNAMBULE),4.L (Corde:20),,STALL EMINA,U. OSTMANN,STEPHANE  PASQUIER,"59,5kg",,,,,,,MME IE. ZIMMERMANN
366,--,midas touch gb m.ps. 3 a.,dVl6cnIxd1ZTSlg0TVZJK0g4QnVKZz09,18.0,Par: GALILEO  et APPROACH (DARSHAAN),(Corde:18),,MAGNIER/TABOR/SMITH/DENFORD,AP. O'BRIEN,JAMES-ANTHONY  HEFFERNAN,56 kg,,,,,,1.0,BELGRAVE BLOODSTOCK
194,NP,SOVEREIGN,dVloNTQvczdqZUlRWWxqZjI2Tksxdz09,5.0,CAS DE FORCE MAJEURE,,,,,,,,,,,,,
293,--,first charter gb m.ps. 4 a.,dW05aEZtVHNwbEVzSkNsblZ0UWFDdz09,6.0,Par: POLISH PRECEDENT  et BY CHARTER (SHIRLEY HEIGHTS),(Corde:12),,SAEED  SUHAIL,SIR MR. STOUTE,BRETT  DOYLE,"59,5kg",,,,S,,2.0,W. & R. BARNETT LTD
407,6,soft light  m.ps. 3 a.,dlFLNFhzN2c3WStrNWd3a090Zy9pQT09,11.0,Par: AUTHORIZED  et LIGHT SABER (KENDOR),3.5 (Corde:06),,CLAUDIO  MARZOCCO,JC. ROUGET (S),YUTAKA  TAKE,"56,5kg",,,,S,,,"SARL  JEDBURGH STUD,MME I. CORBANI"
177,15,defoe ire h.ps. 4 a.,dytmNjY1aXBDZzhnc1R2U2VlTk42dz09,1.0,Par: DALAKHANI  et DULKASHE (PIVOTAL),1/2 (Corde:18),,CHEIK MOHAMMED OBAID  AL MAKTOUM,R. VARIAN,ANDREA  ATZENI,"59,5kg",,,,,,,DARLEY STUD MANAGEMENT CO. LTD
367,DI,planteur (ire) m.ps. 3 a.,eEhRbUt5dzMvaHNCVGVUM01xL1JMQT09,16.0,Par: DANEHILL DANCER  et PLANTE RARE (GIANT'S CAUSEWAY),2.L (Corde:07),,ECURIE WILDENSTEIN,E. LELLOUCHE,ANTHONY  CRASTUS,56 kg,,,,,,2.0,DAYTON INVESTMENTS LTD
157,--,garden of heaven usa m.ps. 4 a.,eElsRDdPZm9sSnlWMm04OFZpVWxwdz09,0.0,Par: ARCTIC TERN  et GARDEN OF EDEN (EXBURY),(Corde:22),,B. H.  VOAK,CE. BRITTAIN,THOMAS-RICHARD  QUINN,59 kg,,,,,,,E. SELTZER
45,16,the grey gatsby (ire) m.ps. 5 a.,eGEzek1uazFKVHQvbHIvWTJPMzlRUT09,6.0,Par: MASTERCRAFTSMAN  et MARIE VISON (ENTREPRENEUR),5/4 (Corde:02),,FRANCIS JOSEPH  GILLESPIE,KA. RYAN,JAMES WILLIAM  DOYLE,"59,5kg",,,,,,,M. PARRISH
43,14,makahiki jpn m.ps. 3 a.,eGFJU09vRmZhSTNoWmhCam95UkNWUT09,14.0,Par: DEEP IMPACT  et WIKIWIKI (FRENCH DEPUTY),3.L (Corde:14),,KANEKO MAKOTO HOLDINGS CO. LTD,Y. TOMOMICHI,CHRISTOPHE-PATRICE  LEMAIRE,56 kg,,,,,,,KANEKO MAKOTO HOLDINGS INC.
110,5,luna wells (ire) f.ps. 3 a.,eGZRRkMybVdVeEJBZnlVVnU1ZDczZz09,15.0,Par: SADLER'S WELLS  et LUNADIX (BRETON),1.5 (Corde:09),,SNC   LAGARDERE ELEVAGE,A. FABRE,MR THIERRY  THULLIEZ,"54,5kg",30.49,,4.764,,,,SNC  LAGARDERE ELEVAGE
184,3,persian king (ire) m.ps. 4 a.,eHZpS0hMSTB6OHFVZTlQMmZUTWY4dz09,1.0,Par: KINGMAN  et PRETTY PLEASE (DYLAN THOMAS),7/4 (Corde:07),,BALLYMORE/GODOLPHIN SNC,A. FABRE (S),PIERRE-CHARLES  BOUDOT,"59,5kg",385.419,,18.209,,,,DAYTON INVESTMENTS LTD
247,15,chicquita (ire) f.ps. 4 a.,eTNtTHY4SXAxczc5ajZOTVp0OWxMZz09,9.0,Par: MONTJEU  et PRUDENZIA (DANSILI),1.5 (Corde:18),,D.SMITH/MME J.MAGNIER/M.TABOR,AP. O'BRIEN,JOSEPH PATRICK  O'BRIEN,58 kg,,,,,,,MONCEAUX / SKYMARC
365,--,lope de vega ire m.ps. 3 a.,eTRZem96TFdpWjd0SXNHWU92R1h5Zz09,17.0,Par: SHAMARDAL  et LADY VETTORI (VETTORI),(Corde:13),,GESTUT AMMERLAND,A. FABRE,MAXIME  GUYON,56 kg,,,,S,,,GESTUT AMMERLAND
149,10,market booster usa f.ps. 4 a.,eVh6UmRFeUhzVlVZWkxUcDN0WEh6dz09,0.0,Par: GREEN DANCER  et FINAL FIGURE (SUPER CONCORDE),1/2 (Corde:20),,MOYGLARE STUD FARM LTD,DK. WELD,MR MICHAEL J.  KINANE,"57,5kg",,,,,,,MOYGLARE STUD FARM LTD
124,3,masterstroke usa m.ps. 3 a.,eXB6YklZaWpoeitGVlN5Tko5MWdyQT09,14.0,Par: MONSUN  et MELIKAH (LAMMTARRA),7.L (Corde:17),,DARLEY SNC,A. FABRE,MICKAEL  BARZALONA,56 kg,457.200,,,,,,DARLEY STUD MANAGEMENT CO. LTD
259,7,Daring Miss,ejAwT1hiTXcwNk5VdEttdSs5R1lUdz09,,,,,,ANDRE FABRE,CHRISTOPHE SOUMILLON,,,,,,,,
76,5,dar re mi gb f.ps. 4 a.,ekZpcjZmZk0wQ3dudmlQTGpnc2M1dz09,10.0,Par: SINGSPIEL  et DARARA (TOP VILLE),1.L (Corde:02),,LORD   LLOYD WEBBER,J. GOSDEN,JIMMY  FORTUNE,58 kg,114.400,,,,,,WATERSHIP DOWN STUD
68,5,irish wells  m.ps. 3 a.,ekhsYzRqakZGTE1oOTR6SjBlSmQ5Zz09,7.0,Par: POLIGLOTE  et SIGN OF THE VINE (KENDOR),CTE (Corde:07),,BEREND  VAN DALFSEN,F. ROHAUT (S),MR DOMINIQUE  BOEUF,56 kg,57.200,,4.404,,,,EIGHT INTERNATIONAL RACING LTD
427,--,cerulean sky ire f.ps. 3 a.,eko4SkZmckJnYkRIcDlrdlUxZEQzdz09,14.0,Par: DARSHAAN  et SOLO DE LUNE (LAW SOCIETY),(Corde:09),,R.C.  STRAUSS,ROB. COLLET,MR SYLVAIN  GUILLOT,"54,5kg",,,,,,,KILFRUSH STUD FARM
104,--,voltmeter (ire) m.ps. 3 a.,enhhcm8wMHljS0QrQ1pZSDVoUzNYUT09,10.0,Par: GIANT'S CAUSEWAY  et VERVEINE (LEAR FAN),(Corde:12),,ECURIE WILDENSTEIN,E. LELLOUCHE,MR THIERRY  THULLIEZ,56 kg,,,,,,1.0,DAYTON INVESTMENTS LTD
