id,nom,sexe,naissance,race,pays,info,infoyear
SHpmdDVUam5PNDMyOTJuWDJBVUFidz09,GOLDEN HORN,,0,,,golden horn gb m.ps. 3 a.,2015
d29nU2FtRTVHbGN3NGl5S2JOUlljdz09,FLINTSHIRE,M,2010,PS,GB,flintshire gb m.ps. 5 a.,2015
bDVMa1gxTS9QbEY5ZncyMWpCVnU4Zz09,NEW BAY,M,2012,PS,GB,new bay gb m.ps. 3 a.,2015
d2JMa2NYejhOVDh1OUMzNW9CT2c4UT09,TREVE,F,2010,PS,FR,treve  f.ps. 5 a.,2015
ajVkellKNDFIQnFMQVVmVzVnSmt6dz09,ERUPT,M,2012,PS,IRE,erupt (ire) m.ps. 3 a.,2015
SGJDenBYdWpaWXFERUJ6eWRBU1lNUT09,FREE EAGLE,M,2011,PS,IRE,free eagle ire m.ps. 4 a.,2015
T0FSOXFzQ0VpbVNickZvcm15c0FvQT09,PRINCE GIBRALTAR,M,2011,PS,FR,prince gibraltar  m.ps. 4 a.,2015
aGV3WlRQYWh4aHhuZmdWYVJ4M2dWZz09,SILJAN'S SAGA,F,2010,PS,FR,siljan's saga  f.ps. 5 a.,2015
RjBiUHlWMCs1OFJJb3NOd09HdytWdz09,FOUND,F,2012,PS,IRE,found ire f.ps. 3 a.,2015
eElISExrSmJ5bTJud3BsV0hIa09xdz09,SILVERWAVE,M,2012,PS,FR,silverwave  m.ps. 3 a.,2015
Y29qVCtTMmJzQXhZYzdvR1A5aVpUQT09,MANATEE,M,2011,PS,GB,manatee gb m.ps. 4 a.,2015
WERKQUcxZHlmWnphSys3SjB4bXJSZz09,SPIRITJIM,M,2010,PS,FR,spiritjim  m.ps. 5 a.,2015
WWRNU2l1QUQ4YktjMkZQUFBJRysrdz09,DOLNIYA,F,2011,PS,FR,dolniya  f.ps. 4 a.,2015
U3ErcmtqUjhsRDdPS0FheXdpNlBVQT09,FRINE,F,2010,PS,IRE,frine ire f.ps. 5 a.,2015
Y1puWTl6ZGpLY2Fvd3UyTmMwQVhlZz09,EAGLE TOP,M,2011,PS,GB,eagle top gb m.ps. 4 a.,2015
a3ZsWE50QllNQ2p2M1hxM2pUQ2d2QT09,TAPESTRY,F,2011,PS,IRE,tapestry ire f.ps. 4 a.,2015
ZkZBbmwrWCt6TklKTHgzOCs5bnd5Zz09,SHAHAH,F,2012,PS,GB,shahah gb f.ps. 3 a.,2015
SCtLRU5VVkVkK1ZGMjVBamZTWTZFUT09,MELEAGROS,M,2009,PS,IRE,MELEAGROS,2015
c2hTVHkvbXJ6clRTR3UwTlZMRDJOUT09,DYLAN THOMAS,,0,,,dylan thomas ire m.ps. 4 a.,2007
NnhGZ1B4bXkxSGtiYVFyMG9pN0cyQT09,YOUMZAIN,M,2003,PS,IRE,youmzain ire m.ps. 4 a.,2007
QU9BR0xQQzRVK3BVSjBVS0tHaWVZUT09,SAGARA,,0,,,sagara usa m.ps. 3 a.,2007
OWEvTkFId2VXV0hCOG9oaERMTXE1Zz09,GETAWAY,M,2003,PS,GER,getaway ger m.ps. 4 a.,2007
TlVwdUJtc1N6SEFGZk1aTThYYVRGdz09,SOLDIER OF FORTUNE,M,2004,PS,IRE,soldier of fortune ire m.ps. 3 a.,2007
cHFPQXFzVytvaGpaTXN5WTN2WjRTdz09,SADDEX,,0,,,saddex (gb) m.ps. 4 a.,2007
c2l4MEFnMXRsRHkvRnJLeVk2dXNCQT09,MANDESHA,,0,,,mandesha  f.ps. 4 a.,2007
L1Z1bVhvZ3VMNlQ5eDdOYVJVRXU2dz09,ZAMBEZI SUN,M,2004,PS,GB,zambezi sun gb m.ps. 3 a.,2007
Mks0bm96Y3ZwNyt2SUp4WE45V1l2Zz09,DRAGON DANCER,,0,,,dragon dancer gb m.ps. 4 a.,2007
MGVYS2YwbTVFUHpuMmlSejNvOUNYQT09,AUTHORIZED,,0,,,authorized ire m.ps. 3 a.,2007
OUFyT1lLKzMxNVBUVG5oSk4xME9JUT09,SONG OF HIAWATHA,,0,,,SONG OF HIAWATHA GB M.PS. 3 a.,2007
QkdLOENhdzBPbllkcm50WWtyVW13Zz09,YELLOWSTONE,,0,,,yellowstone ire m.ps. 3 a.,2007
QUZJRXFPMDJrZGhUM2J2anJBbjlvdz09,HIGHLAND REEL,M,2012,PS,IRE,highland reel ire m.ps. 4 a.,2016
SXFsNEYvUmtRVERCV2RSeE93Skl6UT09,ORDER OF ST GEORGE,M,2012,PS,IRE,order of st george ire m.ps. 4 a.,2016
N3labVdLZXlaZHA2YVhtb2RrUmFidz09,POSTPONED,M,2011,PS,IRE,postponed ire m.ps. 5 a.,2016
RWR5RWt3QWVRWFdnRitibDhxbGh0UT09,ONE FOOT IN HEAVEN,H,2012,PS,IRE,one foot in heaven (ire) h.ps. 4 a.,2016
bDZjOTYzdnkvRUliV3dyKzYzMDZZZz09,SAVOIR VIVRE,M,2013,PS,IRE,savoir vivre ire m.ps. 3 a.,2016
ZlVKV1p1aVFreVFka3pCOWVHc3Jsdz09,HARZAND,M,2013,PS,IRE,harzand ire m.ps. 3 a.,2016
TnQrMC85ZWdnMFJtZ0ZRbEZyLzJUQT09,VEDEVANI,M,2013,PS,FR,vedevani  m.ps. 3 a.,2016
Z2I5elZrWUt2dW1KQ0lvb2lvVFhTdz09,TALISMANIC,M,2013,PS,GB,talismanic gb m.ps. 3 a.,2016
czU4dVB6aEQxV01OeGNYMFpuaW11Zz09,LEFT HAND,F,2013,PS,GB,left hand (gb) f.ps. 3 a.,2016
eGFJU09vRmZhSTNoWmhCam95UkNWUT09,MAKAHIKI,M,2013,PS,JPN,makahiki jpn m.ps. 3 a.,2016
Rk1Hd2ZZNXgza0VvaHg5S01kZjBkUT09,MIGWAR,,0,,,migwar (ire) m.ps. 4 a.,2016
eGEzek1uazFKVHQvbHIvWTJPMzlRUT09,THE GREY GATSBY,M,2011,PS,IRE,the grey gatsby (ire) m.ps. 5 a.,2016
cHRPK0JXeWl3U2d5a3Y0T0xiSHBQQT09,ENABLE,F,2014,PS,GB,enable gb f.ps. 3 a.,2017
c2FDVXVlclNjNExrNk9ZSjJLaEgwUT09,CLOTH OF STARS,M,2013,PS,IRE,cloth of stars ire m.ps. 4 a.,2017
cTd4UlF5R2FGTnRpR0tlNjRWY3RDdz09,ULYSSES,M,2013,PS,IRE,ulysses ire m.ps. 4 a.,2017
M0FkVEhqWWFwdkMrTWw3VGtTa3VuUT09,BRAMETOT,M,2014,PS,IRE,brametot ire m.ps. 3 a.,2017
K0Z2WXU4MVRkUnBKTjhmRUVNYVRCdz09,DSCHINGIS SECRET,M,2013,PS,GER,dschingis secret ger m.ps. 4 a.,2017
TTFWM04rREc0aTFGcVl2Zyt5dVZJZz09,IQUITOS,M,2012,PS,GER,iquitos ger m.ps. 5 a.,2017
TVhMSVg4TlJHU2EwZFVuVHFsRVVXUT09,IDAHO,M,2013,PS,IRE,idaho ire m.ps. 4 a.,2017
d2huMXJ6SFNpbkR6aXNzUUlnZ2tlUT09,WINTER,F,2014,PS,IRE,winter ire f.ps. 3 a.,2017
bU9FemMxZEZsMUdNdmF1SkFhM3BZZz09,ZARAK,M,2013,PS,FR,zarak  m.ps. 4 a.,2017
NUp0OVJCUU5CVENhQUczcVJ4Y2JpZz09,DOHA DREAM,M,2013,PS,FR,doha dream  m.ps. 4 a.,2017
YXVNNGJ2ejN5Tmh3emJqZ0xocEh3Zz09,PLUMATIC,M,2014,PS,GB,plumatic (gb) m.ps. 3 a.,2017
NHZoWlVHMUxmNmFIeUdTa09jbDB5dz09,SEVENTH HEAVEN,,0,,,seventh heaven ire f.ps. 4 a.,2017
WFRSdmloSlRtRmJXNGtORzR4ckFRQT09,SATONO DIAMOND,M,2013,PS,JPN,satono diamond jpn m.ps. 4 a.,2017
cnphcHp4eGdSNHFJOVBFYk05MmZBZz09,SATONO NOBLESSE,M,2010,PS,JPN,satono noblesse jpn m.ps. 7 a.,2017
aVNwNVk4YjBqZis5Yjc4K1NKbHJOZz09,CAPRI,,0,,,capri ire m.ps. 3 a.,2017
TFRBMCs2V2N4RXRvVEJJd20xY2loUT09,RAIL LINK,,0,,,rail link gb m.ps. 3 a.,2006
Ymhld1Y4K1B0Ni81bEU2akFBK0MyZz09,PRIDE,,0,,,pride  f.ps. 6 a.,2006
NXhNQ3U3NHhTQ1k4ZU9tSTc5Qmprdz09,HURRICANE RUN,,0,,,hurricane run ire m.ps. 4 a.,2006
K3JEdDhSdVhKdENiTUZtUzllY0JuQT09,BEST NAME,,0,,,best name gb m.ps. 3 a.,2006
ekhsYzRqakZGTE1oOTR6SjBlSmQ5Zz09,IRISH WELLS,,0,,,irish wells  m.ps. 3 a.,2006
WlJ2TStIa2d5ODFaTDFqRk5sbG8xZz09,SIXTIES ICON,,0,,,sixties icon gb m.ps. 3 a.,2006
UE5CN0FVb2pEckhpVU1NeWNFNHNDQT09,SHIROCCO,,0,,,shirocco ger m.ps. 5 a.,2006
YW1OcVc4TjVIS251TndRQU52YUpwZz09,DEEP IMPACT,,0,,,deep impact jpn m.ps. 4 a.,2006
c3NOZGpYL21vTnJBVXo4NXJaZWdRdz09,SEA THE STARS,M,2006,PS,IRE,sea the stars ire m.ps. 3 a.,2009
U3VRd1hQLzVTU3hVRW9iTkVCTVlkUT09,CAVALRYMAN,M,2006,PS,GB,cavalryman gb m.ps. 3 a.,2009
SXRnUEJUcVJTcjZpSkY2ZHJCZzZsQT09,CONDUIT,M,2005,PS,IRE,conduit ire m.ps. 4 a.,2009
ekZpcjZmZk0wQ3dudmlQTGpnc2M1dz09,DAR RE MI,F,2005,PS,GB,dar re mi gb f.ps. 4 a.,2009
UE15eDlDeGYrMHBMcDRYTEJZaHk3dz09,FAME AND GLORY,,0,,,fame and glory gb m.ps. 3 a.,2009
THhiOWRPeDdkdHRkMFpuSkdhRDZGUT09,LA BOUM,F,2003,PS,GER,la boum ger f.ps. 6 a.,2009
bE9rbXV0dDVxcEtrSzMrUmo1dzBJQT09,STACELITA,F,2006,PS,FR,stacelita  f.ps. 3 a.,2009
OUdvYWhXcTdneHpmSGVNc3ZaMERxZz09,MAGADAN,M,2005,PS,IRE,magadan ire m.ps. 4 a.,2009
RkdjY3JKQldKa3lmQjkxaTkxNGYxUT09,VISION D'ETAT,M,2005,PS,FR,vision d'etat  m.ps.+,2009
SlFKWldCajFReWxLNG1wbnNYbldDZz09,THE BOGBERRY,M,2005,PS,USA,the bogberry usa m.ps. 4 a.,2009
TWNvYXlyZytKS1pqaGpVbG01bE1LQT09,STEELE TANGO,M,2005,PS,USA,steele tango usa m.ps. 4 a.,2009
aElqYUloS2ZkRzRIVFZXUmpBRTlRUT09,TULLAMORE,M,2005,PS,USA,TULLAMORE USA M.PS. 4 a.,2009
WTh4VFBlSHE5RWZCZEh2OFFWRmxGUT09,HOT SIX,M,2005,PS,BRZ,hot six brz m.ps. 4 a.,2009
T21FMkpQRDZnRzYvZXRZRHR5VUFCdz09,TANGASPEED,F,2005,PS,FR,tangaspeed  f.ps. 4 a.,2009
d0VXamJZZGlFTjVNY2pXbFRYRWRJUT09,CARTHAGE,M,2006,PS,FR,carthage  m.ps. 3 a.,2009
MlN2ZHRiU1VFcFllandZYmh1SFF1dz09,SET SAIL,M,2006,PS,IRE,set sail ire m.ps. 3 a.,2009
UTBLamNvYSs0QnZrWHJESXc2WDVkZz09,GRAND DUCAL,M,2006,PS,IRE,grand ducal ire m.ps. 3 a.,2009
NkRXM3c5TUloZ3BMSExvbkdyS2g4QT09,WESTERNER,,0,,,westerner (gb) m.ps. 6 a.,2005
NzJIVnlBNlFhRzlic3JDWmFTZ1M5dz09,BAGO,,0,,,bago  m.ps. 4 a.,2005
VnlRVW1Ic29FNlUyWENoZlk2a3JDZz09,MOTIVATOR,,0,,,motivator gb m.ps. 3 a.,2005
ZEwrQmZLa2NhOUQ4emlFVkdUZTlZUT09,SHAWANDA,,0,,,shawanda ire f.ps. 3 a.,2005
MFgydTJBQmZoaUdDTVZKaTdDUkFCUT09,WARRSAN,,0,,,warrsan ire m.ps. 7 a.,2005
dWFMZFVIYkVPaHBSMlNDM1BlbVNLQT09,MUBTAKER,,0,,,mubtaker usa m.ps. 8 a.,2005
K2tUZEFqcU5ZREVYZ0tvMlNLUXo0dz09,SCORPION,,0,,,scorpion ire m.ps. 3 a.,2005
QmV0ckRkNXI0Q0JseWNnMDhsQVNxdz09,CHERRY MIX,,0,,,cherry mix  m.ps. 4 a.,2005
clRYN3ZBc0RQb2JoTEdUSHJZamthUT09,NORSE DANCER,,0,,,norse dancer ire m.ps. 5 a.,2005
Zk85ZCtxNkpUaUhtSm0xOVVwSTZBQT09,SAMANDO,,0,,,samando  f.ps.+,2005
enhhcm8wMHljS0QrQ1pZSDVoUzNYUT09,VOLTMETER,,0,,,voltmeter (ire) m.ps. 3 a.,2005
V0pnQWFmbjdyM2hGREtoWmk5UnpXdz09,WINDYA,,0,,,windya  f.ps. 3 a.,2005
NVRMa3p3MjduelJRSUxRRU0vU2xQZz09,HELISSIO,,0,,,helissio  m.ps. 3 a.,1996
T1FSUTdXMWFzaEhxc2lINnVXTFFHZz09,PILSUDSKI,,0,,,pilsudski ire m.ps. 4 a.,1996
ZUNocmNGWVFTME9hN24zRjFwQy9MZz09,OSCAR SCHINDLER,,0,,,oscar schindler ire m.ps. 4 a.,1996
ZWhsREtNSWVCN0FBVUlKcmhUR2szQT09,SWAIN,,0,,,swain ire m.ps. 4 a.,1996
eGZRRkMybVdVeEJBZnlVVnU1ZDczZz09,LUNA WELLS,,0,,,luna wells (ire) f.ps. 3 a.,1996
TVVVTlREMCtHTGlhVDY2eTVOQWgwZz09,LE DESTIN,,0,,,le destin  m.ps. 3 a.,1996
MWdFM0xSdlRUanY2YU56bGdNb0N1UT09,SHAAMIT,,0,,,shaamit ire m.ps.+,1996
R2VBaHVicytuVkNpN2pZYzNWdWlNZz09,LEEDS,,0,,,leeds (ire) m.ps.+,1996
SWlKZFJ5a3FkSGdDcHdmQVo4RmowQT09,LEONILA,,0,,,leonila ire f.ps. 3 a.,1996
VUpUUWx4a3QyTmpiVVZzT0JoK3Q4QT09,PENTIRE,,0,,,pentire gb m.ps. 4 a.,1996
WXJuYlN5MGZ6clFyZmhvQjJ0RklVUT09,TAMURE,,0,,,tamure ire m.ps. 4 a.,1996
VUEzZ2xMNUZZd0ZBb2dvU2VHOWtDZz09,CLASSIC CLICHE,,0,,,classic cliche ire m.ps. 4 a.,1996
cE5pUUoxSitwdGM5STNUR3VmUGV5UT09,RADEVORE,,0,,,radevore gb m.ps. 3 a.,1996
bEVjQ24rSEsvSENHckljazNxc2Q5Zz09,DARAZARI,,0,,,darazari ire m.ps. 3 a.,1996
MHNITFFMYS9OR2g5Vkt2RHl6OHpPQT09,ZAGREB,,0,,,zagreb usa m.ps. 3 a.,1996
dUJXR1p5ci8wNnNDazZ5R0NxengyUT09,POLARIS FLIGHT,,0,,,polaris flight usa m.ps. 3 a.,1996
c3NrdkxkRTJ2bnpBU1Jkckt1M2VkQT09,SOLEMIA,F,2008,PS,IRE,solemia (ire) f.ps. 4 a.,2012
V0swazNFZzMvaCtad3ZUNTdiNmRVUT09,ORFEVRE,M,2008,PS,JPN,orfevre jpn m.ps. 4 a.,2012
eXB6YklZaWpoeitGVlN5Tko5MWdyQT09,MASTERSTROKE,M,2009,PS,USA,masterstroke usa m.ps. 3 a.,2012
alJjOVppdmZJZ2RTaGZFMmVqZVZlUT09,HAYA LANDA,F,2008,PS,FR,haya landa  f.ps. 4 a.,2012
YjIyaXo3a0RGVVNLMjZZVlFacjkyUT09,YELLOW AND GREEN,F,2009,PS,GB,yellow and green gb f.ps.+,2012
TFZLdHZSZEpvVkVNSzlxeWM5dm4vZz09,GREAT HEAVENS,F,2009,PS,GB,great heavens gb f.ps. 3 a.,2012
TjEyUFdzSXRsMGdXaXRCcXZWN3gydz09,CAMELOT,,0,,,camelot gb m.ps. 3 a.,2012
UjRyVVZ3Zi9RSk54WEs0M21IRVB2Zz09,SEA MOON,M,2008,PS,GB,sea moon gb m.ps. 4 a.,2012
Y0pQOFZiSnRDb0syczM2cDdvWjNNdz09,SHARETA,F,2008,PS,IRE,shareta (ire) f.ps. 4 a.,2012
bCtPVWJoQTlRMFNRSG8xd01DdGpuQT09,BAYRIR,M,2009,PS,FR,bayrir  m.ps. 3 a.,2012
dldoMUVGaE40ZlJLN21YaWkwdXhUQT09,ST NICHOLAS ABBEY,M,2007,PS,IRE,st nicholas abbey ire m.ps. 5 a.,2012
YWhNKzJ4SXd1QWl3MHo3Sm9QYjU0dz09,MEANDRE,M,2008,PS,FR,meandre  m.ps. 4 a.,2012
VzlEbGlTN0hBd3ZiMTdDMnJwS05TZz09,MIKHAIL GLINKA,M,2007,PS,IRE,mikhail glinka ire m.ps. 5 a.,2012
QkhLaXpvdlBPbTdCT1MzK1pKWUhwdz09,ROBIN HOOD,,0,,,robin hood ire m.ps. 4 a.,2012
OVpZYW9WQ1g1cHY5RGhsUGxFSGpqQT09,AVENTINO,M,2004,PS,JPN,AVENTINO JPN M.PS. 8 a.,2012
Y1NPME5DajJaSnVhQjgwczVJZlNRQT09,KESAMPOUR,M,2009,PS,FR,kesampour  m.ps. 3 a.,2012
d2krK3hvYUhLdlRLZjZMTzRZK2FnUT09,ERNEST HEMINGWAY,M,2009,PS,IRE,ernest hemingway ire m.ps. 3 a.,2012
YXJKMFBUYzhRSkE5UnhrLzlFNjVnQT09,SAONOIS,M,2009,PS,FR,saonois  m.ps. 3 a.,2012
QVBjY3U4T0hlMHhpcHpRQndEKzQwUT09,URBAN SEA,,0,,,urban sea usa f.ps. 4 a.,1993
R2JzOXpndkhFeWFsWVRHb3dHM0R6Zz09,WHITE MUZZLE,,0,,,white muzzle gb m.ps. 3 a.,1993
Z3hBWVB1RWpmV20xa3MrcnVnVFFkUT09,OPERA HOUSE,,0,,,opera house gb m.ps. 5 a.,1993
alFQYXlRZVR4cmdQZXM3ZVRNM1NSUT09,INTREPIDITY,,0,,,intrepidity gb f.ps. 3 a.,1993
dFhkeERHK0JNRWpQUnQzdTE3dmp4dz09,ONLY ROYALE,,0,,,only royale ire f.ps. 4 a.,1993
UFJyRjg3WkxsaVdXWDllTUtncnhXZz09,BOB'S RETURN,,0,,,bob's return ire m.ps. 3 a.,1993
U0FsaDZKaXQ1M04veHZjZ2g1S0JQQT09,MISIL,,0,,,misil usa m.ps. 5 a.,1993
OVg2WjhoZDJ4alM3VnRwbU9XR1I1Zz09,TALLOIRES,,0,,,talloires usa m.ps. 3 a.,1993
Rm4yclZydUFyWTBBTFNaaDVPN09NUT09,VERT AMANDE,,0,,,vert amande  m.ps. 5 a.,1993
eVh6UmRFeUhzVlVZWkxUcDN0WEh6dz09,MARKET BOOSTER,,0,,,market booster usa f.ps. 4 a.,1993
Z1NpdDJNU085QVJsNGFTNEJCampOZz09,ALWAYS FRIENDLY,,0,,,always friendly gb f.ps. 5 a.,1993
U05CRWlMR0VRUStmRTk1QldwRjFDUT09,ARMIGER,,0,,,armiger gb m.ps. 3 a.,1993
ZHAvNEJLUVBYTG0rdFRIZzR5QnZSdz09,BADOLATO,,0,,,badolato usa m.ps.+,1993
TXBPQlhTdWpIdnE4amFzc3lvd1BtZz09,BRIGHT MOON,,0,,,bright moon usa f.ps.+,1993
eUN1b2p2LzY1blY2Y2NKV2JVWk5YUT09,DANCIENNE,,0,,,dancienne  f.ps. 3 a.,1993
THRoZUJPek96MWVHSmhscGVSWUYxZz09,DARIYOUN,,0,,,dariyoun usa m.ps. 5 a.,1993
cDlLZ3poRWZYOVZ0cVhSKzFSaHVSUT09,EZZOUD,,0,,,ezzoud ire m.ps.+,1993
eElsRDdPZm9sSnlWMm04OFZpVWxwdz09,GARDEN OF HEAVEN,,0,,,garden of heaven usa m.ps. 4 a.,1993
SklKaW9ZV0k2dnlobHR2Wlk0Q1Uydz09,HERNANDO,,0,,,hernando  m.ps. 3 a.,1993
UHVSSUNTdnUreXRTb2RQMVFmSyt3QT09,PLATINI,,0,,,platini ger m.ps. 4 a.,1993
cG9yMjJwcktlSks4SkprUk9adHJxZz09,SHEMAKA,,0,,,shemaka ire f.ps. 3 a.,1993
Q3ZYa212Wmh1MmVkOGtGRUJCZ0EyUT09,USER FRIENDLY,,0,,,user friendly gb f.ps. 4 a.,1993
a01MV1dLUWRObXZaQXlmZS9mZGpSQT09,WEMYSS BIGHT,,0,,,wemyss bight gb f.ps. 3 a.,1993
MnlGN1A4ZHhhYWlLM3ZsVTBZaUhNdz09,SEA OF CLASS,F,2015,PS,IRE,sea of class ire f.ps. 3 a.,2018
RG1DS2Y3R0tTdWJjNmk1ZWpuelpmQT09,WALDGEIST,M,2014,PS,GB,waldgeist gb m.ps. 4 a.,2018
aWtjV3FPTU0yK3ZuSmJldXJCR042Zz09,SALOUEN,M,2014,PS,IRE,salouen ire m.ps. 4 a.,2018
OTE4NWgvczJmSkVIR0ROUnNpa09EZz09,KEW GARDENS,M,2015,PS,IRE,kew gardens ire m.ps. 3 a.,2018
S0RNK2hRbnlXdWM1VE5ZNHAzdno1Zz09,NELSON,,0,,,nelson ire m.ps. 3 a.,2018
Q3Y2c2JyZ0IwdVhVYnhMRnk1UHVFZz09,STUDY OF MAN,M,2015,PS,IRE,study of man ire m.ps. 3 a.,2018
SVBpN2FvMnJyN1hZYkJ2dUNVRWxDUT09,MAGICAL,F,2015,PS,IRE,magical ire f.ps. 3 a.,2018
RlZKZW5yTVkxQ2VLUG1OSTlMMytGZz09,WAY TO PARIS,M,2013,PS,GB,way to paris gb m.ps. 5 a.,2018
Mm9SblZqMzJiYkUyK3EwNkdVTkJ1QT09,TIBERIAN,M,2012,PS,FR,tiberian  m.ps. 6 a.,2018
MGhOQitWN0dBWE1aYWNXbXNQemNKZz09,PATASCOY,H,2015,PS,FR,patascoy  h.ps. 3 a.,2018
dytmNjY1aXBDZzhnc1R2U2VlTk42dz09,DEFOE,H,2014,PS,IRE,defoe ire h.ps. 4 a.,2018
d3cyTC9aMW9MbnFkUk9JVUpYVzhyQT09,HUNTING HORN,M,2015,PS,IRE,hunting horn ire m.ps. 3 a.,2018
RWQ1TlhMdGFJMUhUS0dhQksxc3M1QT09,CLINCHER,M,2014,PS,JPN,clincher jpn m.ps. 4 a.,2018
ZkZSOXRjWEVteXM3QXNBb1A2WUtZUT09,NEUFBOSC,M,2015,PS,FR,neufbosc  m.ps. 3 a.,2018
WEtWMjBnZEtPSmV1SnAyOVg1dkpSUT09,LOUIS D'OR,M,2015,PS,IRE,louis d'or (ire) m.ps. 3 a.,2018
VmpxdVlzR1R1VGNtdUxJOGVxL0VGZz09,SOTTSASS,M,2016,PS,FR,sottsass  m.ps. 4 a.,2020
OEtVY3N1ZmxHVTNwUTlQVWdDdXZDZz09,IN SWOOP,M,2017,PS,IRE,in swoop ire m.ps. 3 a.,2020
eHZpS0hMSTB6OHFVZTlQMmZUTWY4dz09,PERSIAN KING,M,2016,PS,IRE,persian king (ire) m.ps. 4 a.,2020
MHlnYUcrbnUvU0trTU1Gd1krQjhFQT09,GOLD TRIP,M,2017,PS,FR,gold trip  m.ps. 3 a.,2020
L21YajJPdkRTQkVURUtZSnozMm1HUT09,RAABIHAH,F,2017,PS,USA,raabihah usa f.ps. 3 a.,2020
WmxLeERDdTRtZTBTaVFOTnhzY0kwUT09,STRADIVARIUS,,0,,,stradivarius ire m.ps. 6 a.,2020
VEo0Z2ttM2xvSGhIdFV6aUVOUjBIUT09,DEIRDRE,F,2014,PS,JPN,deirdre jpn f.ps. 6 a.,2020
czliWEdqRDNROWtwMmtHMThuN3JEdz09,ROYAL JULIUS,M,2013,PS,IRE,royal julius ire m.ps. 7 a.,2020
aE9ndDRLT1ZtMjZFQkJQb0x6MDZGUT09,CHACHNAK,M,2017,PS,FR,chachnak  m.ps. 3 a.,2020
aER2UWw3NU5WUWlhNHZoRno1Y1FJdz09,JAPAN,M,2016,PS,GB,JAPAN,2020
dVloNTQvczdqZUlRWWxqZjI2Tksxdz09,SOVEREIGN,M,2016,PS,IRE,SOVEREIGN,2020
bkl3RXJaS3dIdXk0OTdjZWFpby93dz09,MOGUL,M,2017,PS,GB,MOGUL,2020
akRHUjRXMk50TFVOcXRFZ3ZYUVU0dz09,SERPENTINE,M,2017,PS,IRE,SERPENTINE,2020
Rm8xbnU4bFU3SkNHTmUvajc2c0xYUT09,INTELLO,M,2010,PS,GER,intello (ger) m.ps. 3 a.,2013
UVFkMzhzblJXZ2pma04rVDRYTGV6dz09,KIZUNA,M,2010,PS,JPN,kizuna jpn m.ps. 3 a.,2013
c0hTZWZ6bWIyRHhkMEhsK3NYOTdZdz09,PENGLAI PAVILION,H,2010,PS,USA,penglai pavilion usa h.ps. 3 a.,2013
Wjl1NWVXZGlWdlI4dUJwSndENFY2QT09,AL KAZEEM,M,2008,PS,GB,al kazeem gb m.ps. 5 a.,2013
T284Ny8xbGpaUUxSQXhJUDcrNTl4dz09,RULER OF THE WORLD,M,2010,PS,IRE,ruler of the world ire m.ps. 3 a.,2013
ZWd4UmkyYTlrK25ZTGRQcFhBWUZ2QT09,GOING SOMEWHERE,M,2009,PS,BRZ,going somewhere brz m.ps. 4 a.,2013
a1hqWDF1YXFCdVFhNm45MjNSMzB5QT09,SAHAWAR,M,2010,PS,FR,sahawar  m.ps. 3 a.,2013
SW1mT05IeUpoYkVjSGl3M3BWbW9Tdz09,LEADING LIGHT,M,2010,PS,IRE,leading light ire m.ps. 3 a.,2013
WWxFUyt2Qmc4djI4VE9PM3FlRTAxQT09,JOSHUA TREE,M,2007,PS,IRE,joshua tree ire m.ps. 6 a.,2013
YzBpaVBQcnZ4Nko1WmRudDg5eUVOUT09,OCOVANGO,M,2010,PS,GB,ocovango gb m.ps. 3 a.,2013
ak04VG9jcmlLQ3gxQ2l5ZExmMGdBUT09,PIRIKA,F,2008,PS,IRE,pirika (ire) f.ps. 5 a.,2013
RWZHOFk2dm1RMytaUCtzTU4xZ0Q3QT09,VERY NICE NAME,M,2009,PS,FR,very nice name  m.ps. 4 a.,2013
WnJNU21TZ1VWeGkwQm1VaERpa2VKdz09,NOVELLIST,M,2009,PS,IRE,NOVELLIST,2013
T29BOHFrSVdxK0RGdGYzejBxNnZ6dz09,PEINTRE CELEBRE,,0,,,peintre celebre usa m.ps. 3 a.,1997
Ri9OeUVIOXBCWmtlSnZLZ3htQm03UT09,BORGIA,,0,,,borgia ger f.ps. 3 a.,1997
RWUra25OV0hpbno0VndHZ2cwTktjZz09,PREDAPPIO,,0,,,predappio gb m.ps. 4 a.,1997
RHo4V2NlSGlxNmVqWVhxZi9mVnpIUT09,QUE BELLE,,0,,,que belle can f.ps. 3 a.,1997
WlBBRkdSeEt6ekVWTUtnMzZKazlmZz09,POSIDONAS,,0,,,posidonas gb m.ps. 5 a.,1997
WSt4QlI4dW1zYWF3VHEyeXhVNjBwUT09,BUSY FLIGHT,,0,,,busy flight gb m.ps. 4 a.,1997
bW1QcVNNQ1YvdHBrWEUyanJuYmRJQT09,STEWARD,,0,,,steward  m.ps. 4 a.,1997
NzRJWHlKM2c2Q2N0RitqNU1UQyszZz09,NOTHIN'LEICA DANE,,0,,,nothin'leica dane aus m.ps. 5 a.,1997
MGV3bEM3OXF1SVRUeWloSlhCRTRsUT09,YOKOHAMA,,0,,,yokohama usa m.ps. 6 a.,1997
RHNZanF6WGpyWi9QcGJER2VERWJnUT09,MY EMMA,,0,,,my emma gb f.ps. 4 a.,1997
K25VT0dkK1preHVuYWlMNGpha3BZdz09,EBADIYLA,,0,,,ebadiyla ire f.ps. 3 a.,1997
TjJRdjZld1RGQWRxTWpubmxFeTd5dz09,QUEEN MAUD,,0,,,queen maud ire f.ps. 3 a.,1997
UU0rT3pmTDFIZVN6MGg5Wm9ISnpFUT09,GAZELLE ROYALE,,0,,,gazelle royale  f.ps. 3 a.,1997
T2ZmWGFFYXYxWWQ2LzBDdXY0WWR5QT09,TAGHROODA,F,2011,PS,GB,taghrooda gb f.ps. 3 a.,2014
MmZuaHFKMHNuc0RzbHJpN1Z3QUhEZz09,KINGSTON HILL,M,2011,PS,GB,kingston hill gb m.ps. 3 a.,2014
aVIvN05EZW12VkNJa3ZyN1dXTU80QT09,HARP STAR,F,2011,PS,JPN,harp star jpn f.ps. 3 a.,2014
RVl2a3lEc1FkYTlvdW1mV0FSRXdOUT09,JUST A WAY,M,2009,PS,JPN,just a way jpn m.ps. 5 a.,2014
REdDazBNSHVPeDUxRzdXNElncFVBQT09,AVENIR CERTAIN,F,2011,PS,FR,avenir certain  f.ps. 3 a.,2014
MlZBWmg3bVdCRmdqQzIxQ0lELzdIUT09,GOLD SHIP,M,2009,PS,JPN,gold ship jpn m.ps. 5 a.,2014
eTNtTHY4SXAxczc5ajZOTVp0OWxMZz09,CHICQUITA,F,2010,PS,IRE,chicquita (ire) f.ps. 4 a.,2014
Mlp1ejhKMHZENFhrUHlqanc5V3NFZz09,ECTOT,M,2011,PS,GB,ectot (gb) m.ps. 3 a.,2014
ZGpkOS83OFFpWmJZWm1VOUdRQzk3dz09,IVANHOWE,M,2010,PS,GER,ivanhowe ger m.ps. 4 a.,2014
c0U5QS90bmdJdFNCV3d6SWhEKzlRUT09,FREE PORT LUX,M,2011,PS,GB,free port lux (gb) m.ps. 3 a.,2014
NmlmTFY0WGZ6bTB0MGI1SkxLa2hwZz09,MONTVIRON,M,2011,PS,FR,MONTVIRON  M.PS. 3 a.,2014
L0QxVDM5Z1RTRngwcVZQRitlVHkyUT09,SINNDAR,,0,,,sinndar ire m.ps.+,2000
bTF0a1pWZWQ3N29CUVFXMTVEM3NBQT09,EGYPTBAND,,0,,,egyptband usa f.ps. 3 a.,2000
ZXh0dk9yUXEzcEJtTXR4SWZTK1drdz09,VOLVORETA,,0,,,volvoreta gb f.ps.+,2000
alRCUjJscmNsR0xuQUFjV2d1cVpOZz09,MONTJEU,,0,,,Montjeu,2000
UWhuTjRaQjZpUGVHT1hLb0NjdVpTQT09,HIGHTORI,,0,,,Hightori,2000
Y0pKZlJPOWFCQkZqTmRpdkZ2Ky9OUT09,SAMUM,,0,,,Samum,2000
ejAwT1hiTXcwNk5VdEttdSs5R1lUdz09,DARING MISS,,0,,,Daring Miss,2000
MW5QQ214MmVTQVFBVG1JWkVaYkthZz09,RUSSIAN HOPE,,0,,,Russian Hope,2000
QUJyRWxweHNWOUJFZGovZmd3ZmVGZz09,HESIODE,,0,,,Hesiode,2000
VnR6UGVHK3NuYkkyTGNGMlpFQTkvQT09,RAYPOUR,,0,,,Raypour,2000
aURsenJ5KzdvSGhpOXhLT2xvN0NjZz09,CARNEGIE,,0,,,carnegie ire m.ps. 3 a.,1994
R3kwbmR3ZnRKYlpjR2NuOG5OcmJ4UT09,APPLE TREE,,0,,,apple tree  m.ps. 5 a.,1994
KzhDK2dKUjVJM0p2eUw1VFUvT0ZSQT09,LANDO,,0,,,lando ger m.ps. 4 a.,1994
WXNMTFRrS3h2Z3paQWNEb1RMTUh6Zz09,MILLKOM,,0,,,millkom gb m.ps. 3 a.,1994
ZlFKRTluczZqT3pRdEdVOTZTVFFQZz09,KING'S THEATRE,,0,,,king's theatre ire m.ps. 3 a.,1994
ZC83a3A2aGhuamwySzFzc3BXdG5Pdz09,BIG TOBIN,,0,,,big tobin ity m.ps. 5 a.,1994
MWFpNGd0NUlONzVmNFJXTnZtUWZNQT09,BROADWAY FLYER,,0,,,broadway flyer usa m.ps. 3 a.,1994
VHdMRTIwSU5ob1NRRkgzK2dSUHJ0dz09,CELTIC ARMS,,0,,,celtic arms  m.ps.+,1994
K3o3Y1FXOGprcU8zL3RsRi8rUDU5Zz09,MUCH BETTER,,0,,,much better brz m.ps. 5 a.,1994
bUlBamI5VHo0ajdiR2cvMGVUc2M4Zz09,RICHARD OF YORK,,0,,,richard of york gb m.ps. 4 a.,1994
Q1QwZzNuaU9RSFFwdENWR2RlR1R2dz09,SIERRA MADRE,,0,,,sierra madre  f.ps. 3 a.,1994
MVR3S3I5dlArdUFoeU5HUy92cnI3dz09,TRULY A DREAM,,0,,,truly a dream ire f.ps. 3 a.,1994
ckY1NENrK295WjZodi9ZOVFBWjhVZz09,DALAKHANI,,0,,,dalakhani ire m.ps.+,2003
YjZpZDB0a1NCSGZsSjViT0RnUXNSZz09,HIGH CHAPARRAL,,0,,,high chaparral ire m.ps. 4 a.,2003
NlJrb3dlZE1weW9WdEFNQjZEdmZudz09,DOYEN,,0,,,doyen ire m.ps. 3 a.,2003
VDJ1VEd0bmJWWmw4Q2pBVTd1R0hCUT09,VINNIE ROE,,0,,,vinnie roe ire m.ps. 5 a.,2003
eW9wL1M0ajNpYjhGTkRXb2RXNWx4Zz09,BLACK SAM BELLAMY,,0,,,black sam bellamy ire m.ps. 4 a.,2003
VnhJSU9ycWpRK2NlZ0hBWktFZG9rZz09,DAI JIN,,0,,,dai jin gb m.ps. 3 a.,2003
Nyt6Z0J5ei96T21VMFdEc3F5RUsyZz09,BOLLIN ERIC,,0,,,bollin eric gb m.ps. 4 a.,2003
ZXdFYVpzSTA1aG9xWko4U0tNTUpNUT09,ANGE GABRIEL,,0,,,ange gabriel  m.ps. 5 a.,2003
VHBBQW5GSkhiWkNXaER1cEFYd1Jadz09,POLICY MAKER,,0,,,policy maker (ire) m.ps. 3 a.,2003
dW05aEZtVHNwbEVzSkNsblZ0UWFDdz09,FIRST CHARTER,,0,,,first charter gb m.ps. 4 a.,2003
OEhmVHZTSFBtZ3hoeFBRSktGWTNoQT09,DIYAPOUR,,0,,,DIYAPOUR  H.PS.+,2003
cTBPNGc4VW10WnRzT3FYNld2RGNmUT09,KRIS KIN,,0,,,kris kin usa m.ps. 3 a.,2003
cldpOTRyUFpIeTNTdlNFZzJGTXNPZz09,FONTANESI,,0,,,FONTANESI,2003
Q09vZGtmR2t2T1Q5UHIvNldWVTNkZz09,MARIENBARD,,0,,,marienbard ire m.ps. 5 a.,2002
bks5ejRHSWhPa3o0R2pPY3MzR3lnQT09,SULAMANI,,0,,,sulamani (ire) m.ps. 3 a.,2002
YkZpSkE2Z29lWFVLdTZJTmZaSzJ5dz09,CALIFET,,0,,,califet  m.ps. 4 a.,2002
QjZ0UVJQeU5nemVUcUkxMnBDZk1TUT09,ISLINGTON,,0,,,islington ire f.ps. 3 a.,2002
Y2s5ZWxMbTd0SGo3TU1SejBhRUhHdz09,AQUARELLISTE,,0,,,aquarelliste  f.ps. 4 a.,2002
TDZWWU5GekZ4dWRDVzVobkh4Mk0xUT09,ANABAA BLUE,,0,,,anabaa blue (gb) m.ps. 4 a.,2002
RWNDQk00cG02VnVyMzVRaHFmS3RtZz09,FAIR MIX,,0,,,fair mix (ire) m.ps. 4 a.,2002
aE1odW1mRzZGcXRhN3NyZTZ5VXZkUT09,FALBRAV,,0,,,falbrav ire m.ps. 4 a.,2002
ZlA4aUpVd3Q1TitUaCtpellFMEdndz09,BOREAL,,0,,,boreal ger m.ps. 4 a.,2002
ZzZtNWwyQzk1TytwNHJlUGxLUzNDZz09,FOUNDATION SPIRIT,,0,,,foundation spirit  m.ps. 4 a.,2002
UUpzcTgxS05zWSs3Mi9vUVVoR252dz09,SENSIBLE,,0,,,sensible  m.ps. 4 a.,2002
TWZ4T3dBcGptelhUbktJTkNjSS9Qdz09,MANHATTAN CAFE,,0,,,manhattan cafe jpn m.ps. 4 a.,2002
VDJXUjNCTXkwZTlOL0liQU5JV0padz09,ASIAN HEIGHTS,,0,,,asian heights gb m.ps. 4 a.,2002
S0Iza3YvSXpueEtNOWpPWjZPZGFUdz09,ANA MARIE,,0,,,ana marie  f.ps. 3 a.,2002
d3ZkNDdhdEIwU291cEMydDdRc3NqQT09,LAMMTARRA,,0,,,lammtarra usa m.ps. 3 a.,1995
OWlHaU9CYlJPeXVITy84SHFDeWlvZz09,FREEDOM CRY,,0,,,freedom cry gb m.ps. 4 a.,1995
UGROVTFmRkRDbjhORkYwbk5ObzdlQT09,PURE GRAIN,,0,,,pure grain gb f.ps. 3 a.,1995
THBkV2VycFhzbGI5emwrR1dwa1k0QT09,PARTIPRAL,,0,,,partipral (usa) m.ps. 6 a.,1995
RkY3Uzg1TCt1TDkwTDVMWUM2a2VkZz09,GUNBOAT DIPLOMACY,,0,,,gunboat diplomacy  m.ps.+,1995
RTI1djZ1UDBmOFdmL3Npc3VCKzYxZz09,CARLING,,0,,,carling  f.ps. 3 a.,1995
TE5RWXhVWGZtZDRIQU5hcGFCaVFrUT09,BALANCHINE,,0,,,balanchine usa f.ps. 4 a.,1995
c2p5TFNQcW5Hc0dyeVZQcWhoZVB4Zz09,STRATEGIC CHOICE,,0,,,strategic choice usa m.ps. 4 a.,1995
NGI3dlJia3phMkVScElneitxdUJrdz09,TOT OU TARD,,0,,,tot ou tard ire m.ps.+,1995
aEg4VDB3RUYzRlJpT3BHaDR0d1NPZz09,EL SEMBRADOR,,0,,,el sembrador arg m.ps. 4 a.,1995
bEhsakV6TzBxb1cxU3RkZ01mT2pxZz09,SUNRISE SONG,,0,,,sunrise song  f.ps. 4 a.,1995
bFZ2Y2I2NXRMcXk0ZDRtQWhaUlpGdz09,LUSO,,0,,,luso gb m.ps. 3 a.,1995
NWU3UHRoSzVvOW5nSExYb1NTbkxVUT09,EL TENOR,,0,,,el tenor  m.ps. 3 a.,1995
VkNNTVc2bnJoWTg2dHVjMEFoWnU2dz09,OUIJA BOARD,,0,,,ouija board gb f.ps. 3 a.,2004
b0dKWDZVMkZSTlN0Z1B2VzNwTXBkUT09,ACROPOLIS,,0,,,acropolis ire m.ps. 3 a.,2004
amMwaThOQUlmMFM0TXIra2RoVVVCUT09,NORTH LIGHT,,0,,,north light ire m.ps. 3 a.,2004
NDFzWTc1WThONWp3a3BwbjY4VEg0dz09,VALLEE ENCHANTEE,,0,,,vallee enchantee (ire) f.ps. 4 a.,2004
cWo2SFE1QTN4MzFMcVdlMjN6cjUydz09,LATICE,,0,,,latice (ire) f.ps. 3 a.,2004
OTYrL3Vpbmo4S3lIRGt4SFdBVHpyUT09,SILVERSKAYA,,0,,,silverskaya usa f.ps. 3 a.,2004
VUUzclVzRngwQko4UTZaUmRlWVg4QT09,VALIXIR,,0,,,valixir (ire) m.ps. 3 a.,2004
YnpYWDJsQVM2RSswb0UvTHFKVTVpZz09,EXECUTE,,0,,,execute  m.ps. 7 a.,2004
WG9sVXNvd0VkOWpyQkxVWXV3TVlzUT09,MAMOOL,,0,,,mamool ire m.ps. 5 a.,2004
UlJ6SXpEQmRNV2JaMTFYMUR4NEZDZz09,IMPERIAL DANCER,,0,,,imperial dancer gb m.ps. 6 a.,2004
T21PQ0x0TzdNUEdMTHZ2OEJ2QU5PUT09,TAP DANCE CITY,,0,,,tap dance city usa m.ps. 7 a.,2004
ajJjK0p0ODcvYUI5UkhBZkRLSGZVUT09,BLUE CANARI,,0,,,blue canari  m.ps. 3 a.,2004
ZVd6ZVNDVXZCSWdmVnB0U3NLSVFvQT09,GREY SWALLOW,,0,,,grey swallow ire m.ps. 3 a.,2004
M1ZYWVMzZ092SC9aUEV4Rm9yaTNkUT09,PROSPECT PARK,,0,,,prospect park (gb) m.ps. 3 a.,2004
RXVXVUZDNTBmcW80a1lCNFBpa3Qwdz09,WORKFORCE,M,2007,PS,GB,workforce gb m.ps. 3 a.,2010
L0tOWlRjUkdkbWttb3FXeXhpVktzZz09,NAKAYAMA FESTA,M,2006,PS,JPN,nakayama festa jpn m.ps. 4 a.,2010
aXFKbGxtY2wzeEU3Zno4SFFSTVhhZz09,SARAFINA,F,2007,PS,FR,sarafina  f.ps. 3 a.,2010
MUFIbDcwdEM1TWVuQXBnckRKL3EvZz09,BEHKABAD,M,2007,PS,FR,behkabad  m.ps. 3 a.,2010
NFVobmo3Zm4zNFZ5VHhzOGFXWkJtUT09,MARINOUS,M,2006,PS,FR,marinous  m.ps. 4 a.,2010
MnRZSnpld2dENHZCQlpydS9RZkRZZz09,VICTOIRE PISA,M,2007,PS,JPN,victoire pisa jpn m.ps. 3 a.,2010
dVd3OUVvWCtrdnFxcVVyMWRWNHNmdz09,LIANG KAY,M,2005,PS,GER,liang kay ger m.ps. 5 a.,2010
SDl5SnR4Rmd6V3oyV0dFNVVTMkcxQT09,POUVOIR ABSOLU,M,2005,PS,GB,pouvoir absolu (gb) m.ps. 5 a.,2010
cWNmWU43djZIbDhsSVhzQ3BrWlJ1UT09,WIENER WALZER,M,2006,PS,GER,wiener walzer ger m.ps. 4 a.,2010
N3pWTlNoMTFVRXd3R3hiVHV4SjVEdz09,TIMOS,M,2005,PS,GER,timos ger m.ps. 5 a.,2010
ME03Q3ZUVFNjN09uSjc2anZVOUdqdz09,DUNCAN,M,2005,PS,GB,duncan gb m.ps. 5 a.,2010
R1pOYmw0WDNHVEN5Vk1ZcXpJMVozUT09,PLUMANIA,F,2006,PS,GB,plumania (gb) f.ps. 4 a.,2010
OUJEVm4yNXZYaDdFZFEvY1JudlZiUT09,CAPE BLANCO,M,2007,PS,IRE,cape blanco ire m.ps. 3 a.,2010
eTRZem96TFdpWjd0SXNHWU92R1h5Zz09,LOPE DE VEGA,M,2007,PS,IRE,lope de vega ire m.ps. 3 a.,2010
dVl6cnIxd1ZTSlg0TVZJK0g4QnVKZz09,MIDAS TOUCH,M,2007,PS,GB,midas touch gb m.ps. 3 a.,2010
eEhRbUt5dzMvaHNCVGVUM01xL1JMQT09,PLANTEUR,M,2007,PS,IRE,planteur (ire) m.ps. 3 a.,2010
Vmx6VGluUndKMzd2TDZZTnJpWHIwQT09,DANEDREAM,F,2008,PS,GER,danedream ger f.ps. 3 a.,2011
aEI5WHVyaVVDWGtHZExZWjlOUnBZZz09,SNOW FAIRY,F,2007,PS,IRE,snow fairy ire f.ps. 4 a.,2011
bHVNbFlaeFJTRWhPc3NLeksvSSswQT09,SO YOU THINK,M,2006,PS,NZ,so you think nz m.ps. 5 a.,2011
QzNZVWIrMnp1SmI5ZTFkMGd3NmlOdz09,SILVER POND,M,2007,PS,FR,silver pond  m.ps. 4 a.,2011
Vmo0cmJtL052cGU0aW4xUVVPNEV4dz09,GALIKOVA,F,2008,PS,FR,galikova  f.ps. 3 a.,2011
R1hVbXF5bW9rT2ZlK3YxSGU1NmlnZz09,HIRUNO D'AMOUR,M,2007,PS,JPN,hiruno d'amour jpn m.ps. 4 a.,2011
TjA5WmVBelpYQnRiSXhBS0Fyck1GUT09,TREASURE BEACH,M,2008,PS,GB,treasure beach gb m.ps. 3 a.,2011
NjZwRGF3YmhNc2pKbjZ0RTlTSC9IZz09,MASKED MARVEL,,0,,,masked marvel gb m.ps. 3 a.,2011
YkRwb2FOSTN4RktyWFJ3K1dLckVCZz09,RELIABLE MAN,M,2008,PS,GB,reliable man (gb) m.ps. 3 a.,2011
M28yQnU3bHkvTy9DYUROOUxKL0hCQT09,TESTOSTERONE,F,2008,PS,IRE,testosterone (ire) f.ps. 3 a.,2011
dFdtYXAvbk1SMUxyOHI0L1R5U1NpQT09,SAKHEE,,0,,,sakhee usa m.ps. 4 a.,2001
VG45RTdmYTlwV3U1ZnV6T0dLdDhaUT09,SAGACITY,,0,,,sagacity  m.ps. 3 a.,2001
Mjh1UWtDdXVuTnBveHBaZ0RWZ0FSZz09,GOLAN,,0,,,golan ire m.ps. 3 a.,2001
WHdRd3MzcGk5RUtCU3paWFUxZ3F3UT09,MILAN,,0,,,milan gb m.ps. 3 a.,2001
bjN0NkdZMm0xRk5xWHgralpGQmh6Zz09,LITTLE ROCK,,0,,,little rock gb m.ps.+,2001
SUVEMTFjeEQ4bTA4cEV4MEJpV2ZuUT09,FOREIGN AFFAIRS,,0,,,foreign affairs gb m.ps. 3 a.,2001
KzdsQ3UySnp2cUQremRBRFkzeWtWQT09,CHIMES AT MIDNIGHT,,0,,,chimes at midnight usa m.ps. 4 a.,2001
bXRyQWFlNHVYbEVFK1FCSms3QWdtQT09,ANZILLERO,,0,,,anzillero ger m.ps.+,2001
NC9RNFdUenRDdDlWeldIV1JBK0twZz09,HOLDING COURT,,0,,,holding court gb m.ps. 4 a.,2001
d0Z1Y0VKZ3pMTEV4ZXdzTG1tem94QT09,IDAHO QUEST,,0,,,idaho quest gb m.ps. 4 a.,2001
dThvdkVybk85bHlNd0FTd3J0eWROUT09,HONORIFIQUE,,0,,,honorifique  f.ps. 4 a.,2001
bWdOTHR3eHZLODVDRHh2VUdOYU5GQT09,SADDLER'S CREEK,,0,,,SADDLER'S CREEK USA M.PS. 3 a.,2001
MDJkV1FKMlNyNnd2dDl0QWdISjB5dz09,DIAMILINA,,0,,,diamilina  f.ps. 3 a.,2001
dlFLNFhzN2c3WStrNWd3a090Zy9pQT09,SOFT LIGHT,M,2016,PS,FR,soft light  m.ps. 3 a.,2019
RGpqVzFISThLazdkQm1zRVFKaDJuUT09,KISEKI,M,2014,PS,JPN,kiseki jpn m.ps. 5 a.,2019
bEZ1Zko4L2lMSG40aHRaa3owaVB4Zz09,NAGANO GOLD,M,2014,PS,GB,nagano gold gb m.ps. 5 a.,2019
bUZEU1hQSjJkbXFqNDBtcGhSSVFydz09,FRENCH KING,M,2015,PS,GB,french king (gb) m.ps. 4 a.,2019
OEVXa3VKb1gwRzVtenBOdkFVdjJBZz09,GHAIYYATH,M,2015,PS,IRE,ghaiyyath ire m.ps. 4 a.,2019
bytINmx4MVZBT3Z1cGlVTTEzYUlTQT09,BLAST ONEPIECE,M,2015,PS,JPN,blast onepiece jpn m.ps. 4 a.,2019
cTI2WHFvOXhGY0pXUmJCSDBpRWgyQT09,FIEREMENT,M,2015,PS,JPN,fierement jpn m.ps. 4 a.,2019
cEZDR25PdjRiTEk2OUlsVmgvS1VHQT09,EL CONDOR PASA,,0,,,el condor pasa usa m.ps. 4 a.,1999
b1FicmRzR2x5dFVEd2JrVi9ERW1nQT09,CROCO ROUGE,,0,,,croco rouge ire m.ps. 4 a.,1999
a2d4UWRmNmlEL3lKWEExeGZMY2ROZz09,LEGGERA,,0,,,leggera ire f.ps. 4 a.,1999
KzF6Y3V2TDE4YTUwS054TEJjWC83Zz09,TIGER HILL,,0,,,tiger hill ire m.ps. 4 a.,1999
S1V3bDJ3elR2M28vODRMckRuczVZQT09,GREEK DANCE,,0,,,greek dance ire m.ps. 4 a.,1999
K2wvMS8vK3RBcThtYW55RVQ5ckVDUT09,DAYLAMI,,0,,,daylami ire m.ps. 5 a.,1999
cWczYkxoRXhVS0JtamoxOE9xM0FPQT09,ALBARAN,,0,,,albaran ger m.ps. 6 a.,1999
TE5HN1AwZGpoU05FNlhZS1RwMEN2UT09,FANTASTIC LIGHT,,0,,,fantastic light usa m.ps. 3 a.,1999
ZTVNYng4K3JFMHQrYVZrTmFDdFl3dz09,GENGHIS KHAN,,0,,,GENGHIS KHAN IRE M.PS. 3 a.,1999
cit6d2drLzlXUjZlWjJpQ2pTemJwUT09,DARYABA,,0,,,daryaba ire f.ps. 3 a.,1999
YUdaZEZBU0JGeXJxZlBNSkMycmY0dz09,FLAMINGO ROAD,,0,,,flamingo road ger f.ps. 3 a.,1999
eko4SkZmckJnYkRIcDlrdlUxZEQzdz09,CERULEAN SKY,,0,,,cerulean sky ire f.ps. 3 a.,1999
NS9GM3M5SEFXNjJrSjI0aUl2RzluQT09,SAGAMIX,,0,,,sagamix  m.ps. 3 a.,1998
YXBUWDVLZ3ovVDlkU3BCRnpWK0tOdz09,CAITANO,,0,,,caitano gb m.ps. 4 a.,1998
UTFsekZtRUQ4TnNRTW4rck0zU1Zwdz09,FRAGRANT MIX,,0,,,fragrant mix (ire) m.ps.+,1998
RXhxU0k1a0ZVWVVyT0RSRWYrcG5sUT09,HIGH RISE,,0,,,high rise ire m.ps. 3 a.,1998
MFdUQ2dKK2VRN1NEN1ZZVDFmMkpXUT09,HAPPY VALENTINE,,0,,,happy valentine gb m.ps. 4 a.,1998
MlNxdkxLaTV6dm5WcWF2QnNpWHBrUT09,LIMPID,,0,,,limpid gb m.ps. 3 a.,1998
WU53WFJRTlpydk1XOTBPR2pUNzVPZz09,SEA WAVE,,0,,,sea wave ire m.ps. 3 a.,1998
SzlTc1FMTk5YODJpTUtITG4rdUY2QT09,DREAM WELL,,0,,,dream well  m.ps. 3 a.,1998
Q2RLVEl6SWJacGVWNHVicG5nUmUvQT09,COURTEOUS,,0,,,courteous gb m.ps. 3 a.,1998
ZnhnRjBWWnlzdXI0alJhcEllNGMyQT09,ZAINTA,,0,,,zainta ire f.ps.+,1998
YWNmUDA5eEQ3dFgyNElBa3B0MlRJQT09,ZARKAVA,F,2005,PS,IRE,zarkava ire f.ps. 3 a.,2008
MjlMSlBkbnpHN0NCNXZ3aklVbG5jQT09,IT'S GINO,M,2003,PS,GER,it's gino ger m.ps. 5 a.,2008
TUlnUHpYTm15RUo2Q2NVSjFqU0pDUT09,ASK,M,2003,PS,GB,ask gb m.ps. 5 a.,2008
NUd5ZTFPNUQwNmp4OGlsY0hwOVliQT09,DUKE OF MARMALADE,M,2004,PS,IRE,duke of marmalade ire m.ps. 4 a.,2008
aUtYaVhKMkJzQzFEblB5Q0NsU09hZz09,CIMA DE TRIOMPHE,M,2005,PS,IRE,cima de triomphe ire m.ps. 3 a.,2008
czMzdVMvOTdNaTU4V1cvaHFUeU5kZz09,MEISHO SAMSON,M,2003,PS,JPN,meisho samson jpn m.ps. 5 a.,2008
RytjT25OdVpEVlhBbHFFYzBUdXAyQT09,SCHIAPARELLI,,0,,,schiaparelli ger m.ps. 5 a.,2008
OHRGVnJJcVBuaExzMGxtQld4ckRJQT09,PAPAL BULL,M,2003,PS,GB,papal bull gb m.ps. 5 a.,2008
VERWUENCaGRhQUNZY1drMjdFNEJtZz09,RED ROCK CANYON,M,2004,PS,IRE,red rock canyon ire m.ps. 4 a.,2008
cE5mVGNibzZ2UDF3NjV2cGZ1a1VvUT09,KAMSIN,,0,,,kamsin ger m.ps. 3 a.,2008
bXN4Y3dmQ1FiOFpPUEU5TU1ZV2xRZz09,BLUE BRESIL,M,2005,PS,FR,blue bresil  m.ps. 3 a.,2008
