Unnamed: 0,id,nom,sexe,naissance,race,pays,info,infoyear
0,SHpmdDVUam5PNDMyOTJuWDJBVUFidz09,GOLDEN HORN,M,2012,PS,GB,golden horn gb m.ps. 3 a.,2015
1,d29nU2FtRTVHbGN3NGl5S2JOUlljdz09,FLINTSHIRE,M,2010,PS,GB,flintshire gb m.ps. 5 a.,2015
2,bDVMa1gxTS9QbEY5ZncyMWpCVnU4Zz09,NEW BAY,M,2012,PS,GB,new bay gb m.ps. 3 a.,2015
3,d2JMa2NYejhOVDh1OUMzNW9CT2c4UT09,TREVE,F,2010,PS,FR,treve  f.ps. 5 a.,2015
4,ajVkellKNDFIQnFMQVVmVzVnSmt6dz09,ERUPT,M,2012,PS,IRE,erupt (ire) m.ps. 3 a.,2015
5,SGJDenBYdWpaWXFERUJ6eWRBU1lNUT09,FREE EAGLE,M,2011,PS,IRE,free eagle ire m.ps. 4 a.,2015
6,T0FSOXFzQ0VpbVNickZvcm15c0FvQT09,PRINCE GIBRALTAR,M,2011,PS,FR,prince gibraltar  m.ps. 4 a.,2015
7,aGV3WlRQYWh4aHhuZmdWYVJ4M2dWZz09,SILJAN'S SAGA,F,2010,PS,FR,siljan's saga  f.ps. 5 a.,2015
8,RjBiUHlWMCs1OFJJb3NOd09HdytWdz09,FOUND,F,2012,PS,IRE,found ire f.ps. 3 a.,2015
9,eElISExrSmJ5bTJud3BsV0hIa09xdz09,SILVERWAVE,M,2012,PS,FR,silverwave  m.ps. 3 a.,2015
10,Y29qVCtTMmJzQXhZYzdvR1A5aVpUQT09,MANATEE,M,2011,PS,GB,manatee gb m.ps. 4 a.,2015
11,WERKQUcxZHlmWnphSys3SjB4bXJSZz09,SPIRITJIM,M,2010,PS,FR,spiritjim  m.ps. 5 a.,2015
12,WWRNU2l1QUQ4YktjMkZQUFBJRysrdz09,DOLNIYA,F,2011,PS,FR,dolniya  f.ps. 4 a.,2015
13,U3ErcmtqUjhsRDdPS0FheXdpNlBVQT09,FRINE,F,2010,PS,IRE,frine ire f.ps. 5 a.,2015
14,Y1puWTl6ZGpLY2Fvd3UyTmMwQVhlZz09,EAGLE TOP,M,2011,PS,GB,eagle top gb m.ps. 4 a.,2015
15,a3ZsWE50QllNQ2p2M1hxM2pUQ2d2QT09,TAPESTRY,F,2011,PS,IRE,tapestry ire f.ps. 4 a.,2015
16,ZkZBbmwrWCt6TklKTHgzOCs5bnd5Zz09,SHAHAH,F,2012,PS,GB,shahah gb f.ps. 3 a.,2015
17,SCtLRU5VVkVkK1ZGMjVBamZTWTZFUT09,MELEAGROS,M,2009,PS,IRE,MELEAGROS,2015
18,c2hTVHkvbXJ6clRTR3UwTlZMRDJOUT09,DYLAN THOMAS,M,2003,PS,IRE,dylan thomas ire m.ps. 4 a.,2007
19,NnhGZ1B4bXkxSGtiYVFyMG9pN0cyQT09,YOUMZAIN,M,2003,PS,IRE,youmzain ire m.ps. 4 a.,2007
20,QU9BR0xQQzRVK3BVSjBVS0tHaWVZUT09,SAGARA,M,2004,PS,USA,sagara usa m.ps. 3 a.,2007
21,OWEvTkFId2VXV0hCOG9oaERMTXE1Zz09,GETAWAY,M,2003,PS,GER,getaway ger m.ps. 4 a.,2007
22,TlVwdUJtc1N6SEFGZk1aTThYYVRGdz09,SOLDIER OF FORTUNE,M,2004,PS,IRE,soldier of fortune ire m.ps. 3 a.,2007
23,cHFPQXFzVytvaGpaTXN5WTN2WjRTdz09,SADDEX,M,2003,PS,GB,saddex (gb) m.ps. 4 a.,2007
24,c2l4MEFnMXRsRHkvRnJLeVk2dXNCQT09,MANDESHA,F,2003,PS,FR,mandesha  f.ps. 4 a.,2007
25,L1Z1bVhvZ3VMNlQ5eDdOYVJVRXU2dz09,ZAMBEZI SUN,M,2004,PS,GB,zambezi sun gb m.ps. 3 a.,2007
26,Mks0bm96Y3ZwNyt2SUp4WE45V1l2Zz09,DRAGON DANCER,M,2003,PS,GB,dragon dancer gb m.ps. 4 a.,2007
27,MGVYS2YwbTVFUHpuMmlSejNvOUNYQT09,AUTHORIZED,M,2004,PS,IRE,authorized ire m.ps. 3 a.,2007
28,OUFyT1lLKzMxNVBUVG5oSk4xME9JUT09,SONG OF HIAWATHA,M,2004,PS,GB,SONG OF HIAWATHA GB M.PS. 3 a.,2007
29,QkdLOENhdzBPbllkcm50WWtyVW13Zz09,YELLOWSTONE,M,2004,PS,IRE,yellowstone ire m.ps. 3 a.,2007
30,QUZJRXFPMDJrZGhUM2J2anJBbjlvdz09,HIGHLAND REEL,M,2012,PS,IRE,highland reel ire m.ps. 4 a.,2016
31,SXFsNEYvUmtRVERCV2RSeE93Skl6UT09,ORDER OF ST GEORGE,M,2012,PS,IRE,order of st george ire m.ps. 4 a.,2016
32,N3labVdLZXlaZHA2YVhtb2RrUmFidz09,POSTPONED,M,2011,PS,IRE,postponed ire m.ps. 5 a.,2016
33,RWR5RWt3QWVRWFdnRitibDhxbGh0UT09,ONE FOOT IN HEAVEN,H,2012,PS,IRE,one foot in heaven (ire) h.ps. 4 a.,2016
34,bDZjOTYzdnkvRUliV3dyKzYzMDZZZz09,SAVOIR VIVRE,M,2013,PS,IRE,savoir vivre ire m.ps. 3 a.,2016
35,ZlVKV1p1aVFreVFka3pCOWVHc3Jsdz09,HARZAND,M,2013,PS,IRE,harzand ire m.ps. 3 a.,2016
36,TnQrMC85ZWdnMFJtZ0ZRbEZyLzJUQT09,VEDEVANI,M,2013,PS,FR,vedevani  m.ps. 3 a.,2016
37,Z2I5elZrWUt2dW1KQ0lvb2lvVFhTdz09,TALISMANIC,M,2013,PS,GB,talismanic gb m.ps. 3 a.,2016
38,czU4dVB6aEQxV01OeGNYMFpuaW11Zz09,LEFT HAND,F,2013,PS,GB,left hand (gb) f.ps. 3 a.,2016
39,eGFJU09vRmZhSTNoWmhCam95UkNWUT09,MAKAHIKI,M,2013,PS,JPN,makahiki jpn m.ps. 3 a.,2016
40,Rk1Hd2ZZNXgza0VvaHg5S01kZjBkUT09,MIGWAR,M,2012,PS,IRE,migwar (ire) m.ps. 4 a.,2016
41,eGEzek1uazFKVHQvbHIvWTJPMzlRUT09,THE GREY GATSBY,M,2011,PS,IRE,the grey gatsby (ire) m.ps. 5 a.,2016
42,cHRPK0JXeWl3U2d5a3Y0T0xiSHBQQT09,ENABLE,F,2014,PS,GB,enable gb f.ps. 3 a.,2017
43,c2FDVXVlclNjNExrNk9ZSjJLaEgwUT09,CLOTH OF STARS,M,2013,PS,IRE,cloth of stars ire m.ps. 4 a.,2017
44,cTd4UlF5R2FGTnRpR0tlNjRWY3RDdz09,ULYSSES,M,2013,PS,IRE,ulysses ire m.ps. 4 a.,2017
45,M0FkVEhqWWFwdkMrTWw3VGtTa3VuUT09,BRAMETOT,M,2014,PS,IRE,brametot ire m.ps. 3 a.,2017
46,K0Z2WXU4MVRkUnBKTjhmRUVNYVRCdz09,DSCHINGIS SECRET,M,2013,PS,GER,dschingis secret ger m.ps. 4 a.,2017
47,TTFWM04rREc0aTFGcVl2Zyt5dVZJZz09,IQUITOS,M,2012,PS,GER,iquitos ger m.ps. 5 a.,2017
48,TVhMSVg4TlJHU2EwZFVuVHFsRVVXUT09,IDAHO,M,2013,PS,IRE,idaho ire m.ps. 4 a.,2017
49,d2huMXJ6SFNpbkR6aXNzUUlnZ2tlUT09,WINTER,F,2014,PS,IRE,winter ire f.ps. 3 a.,2017
50,bU9FemMxZEZsMUdNdmF1SkFhM3BZZz09,ZARAK,M,2013,PS,FR,zarak  m.ps. 4 a.,2017
51,NUp0OVJCUU5CVENhQUczcVJ4Y2JpZz09,DOHA DREAM,M,2013,PS,FR,doha dream  m.ps. 4 a.,2017
52,YXVNNGJ2ejN5Tmh3emJqZ0xocEh3Zz09,PLUMATIC,M,2014,PS,GB,plumatic (gb) m.ps. 3 a.,2017
53,NHZoWlVHMUxmNmFIeUdTa09jbDB5dz09,SEVENTH HEAVEN,F,2013,PS,IRE,seventh heaven ire f.ps. 4 a.,2017
54,WFRSdmloSlRtRmJXNGtORzR4ckFRQT09,SATONO DIAMOND,M,2013,PS,JPN,satono diamond jpn m.ps. 4 a.,2017
55,cnphcHp4eGdSNHFJOVBFYk05MmZBZz09,SATONO NOBLESSE,M,2010,PS,JPN,satono noblesse jpn m.ps. 7 a.,2017
56,aVNwNVk4YjBqZis5Yjc4K1NKbHJOZz09,CAPRI,M,2014,PS,IRE,capri ire m.ps. 3 a.,2017
57,TFRBMCs2V2N4RXRvVEJJd20xY2loUT09,RAIL LINK,M,2003,PS,GB,rail link gb m.ps. 3 a.,2006
58,Ymhld1Y4K1B0Ni81bEU2akFBK0MyZz09,PRIDE,F,2000,PS,FR,pride  f.ps. 6 a.,2006
59,NXhNQ3U3NHhTQ1k4ZU9tSTc5Qmprdz09,HURRICANE RUN,M,2002,PS,IRE,hurricane run ire m.ps. 4 a.,2006
60,K3JEdDhSdVhKdENiTUZtUzllY0JuQT09,BEST NAME,M,2003,PS,GB,best name gb m.ps. 3 a.,2006
61,ekhsYzRqakZGTE1oOTR6SjBlSmQ5Zz09,IRISH WELLS,M,2003,PS,FR,irish wells  m.ps. 3 a.,2006
62,WlJ2TStIa2d5ODFaTDFqRk5sbG8xZz09,SIXTIES ICON,M,2003,PS,GB,sixties icon gb m.ps. 3 a.,2006
63,UE5CN0FVb2pEckhpVU1NeWNFNHNDQT09,SHIROCCO,M,2001,PS,GER,shirocco ger m.ps. 5 a.,2006
64,YW1OcVc4TjVIS251TndRQU52YUpwZz09,DEEP IMPACT,M,2002,PS,JPN,deep impact jpn m.ps. 4 a.,2006
65,c3NOZGpYL21vTnJBVXo4NXJaZWdRdz09,SEA THE STARS,M,2006,PS,IRE,sea the stars ire m.ps. 3 a.,2009
66,U3VRd1hQLzVTU3hVRW9iTkVCTVlkUT09,CAVALRYMAN,M,2006,PS,GB,cavalryman gb m.ps. 3 a.,2009
67,SXRnUEJUcVJTcjZpSkY2ZHJCZzZsQT09,CONDUIT,M,2005,PS,IRE,conduit ire m.ps. 4 a.,2009
68,ekZpcjZmZk0wQ3dudmlQTGpnc2M1dz09,DAR RE MI,F,2005,PS,GB,dar re mi gb f.ps. 4 a.,2009
69,UE15eDlDeGYrMHBMcDRYTEJZaHk3dz09,FAME AND GLORY,M,2006,PS,GB,fame and glory gb m.ps. 3 a.,2009
70,THhiOWRPeDdkdHRkMFpuSkdhRDZGUT09,LA BOUM,F,2003,PS,GER,la boum ger f.ps. 6 a.,2009
71,bE9rbXV0dDVxcEtrSzMrUmo1dzBJQT09,STACELITA,F,2006,PS,FR,stacelita  f.ps. 3 a.,2009
72,OUdvYWhXcTdneHpmSGVNc3ZaMERxZz09,MAGADAN,M,2005,PS,IRE,magadan ire m.ps. 4 a.,2009
73,RkdjY3JKQldKa3lmQjkxaTkxNGYxUT09,VISION D'ETAT,M,2005,PS,FR,vision d'etat  m.ps.+,2009
74,SlFKWldCajFReWxLNG1wbnNYbldDZz09,THE BOGBERRY,M,2005,PS,USA,the bogberry usa m.ps. 4 a.,2009
75,TWNvYXlyZytKS1pqaGpVbG01bE1LQT09,STEELE TANGO,M,2005,PS,USA,steele tango usa m.ps. 4 a.,2009
76,aElqYUloS2ZkRzRIVFZXUmpBRTlRUT09,TULLAMORE,M,2005,PS,USA,TULLAMORE USA M.PS. 4 a.,2009
77,WTh4VFBlSHE5RWZCZEh2OFFWRmxGUT09,HOT SIX,M,2005,PS,BRZ,hot six brz m.ps. 4 a.,2009
78,T21FMkpQRDZnRzYvZXRZRHR5VUFCdz09,TANGASPEED,F,2005,PS,FR,tangaspeed  f.ps. 4 a.,2009
79,d0VXamJZZGlFTjVNY2pXbFRYRWRJUT09,CARTHAGE,M,2006,PS,FR,carthage  m.ps. 3 a.,2009
80,MlN2ZHRiU1VFcFllandZYmh1SFF1dz09,SET SAIL,M,2006,PS,IRE,set sail ire m.ps. 3 a.,2009
81,UTBLamNvYSs0QnZrWHJESXc2WDVkZz09,GRAND DUCAL,M,2006,PS,IRE,grand ducal ire m.ps. 3 a.,2009
82,NkRXM3c5TUloZ3BMSExvbkdyS2g4QT09,WESTERNER,M,1999,PS,GB,westerner (gb) m.ps. 6 a.,2005
83,NzJIVnlBNlFhRzlic3JDWmFTZ1M5dz09,BAGO,M,2001,PS,FR,bago  m.ps. 4 a.,2005
84,VnlRVW1Ic29FNlUyWENoZlk2a3JDZz09,MOTIVATOR,M,2002,PS,GB,motivator gb m.ps. 3 a.,2005
85,ZEwrQmZLa2NhOUQ4emlFVkdUZTlZUT09,SHAWANDA,F,2002,PS,IRE,shawanda ire f.ps. 3 a.,2005
86,MFgydTJBQmZoaUdDTVZKaTdDUkFCUT09,WARRSAN,M,1998,PS,IRE,warrsan ire m.ps. 7 a.,2005
87,dWFMZFVIYkVPaHBSMlNDM1BlbVNLQT09,MUBTAKER,M,1997,PS,USA,mubtaker usa m.ps. 8 a.,2005
88,K2tUZEFqcU5ZREVYZ0tvMlNLUXo0dz09,SCORPION,M,2002,PS,IRE,scorpion ire m.ps. 3 a.,2005
89,QmV0ckRkNXI0Q0JseWNnMDhsQVNxdz09,CHERRY MIX,M,2001,PS,FR,cherry mix  m.ps. 4 a.,2005
90,clRYN3ZBc0RQb2JoTEdUSHJZamthUT09,NORSE DANCER,M,2000,PS,IRE,norse dancer ire m.ps. 5 a.,2005
91,Zk85ZCtxNkpUaUhtSm0xOVVwSTZBQT09,SAMANDO,F,2000,PS,FR,samando  f.ps.+,2005
92,enhhcm8wMHljS0QrQ1pZSDVoUzNYUT09,VOLTMETER,M,2002,PS,IRE,voltmeter (ire) m.ps. 3 a.,2005
93,V0pnQWFmbjdyM2hGREtoWmk5UnpXdz09,WINDYA,F,2002,PS,FR,windya  f.ps. 3 a.,2005
94,NVRMa3p3MjduelJRSUxRRU0vU2xQZz09,HELISSIO,M,1993,PS,FR,helissio  m.ps. 3 a.,1996
95,T1FSUTdXMWFzaEhxc2lINnVXTFFHZz09,PILSUDSKI,M,1992,PS,IRE,pilsudski ire m.ps. 4 a.,1996
96,ZUNocmNGWVFTME9hN24zRjFwQy9MZz09,OSCAR SCHINDLER,M,1992,PS,IRE,oscar schindler ire m.ps. 4 a.,1996
97,ZWhsREtNSWVCN0FBVUlKcmhUR2szQT09,SWAIN,M,1992,PS,IRE,swain ire m.ps. 4 a.,1996
98,eGZRRkMybVdVeEJBZnlVVnU1ZDczZz09,LUNA WELLS,F,1993,PS,IRE,luna wells (ire) f.ps. 3 a.,1996
99,TVVVTlREMCtHTGlhVDY2eTVOQWgwZz09,LE DESTIN,M,1993,PS,FR,le destin  m.ps. 3 a.,1996
100,MWdFM0xSdlRUanY2YU56bGdNb0N1UT09,SHAAMIT,M,1993,PS,IRE,shaamit ire m.ps.+,1996
101,R2VBaHVicytuVkNpN2pZYzNWdWlNZz09,LEEDS,M,1992,PS,IRE,leeds (ire) m.ps.+,1996
102,SWlKZFJ5a3FkSGdDcHdmQVo4RmowQT09,LEONILA,F,1993,PS,IRE,leonila ire f.ps. 3 a.,1996
103,VUpUUWx4a3QyTmpiVVZzT0JoK3Q4QT09,PENTIRE,M,1992,PS,GB,pentire gb m.ps. 4 a.,1996
104,WXJuYlN5MGZ6clFyZmhvQjJ0RklVUT09,TAMURE,M,1992,PS,IRE,tamure ire m.ps. 4 a.,1996
105,VUEzZ2xMNUZZd0ZBb2dvU2VHOWtDZz09,CLASSIC CLICHE,M,1992,PS,IRE,classic cliche ire m.ps. 4 a.,1996
106,cE5pUUoxSitwdGM5STNUR3VmUGV5UT09,RADEVORE,M,1993,PS,GB,radevore gb m.ps. 3 a.,1996
107,bEVjQ24rSEsvSENHckljazNxc2Q5Zz09,DARAZARI,M,1993,PS,IRE,darazari ire m.ps. 3 a.,1996
108,MHNITFFMYS9OR2g5Vkt2RHl6OHpPQT09,ZAGREB,M,1993,PS,USA,zagreb usa m.ps. 3 a.,1996
109,dUJXR1p5ci8wNnNDazZ5R0NxengyUT09,POLARIS FLIGHT,M,1993,PS,USA,polaris flight usa m.ps. 3 a.,1996
110,c3NrdkxkRTJ2bnpBU1Jkckt1M2VkQT09,SOLEMIA,F,2008,PS,IRE,solemia (ire) f.ps. 4 a.,2012
111,V0swazNFZzMvaCtad3ZUNTdiNmRVUT09,ORFEVRE,M,2008,PS,JPN,orfevre jpn m.ps. 4 a.,2012
112,eXB6YklZaWpoeitGVlN5Tko5MWdyQT09,MASTERSTROKE,M,2009,PS,USA,masterstroke usa m.ps. 3 a.,2012
113,alJjOVppdmZJZ2RTaGZFMmVqZVZlUT09,HAYA LANDA,F,2008,PS,FR,haya landa  f.ps. 4 a.,2012
114,YjIyaXo3a0RGVVNLMjZZVlFacjkyUT09,YELLOW AND GREEN,F,2009,PS,GB,yellow and green gb f.ps.+,2012
115,TFZLdHZSZEpvVkVNSzlxeWM5dm4vZz09,GREAT HEAVENS,F,2009,PS,GB,great heavens gb f.ps. 3 a.,2012
116,TjEyUFdzSXRsMGdXaXRCcXZWN3gydz09,CAMELOT,M,2009,PS,GB,camelot gb m.ps. 3 a.,2012
117,UjRyVVZ3Zi9RSk54WEs0M21IRVB2Zz09,SEA MOON,M,2008,PS,GB,sea moon gb m.ps. 4 a.,2012
118,Y0pQOFZiSnRDb0syczM2cDdvWjNNdz09,SHARETA,F,2008,PS,IRE,shareta (ire) f.ps. 4 a.,2012
119,bCtPVWJoQTlRMFNRSG8xd01DdGpuQT09,BAYRIR,M,2009,PS,FR,bayrir  m.ps. 3 a.,2012
120,dldoMUVGaE40ZlJLN21YaWkwdXhUQT09,ST NICHOLAS ABBEY,M,2007,PS,IRE,st nicholas abbey ire m.ps. 5 a.,2012
121,YWhNKzJ4SXd1QWl3MHo3Sm9QYjU0dz09,MEANDRE,M,2008,PS,FR,meandre  m.ps. 4 a.,2012
122,VzlEbGlTN0hBd3ZiMTdDMnJwS05TZz09,MIKHAIL GLINKA,M,2007,PS,IRE,mikhail glinka ire m.ps. 5 a.,2012
123,QkhLaXpvdlBPbTdCT1MzK1pKWUhwdz09,ROBIN HOOD,M,2008,PS,IRE,robin hood ire m.ps. 4 a.,2012
124,OVpZYW9WQ1g1cHY5RGhsUGxFSGpqQT09,AVENTINO,M,2004,PS,JPN,AVENTINO JPN M.PS. 8 a.,2012
125,Y1NPME5DajJaSnVhQjgwczVJZlNRQT09,KESAMPOUR,M,2009,PS,FR,kesampour  m.ps. 3 a.,2012
126,d2krK3hvYUhLdlRLZjZMTzRZK2FnUT09,ERNEST HEMINGWAY,M,2009,PS,IRE,ernest hemingway ire m.ps. 3 a.,2012
127,YXJKMFBUYzhRSkE5UnhrLzlFNjVnQT09,SAONOIS,M,2009,PS,FR,saonois  m.ps. 3 a.,2012
128,QVBjY3U4T0hlMHhpcHpRQndEKzQwUT09,URBAN SEA,F,1989,PS,USA,urban sea usa f.ps. 4 a.,1993
129,R2JzOXpndkhFeWFsWVRHb3dHM0R6Zz09,WHITE MUZZLE,M,1990,PS,GB,white muzzle gb m.ps. 3 a.,1993
130,Z3hBWVB1RWpmV20xa3MrcnVnVFFkUT09,OPERA HOUSE,M,1988,PS,GB,opera house gb m.ps. 5 a.,1993
131,alFQYXlRZVR4cmdQZXM3ZVRNM1NSUT09,INTREPIDITY,F,1990,PS,GB,intrepidity gb f.ps. 3 a.,1993
132,dFhkeERHK0JNRWpQUnQzdTE3dmp4dz09,ONLY ROYALE,F,1989,PS,IRE,only royale ire f.ps. 4 a.,1993
133,UFJyRjg3WkxsaVdXWDllTUtncnhXZz09,BOB'S RETURN,M,1990,PS,IRE,bob's return ire m.ps. 3 a.,1993
134,U0FsaDZKaXQ1M04veHZjZ2g1S0JQQT09,MISIL,M,1988,PS,USA,misil usa m.ps. 5 a.,1993
135,OVg2WjhoZDJ4alM3VnRwbU9XR1I1Zz09,TALLOIRES,M,1990,PS,USA,talloires usa m.ps. 3 a.,1993
136,Rm4yclZydUFyWTBBTFNaaDVPN09NUT09,VERT AMANDE,M,1988,PS,FR,vert amande  m.ps. 5 a.,1993
137,eVh6UmRFeUhzVlVZWkxUcDN0WEh6dz09,MARKET BOOSTER,F,1989,PS,USA,market booster usa f.ps. 4 a.,1993
138,Z1NpdDJNU085QVJsNGFTNEJCampOZz09,ALWAYS FRIENDLY,F,1988,PS,GB,always friendly gb f.ps. 5 a.,1993
139,U05CRWlMR0VRUStmRTk1QldwRjFDUT09,ARMIGER,M,1990,PS,GB,armiger gb m.ps. 3 a.,1993
140,ZHAvNEJLUVBYTG0rdFRIZzR5QnZSdz09,BADOLATO,M,1990,PS,USA,badolato usa m.ps.+,1993
141,TXBPQlhTdWpIdnE4amFzc3lvd1BtZz09,BRIGHT MOON,F,1990,PS,USA,bright moon usa f.ps.+,1993
142,eUN1b2p2LzY1blY2Y2NKV2JVWk5YUT09,DANCIENNE,F,1990,PS,FR,dancienne  f.ps. 3 a.,1993
143,THRoZUJPek96MWVHSmhscGVSWUYxZz09,DARIYOUN,M,1988,PS,USA,dariyoun usa m.ps. 5 a.,1993
144,cDlLZ3poRWZYOVZ0cVhSKzFSaHVSUT09,EZZOUD,M,1989,PS,IRE,ezzoud ire m.ps.+,1993
145,eElsRDdPZm9sSnlWMm04OFZpVWxwdz09,GARDEN OF HEAVEN,M,1989,PS,USA,garden of heaven usa m.ps. 4 a.,1993
146,SklKaW9ZV0k2dnlobHR2Wlk0Q1Uydz09,HERNANDO,M,1990,PS,FR,hernando  m.ps. 3 a.,1993
147,UHVSSUNTdnUreXRTb2RQMVFmSyt3QT09,PLATINI,M,1989,PS,GER,platini ger m.ps. 4 a.,1993
148,cG9yMjJwcktlSks4SkprUk9adHJxZz09,SHEMAKA,F,1990,PS,IRE,shemaka ire f.ps. 3 a.,1993
149,Q3ZYa212Wmh1MmVkOGtGRUJCZ0EyUT09,USER FRIENDLY,F,1989,PS,GB,user friendly gb f.ps. 4 a.,1993
150,a01MV1dLUWRObXZaQXlmZS9mZGpSQT09,WEMYSS BIGHT,F,1990,PS,GB,wemyss bight gb f.ps. 3 a.,1993
151,MnlGN1A4ZHhhYWlLM3ZsVTBZaUhNdz09,SEA OF CLASS,F,2015,PS,IRE,sea of class ire f.ps. 3 a.,2018
152,RG1DS2Y3R0tTdWJjNmk1ZWpuelpmQT09,WALDGEIST,M,2014,PS,GB,waldgeist gb m.ps. 4 a.,2018
153,aWtjV3FPTU0yK3ZuSmJldXJCR042Zz09,SALOUEN,M,2014,PS,IRE,salouen ire m.ps. 4 a.,2018
154,OTE4NWgvczJmSkVIR0ROUnNpa09EZz09,KEW GARDENS,M,2015,PS,IRE,kew gardens ire m.ps. 3 a.,2018
155,S0RNK2hRbnlXdWM1VE5ZNHAzdno1Zz09,NELSON,M,2015,PS,IRE,nelson ire m.ps. 3 a.,2018
156,Q3Y2c2JyZ0IwdVhVYnhMRnk1UHVFZz09,STUDY OF MAN,M,2015,PS,IRE,study of man ire m.ps. 3 a.,2018
157,SVBpN2FvMnJyN1hZYkJ2dUNVRWxDUT09,MAGICAL,F,2015,PS,IRE,magical ire f.ps. 3 a.,2018
158,RlZKZW5yTVkxQ2VLUG1OSTlMMytGZz09,WAY TO PARIS,M,2013,PS,GB,way to paris gb m.ps. 5 a.,2018
159,Mm9SblZqMzJiYkUyK3EwNkdVTkJ1QT09,TIBERIAN,M,2012,PS,FR,tiberian  m.ps. 6 a.,2018
160,MGhOQitWN0dBWE1aYWNXbXNQemNKZz09,PATASCOY,H,2015,PS,FR,patascoy  h.ps. 3 a.,2018
161,dytmNjY1aXBDZzhnc1R2U2VlTk42dz09,DEFOE,H,2014,PS,IRE,defoe ire h.ps. 4 a.,2018
162,d3cyTC9aMW9MbnFkUk9JVUpYVzhyQT09,HUNTING HORN,M,2015,PS,IRE,hunting horn ire m.ps. 3 a.,2018
163,RWQ1TlhMdGFJMUhUS0dhQksxc3M1QT09,CLINCHER,M,2014,PS,JPN,clincher jpn m.ps. 4 a.,2018
164,ZkZSOXRjWEVteXM3QXNBb1A2WUtZUT09,NEUFBOSC,M,2015,PS,FR,neufbosc  m.ps. 3 a.,2018
165,WEtWMjBnZEtPSmV1SnAyOVg1dkpSUT09,LOUIS D'OR,M,2015,PS,IRE,louis d'or (ire) m.ps. 3 a.,2018
166,VmpxdVlzR1R1VGNtdUxJOGVxL0VGZz09,SOTTSASS,M,2016,PS,FR,sottsass  m.ps. 4 a.,2020
167,OEtVY3N1ZmxHVTNwUTlQVWdDdXZDZz09,IN SWOOP,M,2017,PS,IRE,in swoop ire m.ps. 3 a.,2020
168,eHZpS0hMSTB6OHFVZTlQMmZUTWY4dz09,PERSIAN KING,M,2016,PS,IRE,persian king (ire) m.ps. 4 a.,2020
169,MHlnYUcrbnUvU0trTU1Gd1krQjhFQT09,GOLD TRIP,M,2017,PS,FR,gold trip  m.ps. 3 a.,2020
170,L21YajJPdkRTQkVURUtZSnozMm1HUT09,RAABIHAH,F,2017,PS,USA,raabihah usa f.ps. 3 a.,2020
171,WmxLeERDdTRtZTBTaVFOTnhzY0kwUT09,STRADIVARIUS,M,2014,PS,IRE,stradivarius ire m.ps. 6 a.,2020
172,VEo0Z2ttM2xvSGhIdFV6aUVOUjBIUT09,DEIRDRE,F,2014,PS,JPN,deirdre jpn f.ps. 6 a.,2020
173,czliWEdqRDNROWtwMmtHMThuN3JEdz09,ROYAL JULIUS,M,2013,PS,IRE,royal julius ire m.ps. 7 a.,2020
174,aE9ndDRLT1ZtMjZFQkJQb0x6MDZGUT09,CHACHNAK,M,2017,PS,FR,chachnak  m.ps. 3 a.,2020
175,aER2UWw3NU5WUWlhNHZoRno1Y1FJdz09,JAPAN,M,2016,PS,GB,JAPAN,2020
176,dVloNTQvczdqZUlRWWxqZjI2Tksxdz09,SOVEREIGN,M,2016,PS,IRE,SOVEREIGN,2020
177,bkl3RXJaS3dIdXk0OTdjZWFpby93dz09,MOGUL,M,2017,PS,GB,MOGUL,2020
178,akRHUjRXMk50TFVOcXRFZ3ZYUVU0dz09,SERPENTINE,M,2017,PS,IRE,SERPENTINE,2020
179,Rm8xbnU4bFU3SkNHTmUvajc2c0xYUT09,INTELLO,M,2010,PS,GER,intello (ger) m.ps. 3 a.,2013
180,UVFkMzhzblJXZ2pma04rVDRYTGV6dz09,KIZUNA,M,2010,PS,JPN,kizuna jpn m.ps. 3 a.,2013
181,c0hTZWZ6bWIyRHhkMEhsK3NYOTdZdz09,PENGLAI PAVILION,H,2010,PS,USA,penglai pavilion usa h.ps. 3 a.,2013
182,Wjl1NWVXZGlWdlI4dUJwSndENFY2QT09,AL KAZEEM,M,2008,PS,GB,al kazeem gb m.ps. 5 a.,2013
183,T284Ny8xbGpaUUxSQXhJUDcrNTl4dz09,RULER OF THE WORLD,M,2010,PS,IRE,ruler of the world ire m.ps. 3 a.,2013
184,ZWd4UmkyYTlrK25ZTGRQcFhBWUZ2QT09,GOING SOMEWHERE,M,2009,PS,BRZ,going somewhere brz m.ps. 4 a.,2013
185,a1hqWDF1YXFCdVFhNm45MjNSMzB5QT09,SAHAWAR,M,2010,PS,FR,sahawar  m.ps. 3 a.,2013
186,SW1mT05IeUpoYkVjSGl3M3BWbW9Tdz09,LEADING LIGHT,M,2010,PS,IRE,leading light ire m.ps. 3 a.,2013
187,WWxFUyt2Qmc4djI4VE9PM3FlRTAxQT09,JOSHUA TREE,M,2007,PS,IRE,joshua tree ire m.ps. 6 a.,2013
188,YzBpaVBQcnZ4Nko1WmRudDg5eUVOUT09,OCOVANGO,M,2010,PS,GB,ocovango gb m.ps. 3 a.,2013
189,ak04VG9jcmlLQ3gxQ2l5ZExmMGdBUT09,PIRIKA,F,2008,PS,IRE,pirika (ire) f.ps. 5 a.,2013
190,RWZHOFk2dm1RMytaUCtzTU4xZ0Q3QT09,VERY NICE NAME,M,2009,PS,FR,very nice name  m.ps. 4 a.,2013
191,WnJNU21TZ1VWeGkwQm1VaERpa2VKdz09,NOVELLIST,M,2009,PS,IRE,NOVELLIST,2013
192,T29BOHFrSVdxK0RGdGYzejBxNnZ6dz09,PEINTRE CELEBRE,M,1994,PS,USA,peintre celebre usa m.ps. 3 a.,1997
193,Ri9OeUVIOXBCWmtlSnZLZ3htQm03UT09,BORGIA,F,1994,PS,GER,borgia ger f.ps. 3 a.,1997
194,RWUra25OV0hpbno0VndHZ2cwTktjZz09,PREDAPPIO,M,1993,PS,GB,predappio gb m.ps. 4 a.,1997
195,RHo4V2NlSGlxNmVqWVhxZi9mVnpIUT09,QUE BELLE,F,1994,PS,CAN,que belle can f.ps. 3 a.,1997
196,WlBBRkdSeEt6ekVWTUtnMzZKazlmZz09,POSIDONAS,M,1992,PS,GB,posidonas gb m.ps. 5 a.,1997
197,WSt4QlI4dW1zYWF3VHEyeXhVNjBwUT09,BUSY FLIGHT,M,1993,PS,GB,busy flight gb m.ps. 4 a.,1997
198,bW1QcVNNQ1YvdHBrWEUyanJuYmRJQT09,STEWARD,M,1993,PS,FR,steward  m.ps. 4 a.,1997
199,NzRJWHlKM2c2Q2N0RitqNU1UQyszZz09,NOTHIN'LEICA DANE,M,1992,PS,AUS,nothin'leica dane aus m.ps. 5 a.,1997
200,MGV3bEM3OXF1SVRUeWloSlhCRTRsUT09,YOKOHAMA,M,1991,PS,USA,yokohama usa m.ps. 6 a.,1997
201,RHNZanF6WGpyWi9QcGJER2VERWJnUT09,MY EMMA,F,1993,PS,GB,my emma gb f.ps. 4 a.,1997
202,K25VT0dkK1preHVuYWlMNGpha3BZdz09,EBADIYLA,F,1994,PS,IRE,ebadiyla ire f.ps. 3 a.,1997
203,TjJRdjZld1RGQWRxTWpubmxFeTd5dz09,QUEEN MAUD,F,1994,PS,IRE,queen maud ire f.ps. 3 a.,1997
204,UU0rT3pmTDFIZVN6MGg5Wm9ISnpFUT09,GAZELLE ROYALE,F,1994,PS,FR,gazelle royale  f.ps. 3 a.,1997
205,T2ZmWGFFYXYxWWQ2LzBDdXY0WWR5QT09,TAGHROODA,F,2011,PS,GB,taghrooda gb f.ps. 3 a.,2014
206,MmZuaHFKMHNuc0RzbHJpN1Z3QUhEZz09,KINGSTON HILL,M,2011,PS,GB,kingston hill gb m.ps. 3 a.,2014
207,aVIvN05EZW12VkNJa3ZyN1dXTU80QT09,HARP STAR,F,2011,PS,JPN,harp star jpn f.ps. 3 a.,2014
208,RVl2a3lEc1FkYTlvdW1mV0FSRXdOUT09,JUST A WAY,M,2009,PS,JPN,just a way jpn m.ps. 5 a.,2014
209,REdDazBNSHVPeDUxRzdXNElncFVBQT09,AVENIR CERTAIN,F,2011,PS,FR,avenir certain  f.ps. 3 a.,2014
210,MlZBWmg3bVdCRmdqQzIxQ0lELzdIUT09,GOLD SHIP,M,2009,PS,JPN,gold ship jpn m.ps. 5 a.,2014
211,eTNtTHY4SXAxczc5ajZOTVp0OWxMZz09,CHICQUITA,F,2010,PS,IRE,chicquita (ire) f.ps. 4 a.,2014
212,Mlp1ejhKMHZENFhrUHlqanc5V3NFZz09,ECTOT,M,2011,PS,GB,ectot (gb) m.ps. 3 a.,2014
213,ZGpkOS83OFFpWmJZWm1VOUdRQzk3dz09,IVANHOWE,M,2010,PS,GER,ivanhowe ger m.ps. 4 a.,2014
214,c0U5QS90bmdJdFNCV3d6SWhEKzlRUT09,FREE PORT LUX,M,2011,PS,GB,free port lux (gb) m.ps. 3 a.,2014
215,NmlmTFY0WGZ6bTB0MGI1SkxLa2hwZz09,MONTVIRON,M,2011,PS,FR,MONTVIRON  M.PS. 3 a.,2014
216,L0QxVDM5Z1RTRngwcVZQRitlVHkyUT09,SINNDAR,M,1997,PS,IRE,sinndar ire m.ps.+,2000
217,bTF0a1pWZWQ3N29CUVFXMTVEM3NBQT09,EGYPTBAND,F,1997,PS,USA,egyptband usa f.ps. 3 a.,2000
218,ZXh0dk9yUXEzcEJtTXR4SWZTK1drdz09,VOLVORETA,F,1997,PS,GB,volvoreta gb f.ps.+,2000
219,alRCUjJscmNsR0xuQUFjV2d1cVpOZz09,MONTJEU,M,1996,PS,IRE,Montjeu,2000
220,UWhuTjRaQjZpUGVHT1hLb0NjdVpTQT09,HIGHTORI,M,1997,PS,FR,Hightori,2000
221,Y0pKZlJPOWFCQkZqTmRpdkZ2Ky9OUT09,SAMUM,M,1997,PS,GER,Samum,2000
222,ejAwT1hiTXcwNk5VdEttdSs5R1lUdz09,DARING MISS,F,1996,PS,GB,Daring Miss,2000
223,MW5QQ214MmVTQVFBVG1JWkVaYkthZz09,RUSSIAN HOPE,M,1995,PS,IRE,Russian Hope,2000
224,QUJyRWxweHNWOUJFZGovZmd3ZmVGZz09,HESIODE,H,1997,PS,FR,Hesiode,2000
225,VnR6UGVHK3NuYkkyTGNGMlpFQTkvQT09,RAYPOUR,M,1997,PS,IRE,Raypour,2000
226,aURsenJ5KzdvSGhpOXhLT2xvN0NjZz09,CARNEGIE,M,1991,PS,IRE,carnegie ire m.ps. 3 a.,1994
227,R3kwbmR3ZnRKYlpjR2NuOG5OcmJ4UT09,APPLE TREE,M,1989,PS,FR,apple tree  m.ps. 5 a.,1994
228,KzhDK2dKUjVJM0p2eUw1VFUvT0ZSQT09,LANDO,M,1990,PS,GER,lando ger m.ps. 4 a.,1994
229,WXNMTFRrS3h2Z3paQWNEb1RMTUh6Zz09,MILLKOM,M,1991,PS,GB,millkom gb m.ps. 3 a.,1994
230,ZlFKRTluczZqT3pRdEdVOTZTVFFQZz09,KING'S THEATRE,M,1991,PS,IRE,king's theatre ire m.ps. 3 a.,1994
231,ZC83a3A2aGhuamwySzFzc3BXdG5Pdz09,BIG TOBIN,M,1989,PS,ITY,big tobin ity m.ps. 5 a.,1994
232,MWFpNGd0NUlONzVmNFJXTnZtUWZNQT09,BROADWAY FLYER,M,1991,PS,USA,broadway flyer usa m.ps. 3 a.,1994
233,VHdMRTIwSU5ob1NRRkgzK2dSUHJ0dz09,CELTIC ARMS,M,1991,PS,FR,celtic arms  m.ps.+,1994
234,K3o3Y1FXOGprcU8zL3RsRi8rUDU5Zz09,MUCH BETTER,M,1989,PS,BRZ,much better brz m.ps. 5 a.,1994
235,bUlBamI5VHo0ajdiR2cvMGVUc2M4Zz09,RICHARD OF YORK,M,1990,PS,GB,richard of york gb m.ps. 4 a.,1994
236,Q1QwZzNuaU9RSFFwdENWR2RlR1R2dz09,SIERRA MADRE,F,1991,PS,FR,sierra madre  f.ps. 3 a.,1994
237,MVR3S3I5dlArdUFoeU5HUy92cnI3dz09,TRULY A DREAM,F,1991,PS,IRE,truly a dream ire f.ps. 3 a.,1994
238,ckY1NENrK295WjZodi9ZOVFBWjhVZz09,DALAKHANI,M,2000,PS,IRE,dalakhani ire m.ps.+,2003
239,YjZpZDB0a1NCSGZsSjViT0RnUXNSZz09,HIGH CHAPARRAL,M,1999,PS,IRE,high chaparral ire m.ps. 4 a.,2003
240,NlJrb3dlZE1weW9WdEFNQjZEdmZudz09,DOYEN,M,2000,PS,IRE,doyen ire m.ps. 3 a.,2003
241,VDJ1VEd0bmJWWmw4Q2pBVTd1R0hCUT09,VINNIE ROE,M,1998,PS,IRE,vinnie roe ire m.ps. 5 a.,2003
242,eW9wL1M0ajNpYjhGTkRXb2RXNWx4Zz09,BLACK SAM BELLAMY,M,1999,PS,IRE,black sam bellamy ire m.ps. 4 a.,2003
243,VnhJSU9ycWpRK2NlZ0hBWktFZG9rZz09,DAI JIN,M,2000,PS,GB,dai jin gb m.ps. 3 a.,2003
244,Nyt6Z0J5ei96T21VMFdEc3F5RUsyZz09,BOLLIN ERIC,M,1999,PS,GB,bollin eric gb m.ps. 4 a.,2003
245,ZXdFYVpzSTA1aG9xWko4U0tNTUpNUT09,ANGE GABRIEL,M,1998,PS,FR,ange gabriel  m.ps. 5 a.,2003
246,VHBBQW5GSkhiWkNXaER1cEFYd1Jadz09,POLICY MAKER,M,2000,PS,IRE,policy maker (ire) m.ps. 3 a.,2003
247,dW05aEZtVHNwbEVzSkNsblZ0UWFDdz09,FIRST CHARTER,M,1999,PS,GB,first charter gb m.ps. 4 a.,2003
248,OEhmVHZTSFBtZ3hoeFBRSktGWTNoQT09,DIYAPOUR,H,2000,PS,FR,DIYAPOUR  H.PS.+,2003
249,cTBPNGc4VW10WnRzT3FYNld2RGNmUT09,KRIS KIN,M,2000,PS,USA,kris kin usa m.ps. 3 a.,2003
250,cldpOTRyUFpIeTNTdlNFZzJGTXNPZz09,FONTANESI,M,2000,PS,IRE,FONTANESI,2003
251,Q09vZGtmR2t2T1Q5UHIvNldWVTNkZz09,MARIENBARD,M,1997,PS,IRE,marienbard ire m.ps. 5 a.,2002
252,bks5ejRHSWhPa3o0R2pPY3MzR3lnQT09,SULAMANI,M,1999,PS,IRE,sulamani (ire) m.ps. 3 a.,2002
253,YkZpSkE2Z29lWFVLdTZJTmZaSzJ5dz09,CALIFET,M,1998,PS,FR,califet  m.ps. 4 a.,2002
254,QjZ0UVJQeU5nemVUcUkxMnBDZk1TUT09,ISLINGTON,F,1999,PS,IRE,islington ire f.ps. 3 a.,2002
255,Y2s5ZWxMbTd0SGo3TU1SejBhRUhHdz09,AQUARELLISTE,F,1998,PS,FR,aquarelliste  f.ps. 4 a.,2002
256,TDZWWU5GekZ4dWRDVzVobkh4Mk0xUT09,ANABAA BLUE,M,1998,PS,GB,anabaa blue (gb) m.ps. 4 a.,2002
257,RWNDQk00cG02VnVyMzVRaHFmS3RtZz09,FAIR MIX,M,1998,PS,IRE,fair mix (ire) m.ps. 4 a.,2002
258,aE1odW1mRzZGcXRhN3NyZTZ5VXZkUT09,FALBRAV,M,1998,PS,IRE,falbrav ire m.ps. 4 a.,2002
259,ZlA4aUpVd3Q1TitUaCtpellFMEdndz09,BOREAL,M,1998,PS,GER,boreal ger m.ps. 4 a.,2002
260,ZzZtNWwyQzk1TytwNHJlUGxLUzNDZz09,FOUNDATION SPIRIT,M,1998,PS,FR,foundation spirit  m.ps. 4 a.,2002
261,UUpzcTgxS05zWSs3Mi9vUVVoR252dz09,SENSIBLE,M,1998,PS,FR,sensible  m.ps. 4 a.,2002
262,TWZ4T3dBcGptelhUbktJTkNjSS9Qdz09,MANHATTAN CAFE,M,1998,PS,JPN,manhattan cafe jpn m.ps. 4 a.,2002
263,VDJXUjNCTXkwZTlOL0liQU5JV0padz09,ASIAN HEIGHTS,M,1998,PS,GB,asian heights gb m.ps. 4 a.,2002
264,S0Iza3YvSXpueEtNOWpPWjZPZGFUdz09,ANA MARIE,F,1999,PS,FR,ana marie  f.ps. 3 a.,2002
265,d3ZkNDdhdEIwU291cEMydDdRc3NqQT09,LAMMTARRA,M,1992,PS,USA,lammtarra usa m.ps. 3 a.,1995
266,OWlHaU9CYlJPeXVITy84SHFDeWlvZz09,FREEDOM CRY,M,1991,PS,GB,freedom cry gb m.ps. 4 a.,1995
267,UGROVTFmRkRDbjhORkYwbk5ObzdlQT09,PURE GRAIN,F,1992,PS,GB,pure grain gb f.ps. 3 a.,1995
268,THBkV2VycFhzbGI5emwrR1dwa1k0QT09,PARTIPRAL,M,1989,PS,USA,partipral (usa) m.ps. 6 a.,1995
269,RkY3Uzg1TCt1TDkwTDVMWUM2a2VkZz09,GUNBOAT DIPLOMACY,M,1991,PS,FR,gunboat diplomacy  m.ps.+,1995
270,RTI1djZ1UDBmOFdmL3Npc3VCKzYxZz09,CARLING,F,1992,PS,FR,carling  f.ps. 3 a.,1995
271,TE5RWXhVWGZtZDRIQU5hcGFCaVFrUT09,BALANCHINE,F,1991,PS,USA,balanchine usa f.ps. 4 a.,1995
272,c2p5TFNQcW5Hc0dyeVZQcWhoZVB4Zz09,STRATEGIC CHOICE,M,1991,PS,USA,strategic choice usa m.ps. 4 a.,1995
273,NGI3dlJia3phMkVScElneitxdUJrdz09,TOT OU TARD,M,1990,PS,IRE,tot ou tard ire m.ps.+,1995
274,aEg4VDB3RUYzRlJpT3BHaDR0d1NPZz09,EL SEMBRADOR,M,1991,PS,ARG,el sembrador arg m.ps. 4 a.,1995
275,bEhsakV6TzBxb1cxU3RkZ01mT2pxZz09,SUNRISE SONG,F,1991,PS,FR,sunrise song  f.ps. 4 a.,1995
276,bFZ2Y2I2NXRMcXk0ZDRtQWhaUlpGdz09,LUSO,M,1992,PS,GB,luso gb m.ps. 3 a.,1995
277,NWU3UHRoSzVvOW5nSExYb1NTbkxVUT09,EL TENOR,M,1992,PS,FR,el tenor  m.ps. 3 a.,1995
278,VkNNTVc2bnJoWTg2dHVjMEFoWnU2dz09,OUIJA BOARD,F,2001,PS,GB,ouija board gb f.ps. 3 a.,2004
279,b0dKWDZVMkZSTlN0Z1B2VzNwTXBkUT09,ACROPOLIS,M,2001,PS,IRE,acropolis ire m.ps. 3 a.,2004
280,amMwaThOQUlmMFM0TXIra2RoVVVCUT09,NORTH LIGHT,M,2001,PS,IRE,north light ire m.ps. 3 a.,2004
281,NDFzWTc1WThONWp3a3BwbjY4VEg0dz09,VALLEE ENCHANTEE,F,2000,PS,IRE,vallee enchantee (ire) f.ps. 4 a.,2004
282,cWo2SFE1QTN4MzFMcVdlMjN6cjUydz09,LATICE,F,2001,PS,IRE,latice (ire) f.ps. 3 a.,2004
283,OTYrL3Vpbmo4S3lIRGt4SFdBVHpyUT09,SILVERSKAYA,F,2001,PS,USA,silverskaya usa f.ps. 3 a.,2004
284,VUUzclVzRngwQko4UTZaUmRlWVg4QT09,VALIXIR,M,2001,PS,IRE,valixir (ire) m.ps. 3 a.,2004
285,YnpYWDJsQVM2RSswb0UvTHFKVTVpZz09,EXECUTE,M,1997,PS,FR,execute  m.ps. 7 a.,2004
286,WG9sVXNvd0VkOWpyQkxVWXV3TVlzUT09,MAMOOL,M,1999,PS,IRE,mamool ire m.ps. 5 a.,2004
287,UlJ6SXpEQmRNV2JaMTFYMUR4NEZDZz09,IMPERIAL DANCER,M,1998,PS,GB,imperial dancer gb m.ps. 6 a.,2004
288,T21PQ0x0TzdNUEdMTHZ2OEJ2QU5PUT09,TAP DANCE CITY,M,1997,PS,USA,tap dance city usa m.ps. 7 a.,2004
289,ajJjK0p0ODcvYUI5UkhBZkRLSGZVUT09,BLUE CANARI,M,2001,PS,FR,blue canari  m.ps. 3 a.,2004
290,ZVd6ZVNDVXZCSWdmVnB0U3NLSVFvQT09,GREY SWALLOW,M,2001,PS,IRE,grey swallow ire m.ps. 3 a.,2004
291,M1ZYWVMzZ092SC9aUEV4Rm9yaTNkUT09,PROSPECT PARK,M,2001,PS,GB,prospect park (gb) m.ps. 3 a.,2004
292,RXVXVUZDNTBmcW80a1lCNFBpa3Qwdz09,WORKFORCE,M,2007,PS,GB,workforce gb m.ps. 3 a.,2010
293,L0tOWlRjUkdkbWttb3FXeXhpVktzZz09,NAKAYAMA FESTA,M,2006,PS,JPN,nakayama festa jpn m.ps. 4 a.,2010
294,aXFKbGxtY2wzeEU3Zno4SFFSTVhhZz09,SARAFINA,F,2007,PS,FR,sarafina  f.ps. 3 a.,2010
295,MUFIbDcwdEM1TWVuQXBnckRKL3EvZz09,BEHKABAD,M,2007,PS,FR,behkabad  m.ps. 3 a.,2010
296,NFVobmo3Zm4zNFZ5VHhzOGFXWkJtUT09,MARINOUS,M,2006,PS,FR,marinous  m.ps. 4 a.,2010
297,MnRZSnpld2dENHZCQlpydS9RZkRZZz09,VICTOIRE PISA,M,2007,PS,JPN,victoire pisa jpn m.ps. 3 a.,2010
298,dVd3OUVvWCtrdnFxcVVyMWRWNHNmdz09,LIANG KAY,M,2005,PS,GER,liang kay ger m.ps. 5 a.,2010
299,SDl5SnR4Rmd6V3oyV0dFNVVTMkcxQT09,POUVOIR ABSOLU,M,2005,PS,GB,pouvoir absolu (gb) m.ps. 5 a.,2010
300,cWNmWU43djZIbDhsSVhzQ3BrWlJ1UT09,WIENER WALZER,M,2006,PS,GER,wiener walzer ger m.ps. 4 a.,2010
301,N3pWTlNoMTFVRXd3R3hiVHV4SjVEdz09,TIMOS,M,2005,PS,GER,timos ger m.ps. 5 a.,2010
302,ME03Q3ZUVFNjN09uSjc2anZVOUdqdz09,DUNCAN,M,2005,PS,GB,duncan gb m.ps. 5 a.,2010
303,R1pOYmw0WDNHVEN5Vk1ZcXpJMVozUT09,PLUMANIA,F,2006,PS,GB,plumania (gb) f.ps. 4 a.,2010
304,OUJEVm4yNXZYaDdFZFEvY1JudlZiUT09,CAPE BLANCO,M,2007,PS,IRE,cape blanco ire m.ps. 3 a.,2010
305,eTRZem96TFdpWjd0SXNHWU92R1h5Zz09,LOPE DE VEGA,M,2007,PS,IRE,lope de vega ire m.ps. 3 a.,2010
306,dVl6cnIxd1ZTSlg0TVZJK0g4QnVKZz09,MIDAS TOUCH,M,2007,PS,GB,midas touch gb m.ps. 3 a.,2010
307,eEhRbUt5dzMvaHNCVGVUM01xL1JMQT09,PLANTEUR,M,2007,PS,IRE,planteur (ire) m.ps. 3 a.,2010
308,Vmx6VGluUndKMzd2TDZZTnJpWHIwQT09,DANEDREAM,F,2008,PS,GER,danedream ger f.ps. 3 a.,2011
309,aEI5WHVyaVVDWGtHZExZWjlOUnBZZz09,SNOW FAIRY,F,2007,PS,IRE,snow fairy ire f.ps. 4 a.,2011
310,bHVNbFlaeFJTRWhPc3NLeksvSSswQT09,SO YOU THINK,M,2006,PS,NZ,so you think nz m.ps. 5 a.,2011
311,QzNZVWIrMnp1SmI5ZTFkMGd3NmlOdz09,SILVER POND,M,2007,PS,FR,silver pond  m.ps. 4 a.,2011
312,Vmo0cmJtL052cGU0aW4xUVVPNEV4dz09,GALIKOVA,F,2008,PS,FR,galikova  f.ps. 3 a.,2011
313,R1hVbXF5bW9rT2ZlK3YxSGU1NmlnZz09,HIRUNO D'AMOUR,M,2007,PS,JPN,hiruno d'amour jpn m.ps. 4 a.,2011
314,TjA5WmVBelpYQnRiSXhBS0Fyck1GUT09,TREASURE BEACH,M,2008,PS,GB,treasure beach gb m.ps. 3 a.,2011
315,NjZwRGF3YmhNc2pKbjZ0RTlTSC9IZz09,MASKED MARVEL,M,2008,PS,GB,masked marvel gb m.ps. 3 a.,2011
316,YkRwb2FOSTN4RktyWFJ3K1dLckVCZz09,RELIABLE MAN,M,2008,PS,GB,reliable man (gb) m.ps. 3 a.,2011
317,M28yQnU3bHkvTy9DYUROOUxKL0hCQT09,TESTOSTERONE,F,2008,PS,IRE,testosterone (ire) f.ps. 3 a.,2011
318,dFdtYXAvbk1SMUxyOHI0L1R5U1NpQT09,SAKHEE,M,1997,PS,USA,sakhee usa m.ps. 4 a.,2001
319,VG45RTdmYTlwV3U1ZnV6T0dLdDhaUT09,SAGACITY,M,1998,PS,FR,sagacity  m.ps. 3 a.,2001
320,Mjh1UWtDdXVuTnBveHBaZ0RWZ0FSZz09,GOLAN,M,1998,PS,IRE,golan ire m.ps. 3 a.,2001
321,WHdRd3MzcGk5RUtCU3paWFUxZ3F3UT09,MILAN,M,1998,PS,GB,milan gb m.ps. 3 a.,2001
322,bjN0NkdZMm0xRk5xWHgralpGQmh6Zz09,LITTLE ROCK,M,1996,PS,GB,little rock gb m.ps.+,2001
323,SUVEMTFjeEQ4bTA4cEV4MEJpV2ZuUT09,FOREIGN AFFAIRS,M,1998,PS,GB,foreign affairs gb m.ps. 3 a.,2001
324,KzdsQ3UySnp2cUQremRBRFkzeWtWQT09,CHIMES AT MIDNIGHT,M,1997,PS,USA,chimes at midnight usa m.ps. 4 a.,2001
325,bXRyQWFlNHVYbEVFK1FCSms3QWdtQT09,ANZILLERO,M,1997,PS,GER,anzillero ger m.ps.+,2001
326,NC9RNFdUenRDdDlWeldIV1JBK0twZz09,HOLDING COURT,M,1997,PS,GB,holding court gb m.ps. 4 a.,2001
327,d0Z1Y0VKZ3pMTEV4ZXdzTG1tem94QT09,IDAHO QUEST,M,1997,PS,GB,idaho quest gb m.ps. 4 a.,2001
328,dThvdkVybk85bHlNd0FTd3J0eWROUT09,HONORIFIQUE,F,1997,PS,FR,honorifique  f.ps. 4 a.,2001
329,bWdOTHR3eHZLODVDRHh2VUdOYU5GQT09,SADDLER'S CREEK,M,1998,PS,USA,SADDLER'S CREEK USA M.PS. 3 a.,2001
330,MDJkV1FKMlNyNnd2dDl0QWdISjB5dz09,DIAMILINA,F,1998,PS,FR,diamilina  f.ps. 3 a.,2001
331,dlFLNFhzN2c3WStrNWd3a090Zy9pQT09,SOFT LIGHT,M,2016,PS,FR,soft light  m.ps. 3 a.,2019
332,RGpqVzFISThLazdkQm1zRVFKaDJuUT09,KISEKI,M,2014,PS,JPN,kiseki jpn m.ps. 5 a.,2019
333,bEZ1Zko4L2lMSG40aHRaa3owaVB4Zz09,NAGANO GOLD,M,2014,PS,GB,nagano gold gb m.ps. 5 a.,2019
334,bUZEU1hQSjJkbXFqNDBtcGhSSVFydz09,FRENCH KING,M,2015,PS,GB,french king (gb) m.ps. 4 a.,2019
335,OEVXa3VKb1gwRzVtenBOdkFVdjJBZz09,GHAIYYATH,M,2015,PS,IRE,ghaiyyath ire m.ps. 4 a.,2019
336,bytINmx4MVZBT3Z1cGlVTTEzYUlTQT09,BLAST ONEPIECE,M,2015,PS,JPN,blast onepiece jpn m.ps. 4 a.,2019
337,cTI2WHFvOXhGY0pXUmJCSDBpRWgyQT09,FIEREMENT,M,2015,PS,JPN,fierement jpn m.ps. 4 a.,2019
338,cEZDR25PdjRiTEk2OUlsVmgvS1VHQT09,EL CONDOR PASA,M,1995,PS,USA,el condor pasa usa m.ps. 4 a.,1999
339,b1FicmRzR2x5dFVEd2JrVi9ERW1nQT09,CROCO ROUGE,M,1995,PS,IRE,croco rouge ire m.ps. 4 a.,1999
340,a2d4UWRmNmlEL3lKWEExeGZMY2ROZz09,LEGGERA,F,1995,PS,IRE,leggera ire f.ps. 4 a.,1999
341,KzF6Y3V2TDE4YTUwS054TEJjWC83Zz09,TIGER HILL,M,1995,PS,IRE,tiger hill ire m.ps. 4 a.,1999
342,S1V3bDJ3elR2M28vODRMckRuczVZQT09,GREEK DANCE,M,1995,PS,IRE,greek dance ire m.ps. 4 a.,1999
343,K2wvMS8vK3RBcThtYW55RVQ5ckVDUT09,DAYLAMI,M,1994,PS,IRE,daylami ire m.ps. 5 a.,1999
344,cWczYkxoRXhVS0JtamoxOE9xM0FPQT09,ALBARAN,M,1993,PS,GER,albaran ger m.ps. 6 a.,1999
345,TE5HN1AwZGpoU05FNlhZS1RwMEN2UT09,FANTASTIC LIGHT,M,1996,PS,USA,fantastic light usa m.ps. 3 a.,1999
346,ZTVNYng4K3JFMHQrYVZrTmFDdFl3dz09,GENGHIS KHAN,M,1996,PS,IRE,GENGHIS KHAN IRE M.PS. 3 a.,1999
347,cit6d2drLzlXUjZlWjJpQ2pTemJwUT09,DARYABA,F,1996,PS,IRE,daryaba ire f.ps. 3 a.,1999
348,YUdaZEZBU0JGeXJxZlBNSkMycmY0dz09,FLAMINGO ROAD,F,1996,PS,GER,flamingo road ger f.ps. 3 a.,1999
349,eko4SkZmckJnYkRIcDlrdlUxZEQzdz09,CERULEAN SKY,F,1996,PS,IRE,cerulean sky ire f.ps. 3 a.,1999
350,NS9GM3M5SEFXNjJrSjI0aUl2RzluQT09,SAGAMIX,M,1995,PS,FR,sagamix  m.ps. 3 a.,1998
351,YXBUWDVLZ3ovVDlkU3BCRnpWK0tOdz09,CAITANO,M,1994,PS,GB,caitano gb m.ps. 4 a.,1998
352,UTFsekZtRUQ4TnNRTW4rck0zU1Zwdz09,FRAGRANT MIX,M,1994,PS,IRE,fragrant mix (ire) m.ps.+,1998
353,RXhxU0k1a0ZVWVVyT0RSRWYrcG5sUT09,HIGH RISE,M,1995,PS,IRE,high rise ire m.ps. 3 a.,1998
354,MFdUQ2dKK2VRN1NEN1ZZVDFmMkpXUT09,HAPPY VALENTINE,M,1994,PS,GB,happy valentine gb m.ps. 4 a.,1998
355,MlNxdkxLaTV6dm5WcWF2QnNpWHBrUT09,LIMPID,M,1995,PS,GB,limpid gb m.ps. 3 a.,1998
356,WU53WFJRTlpydk1XOTBPR2pUNzVPZz09,SEA WAVE,M,1995,PS,IRE,sea wave ire m.ps. 3 a.,1998
357,SzlTc1FMTk5YODJpTUtITG4rdUY2QT09,DREAM WELL,M,1995,PS,FR,dream well  m.ps. 3 a.,1998
358,Q2RLVEl6SWJacGVWNHVicG5nUmUvQT09,COURTEOUS,M,1995,PS,GB,courteous gb m.ps. 3 a.,1998
359,ZnhnRjBWWnlzdXI0alJhcEllNGMyQT09,ZAINTA,F,1995,PS,IRE,zainta ire f.ps.+,1998
360,YWNmUDA5eEQ3dFgyNElBa3B0MlRJQT09,ZARKAVA,F,2005,PS,IRE,zarkava ire f.ps. 3 a.,2008
361,MjlMSlBkbnpHN0NCNXZ3aklVbG5jQT09,IT'S GINO,M,2003,PS,GER,it's gino ger m.ps. 5 a.,2008
362,TUlnUHpYTm15RUo2Q2NVSjFqU0pDUT09,ASK,M,2003,PS,GB,ask gb m.ps. 5 a.,2008
363,NUd5ZTFPNUQwNmp4OGlsY0hwOVliQT09,DUKE OF MARMALADE,M,2004,PS,IRE,duke of marmalade ire m.ps. 4 a.,2008
364,aUtYaVhKMkJzQzFEblB5Q0NsU09hZz09,CIMA DE TRIOMPHE,M,2005,PS,IRE,cima de triomphe ire m.ps. 3 a.,2008
365,czMzdVMvOTdNaTU4V1cvaHFUeU5kZz09,MEISHO SAMSON,M,2003,PS,JPN,meisho samson jpn m.ps. 5 a.,2008
366,RytjT25OdVpEVlhBbHFFYzBUdXAyQT09,SCHIAPARELLI,M,2003,PS,GER,schiaparelli ger m.ps. 5 a.,2008
367,OHRGVnJJcVBuaExzMGxtQld4ckRJQT09,PAPAL BULL,M,2003,PS,GB,papal bull gb m.ps. 5 a.,2008
368,VERWUENCaGRhQUNZY1drMjdFNEJtZz09,RED ROCK CANYON,M,2004,PS,IRE,red rock canyon ire m.ps. 4 a.,2008
369,cE5mVGNibzZ2UDF3NjV2cGZ1a1VvUT09,KAMSIN,M,2005,PS,GER,kamsin ger m.ps. 3 a.,2008
370,bXN4Y3dmQ1FiOFpPUEU5TU1ZV2xRZz09,BLUE BRESIL,M,2005,PS,FR,blue bresil  m.ps. 3 a.,2008
